solid OpenSCAD_Model
  facet normal 0 0 -1
    outer loop
      vertex -49.481272742152214 -38.94041986018419 70
      vertex -49.706339098513126 -38.354101963341236 70
      vertex -44.384636628012856 -38.30957306135754 70
    endloop
  endfacet
  facet normal 0 0 -1
    outer loop
      vertex -49.706339098513126 -38.354101963341236 70
      vertex -49.86888560652733 -37.747470147907734 70
      vertex -45.37481792713318 -37.737891621763886 70
    endloop
  endfacet
  facet normal 0 0 -1
    outer loop
      vertex -49.86888560652733 -37.747470147907734 70
      vertex -45.49668143959365 -37.587402716741074 70
      vertex -45.37481792713318 -37.737891621763886 70
    endloop
  endfacet
  facet normal 0 0 -1
    outer loop
      vertex -49.86888560652733 -37.747470147907734 70
      vertex -45.60214699700121 -37.425 70
      vertex -45.49668143959365 -37.587402716741074 70
    endloop
  endfacet
  facet normal 0 0 -1
    outer loop
      vertex -49.86888560652733 -37.747470147907734 70
      vertex -45.759454555146036 -37.071681439593654 70
      vertex -45.69005909663881 -37.25246278969023 70
    endloop
  endfacet
  facet normal 0 0 -1
    outer loop
      vertex -49.86888560652733 -37.747470147907734 70
      vertex -45.80957306135754 -36.884636628012856 70
      vertex -45.759454555146036 -37.071681439593654 70
    endloop
  endfacet
  facet normal 0 0 -1
    outer loop
      vertex -49.86888560652733 -37.747470147907734 70
      vertex -45.69005909663881 -37.25246278969023 70
      vertex -45.60214699700121 -37.425 70
    endloop
  endfacet
  facet normal 0 0 -1
    outer loop
      vertex -48.45886895060539 -40.51478363573551 70
      vertex -48.854101963341236 -40.02671151608229 70
      vertex -37.75786980241537 -39.943151369690895 70
    endloop
  endfacet
  facet normal 0 0 -1
    outer loop
      vertex -48.45886895060539 -40.51478363573551 70
      vertex -36.775124438107014 -40.40704641491175 70
      vertex -48.01478363573551 -40.95886895060539 70
    endloop
  endfacet
  facet normal 0 0 -1
    outer loop
      vertex -48.854101963341236 -40.02671151608229 70
      vertex -49.19615242630243 -39.5 70
      vertex -38.451560601592064 -39.43915545940399 70
    endloop
  endfacet
  facet normal 0 0 -1
    outer loop
      vertex -49.481272742152214 -38.94041986018419 70
      vertex -38.99881947040558 -38.89189654588699 70
      vertex -49.19615242630243 -39.5 70
    endloop
  endfacet
  facet normal 0 0 -1
    outer loop
      vertex -49.481272742152214 -38.94041986018419 70
      vertex -44.384636628012856 -38.30957306135754 70
      vertex -44.19337765704516 -38.33986550643131 70
    endloop
  endfacet
  facet normal 0 0 -1
    outer loop
      vertex -49.706339098513126 -38.354101963341236 70
      vertex -45.37481792713318 -37.737891621763886 70
      vertex -45.237891621763886 -37.87481792713318 70
    endloop
  endfacet
  facet normal 0 0 -1
    outer loop
      vertex -49.706339098513126 -38.354101963341236 70
      vertex -45.237891621763886 -37.87481792713318 70
      vertex -45.087402716741074 -37.99668143959365 70
    endloop
  endfacet
  facet normal 0 0 -1
    outer loop
      vertex -49.706339098513126 -38.354101963341236 70
      vertex -45.087402716741074 -37.99668143959365 70
      vertex -44.925 -38.10214699700121 70
    endloop
  endfacet
  facet normal 0 0 -1
    outer loop
      vertex -49.706339098513126 -38.354101963341236 70
      vertex -44.925 -38.10214699700121 70
      vertex -44.75246278969023 -38.19005909663881 70
    endloop
  endfacet
  facet normal 0 0 -1
    outer loop
      vertex -49.706339098513126 -38.354101963341236 70
      vertex -44.75246278969023 -38.19005909663881 70
      vertex -44.571681439593654 -38.259454555146036 70
    endloop
  endfacet
  facet normal 0 0 -1
    outer loop
      vertex -49.706339098513126 -38.354101963341236 70
      vertex -44.571681439593654 -38.259454555146036 70
      vertex -44.384636628012856 -38.30957306135754 70
    endloop
  endfacet
  facet normal 0 0 -1
    outer loop
      vertex -49.481272742152214 -38.94041986018419 70
      vertex -44.19337765704516 -38.33986550643131 70
      vertex -38.99881947040558 -38.89189654588699 70
    endloop
  endfacet
  facet normal 0 0 -1
    outer loop
      vertex -49.86888560652733 -37.747470147907734 70
      vertex -49.9671313688159 -37.12717077881098 70
      vertex -43.6211738884449 -32.72095795720816 70
    endloop
  endfacet
  facet normal 0 0 -1
    outer loop
      vertex -49.86888560652733 -37.747470147907734 70
      vertex -45.83986550643131 -36.69337765704516 70
      vertex -45.80957306135754 -36.884636628012856 70
    endloop
  endfacet
  facet normal 0 0 -1
    outer loop
      vertex -49.86888560652733 -37.747470147907734 70
      vertex -45.85 -36.5 70
      vertex -45.83986550643131 -36.69337765704516 70
    endloop
  endfacet
  facet normal 0 0 -1
    outer loop
      vertex -49.86888560652733 -37.747470147907734 70
      vertex -45.83986550643131 -36.30662234295484 70
      vertex -45.85 -36.5 70
    endloop
  endfacet
  facet normal 0 0 -1
    outer loop
      vertex -49.86888560652733 -37.747470147907734 70
      vertex -45.80957306135754 -36.115363371987144 70
      vertex -45.83986550643131 -36.30662234295484 70
    endloop
  endfacet
  facet normal 0 0 -1
    outer loop
      vertex -49.86888560652733 -37.747470147907734 70
      vertex -45.759454555146036 -35.928318560406346 70
      vertex -45.80957306135754 -36.115363371987144 70
    endloop
  endfacet
  facet normal 0 0 -1
    outer loop
      vertex -49.86888560652733 -37.747470147907734 70
      vertex -45.69005909663881 -35.74753721030977 70
      vertex -45.759454555146036 -35.928318560406346 70
    endloop
  endfacet
  facet normal 0 0 -1
    outer loop
      vertex -49.86888560652733 -37.747470147907734 70
      vertex -45.60214699700121 -35.575 70
      vertex -45.69005909663881 -35.74753721030977 70
    endloop
  endfacet
  facet normal 0 0 -1
    outer loop
      vertex -49.86888560652733 -37.747470147907734 70
      vertex -45.49668143959365 -35.412597283258926 70
      vertex -45.60214699700121 -35.575 70
    endloop
  endfacet
  facet normal 0 0 -1
    outer loop
      vertex -49.86888560652733 -37.747470147907734 70
      vertex -45.37481792713318 -35.262108378236114 70
      vertex -45.49668143959365 -35.412597283258926 70
    endloop
  endfacet
  facet normal 0 0 -1
    outer loop
      vertex -49.9671313688159 -37.12717077881098 70
      vertex -50 -36.5 70
      vertex -44.19313699007034 -32.61914337426424 70
    endloop
  endfacet
  facet normal 0 0 -1
    outer loop
      vertex -50 -36.5 70
      vertex -47.79451330751181 -29.568283177912235 70
      vertex -47.70085072517395 -29.778652772307396 70
    endloop
  endfacet
  facet normal 0 0 -1
    outer loop
      vertex -50 -36.5 70
      vertex -46.391896687448025 -31.49881934374571 70
      vertex -46.14786062389612 -31.69643585383892 70
    endloop
  endfacet
  facet normal 0 0 -1
    outer loop
      vertex -50 -36.5 70
      vertex -46.14786062389612 -31.69643585383892 70
      vertex -45.961561642587185 -31.83178998529911 70
    endloop
  endfacet
  facet normal 0 0 -1
    outer loop
      vertex -50 -36.5 70
      vertex -45.69820586591959 -32.00281522423029 70
      vertex -45.49877908825874 -32.117954321205616 70
    endloop
  endfacet
  facet normal 0 0 -1
    outer loop
      vertex -50 -36.5 70
      vertex -45.49877908825874 -32.117954321205616 70
      vertex -45.21898901462555 -32.2605144828558 70
    endloop
  endfacet
  facet normal 0 0 -1
    outer loop
      vertex -50 -36.5 70
      vertex -45.961561642587185 -31.83178998529911 70
      vertex -45.69820586591959 -32.00281522423029 70
    endloop
  endfacet
  facet normal 0 0 -1
    outer loop
      vertex -50 -36.5 70
      vertex -47.272126242518425 -30.52122537791729 70
      vertex -47.136772096157074 -30.70752438157797 70
    endloop
  endfacet
  facet normal 0 0 -1
    outer loop
      vertex -50 -36.5 70
      vertex -46.7850693911314 -31.122690491378307 70
      vertex -46.56302673369646 -31.344733148813248 70
    endloop
  endfacet
  facet normal 0 0 -1
    outer loop
      vertex -50 -36.5 70
      vertex -47.136772096157074 -30.70752438157797 70
      vertex -46.93915558606386 -30.95156044512987 70
    endloop
  endfacet
  facet normal 0 0 -1
    outer loop
      vertex -50 -36.5 70
      vertex -46.93915558606386 -30.95156044512987 70
      vertex -46.7850693911314 -31.122690491378307 70
    endloop
  endfacet
  facet normal 0 0 -1
    outer loop
      vertex -50 -36.5 70
      vertex -47.55829056352377 -30.05844284594059 70
      vertex -47.44315146654844 -30.257869623601437 70
    endloop
  endfacet
  facet normal 0 0 -1
    outer loop
      vertex -50 -36.5 70
      vertex -47.44315146654844 -30.257869623601437 70
      vertex -47.272126242518425 -30.52122537791729 70
    endloop
  endfacet
  facet normal 0 0 -1
    outer loop
      vertex -50 -36.5 70
      vertex -47.70085072517395 -29.778652772307396 70
      vertex -47.55829056352377 -30.05844284594059 70
    endloop
  endfacet
  facet normal 0 0 -1
    outer loop
      vertex -50 -36.5 70
      vertex -46.56302673369646 -31.344733148813248 70
      vertex -46.391896687448025 -31.49881934374571 70
    endloop
  endfacet
  facet normal 0 0 -1
    outer loop
      vertex -49.86888560652733 -37.747470147907734 70
      vertex -45.237891621763886 -35.12518207286682 70
      vertex -45.37481792713318 -35.262108378236114 70
    endloop
  endfacet
  facet normal 0 0 -1
    outer loop
      vertex -49.86888560652733 -37.747470147907734 70
      vertex -45.087402716741074 -35.00331856040635 70
      vertex -45.237891621763886 -35.12518207286682 70
    endloop
  endfacet
  facet normal 0 0 -1
    outer loop
      vertex -49.86888560652733 -37.747470147907734 70
      vertex -44.925 -34.89785300299879 70
      vertex -45.087402716741074 -35.00331856040635 70
    endloop
  endfacet
  facet normal 0 0 -1
    outer loop
      vertex -49.86888560652733 -37.747470147907734 70
      vertex -43.19040474295616 -32.791393756866455 70
      vertex -44.925 -34.89785300299879 70
    endloop
  endfacet
  facet normal 0 0 -1
    outer loop
      vertex -50 -36.5 70
      vertex -44.496452905237675 -32.53787011653185 70
      vertex -44.19313699007034 -32.61914337426424 70
    endloop
  endfacet
  facet normal 0 0 -1
    outer loop
      vertex -50 -36.5 70
      vertex -45.21898901462555 -32.2605144828558 70
      vertex -45.00861942023039 -32.35417706519365 70
    endloop
  endfacet
  facet normal 0 0 -1
    outer loop
      vertex -50 -36.5 70
      vertex -45.00861942023039 -32.35417706519365 70
      vertex -44.71546047925949 -32.46671023964882 70
    endloop
  endfacet
  facet normal 0 0 -1
    outer loop
      vertex -50 -36.5 70
      vertex -44.71546047925949 -32.46671023964882 70
      vertex -44.496452905237675 -32.53787011653185 70
    endloop
  endfacet
  facet normal 0 0 -1
    outer loop
      vertex -49.9671313688159 -37.12717077881098 70
      vertex -44.19313699007034 -32.61914337426424 70
      vertex -43.96789092570543 -32.66702090203762 70
    endloop
  endfacet
  facet normal 0 0 -1
    outer loop
      vertex -49.9671313688159 -37.12717077881098 70
      vertex -43.96789092570543 -32.66702090203762 70
      vertex -43.657741360366344 -32.716143772006035 70
    endloop
  endfacet
  facet normal 0 0 -1
    outer loop
      vertex -49.9671313688159 -37.12717077881098 70
      vertex -43.657741360366344 -32.716143772006035 70
      vertex -43.6211738884449 -32.72095795720816 70
    endloop
  endfacet
  facet normal 0 0 -1
    outer loop
      vertex -49.86888560652733 -37.747470147907734 70
      vertex -43.6211738884449 -32.72095795720816 70
      vertex -43.23117606341839 -32.78272754698992 70
    endloop
  endfacet
  facet normal 0 0 -1
    outer loop
      vertex -49.86888560652733 -37.747470147907734 70
      vertex -43.23117606341839 -32.78272754698992 70
      vertex -43.19040474295616 -32.791393756866455 70
    endloop
  endfacet
  facet normal 0 0 -1
    outer loop
      vertex -43.19040474295616 -32.791393756866455 70
      vertex -44.75246278969023 -34.80994090336119 70
      vertex -44.925 -34.89785300299879 70
    endloop
  endfacet
  facet normal 0 0 -1
    outer loop
      vertex -43.19040474295616 -32.791393756866455 70
      vertex -44.571681439593654 -34.740545444853964 70
      vertex -44.75246278969023 -34.80994090336119 70
    endloop
  endfacet
  facet normal 0 0 -1
    outer loop
      vertex -43.19040474295616 -32.791393756866455 70
      vertex -44.384636628012856 -34.69042693864246 70
      vertex -44.571681439593654 -34.740545444853964 70
    endloop
  endfacet
  facet normal 0 0 -1
    outer loop
      vertex -43.19040474295616 -32.791393756866455 70
      vertex -44.19337765704516 -34.66013449356869 70
      vertex -44.384636628012856 -34.69042693864246 70
    endloop
  endfacet
  facet normal 0 0 -1
    outer loop
      vertex -43.19040474295616 -32.791393756866455 70
      vertex -44 -34.65 70
      vertex -44.19337765704516 -34.66013449356869 70
    endloop
  endfacet
  facet normal 0 0 -1
    outer loop
      vertex -48.854101963341236 -40.02671151608229 70
      vertex -38.021225556731224 -39.772126130759716 70
      vertex -37.75786980241537 -39.943151369690895 70
    endloop
  endfacet
  facet normal 0 0 -1
    outer loop
      vertex -48.45886895060539 -40.51478363573551 70
      vertex -37.558443017303944 -40.05829048156738 70
      vertex -37.27865295112133 -40.200850650668144 70
    endloop
  endfacet
  facet normal 0 0 -1
    outer loop
      vertex -48.45886895060539 -40.51478363573551 70
      vertex -37.75786980241537 -39.943151369690895 70
      vertex -37.558443017303944 -40.05829048156738 70
    endloop
  endfacet
  facet normal 0 0 -1
    outer loop
      vertex -48.45886895060539 -40.51478363573551 70
      vertex -37.27865295112133 -40.200850650668144 70
      vertex -37.06828337907791 -40.29451322555542 70
    endloop
  endfacet
  facet normal 0 0 -1
    outer loop
      vertex -48.45886895060539 -40.51478363573551 70
      vertex -37.06828337907791 -40.29451322555542 70
      vertex -36.775124438107014 -40.40704641491175 70
    endloop
  endfacet
  facet normal 0 0 -1
    outer loop
      vertex -49.19615242630243 -39.5 70
      vertex -38.84473331272602 -39.06302657723427 70
      vertex -38.62269067019224 -39.28506924211979 70
    endloop
  endfacet
  facet normal 0 0 -1
    outer loop
      vertex -49.19615242630243 -39.5 70
      vertex -38.99881947040558 -38.89189654588699 70
      vertex -38.84473331272602 -39.06302657723427 70
    endloop
  endfacet
  facet normal 0 0 -1
    outer loop
      vertex -38.99881947040558 -38.89189654588699 70
      vertex -44.19337765704516 -38.33986550643131 70
      vertex -44 -38.35 70
    endloop
  endfacet
  facet normal 0 0 -1
    outer loop
      vertex -38.99881947040558 -38.89189654588699 70
      vertex -44 -38.35 70
      vertex -43.80662234295484 -38.33986550643131 70
    endloop
  endfacet
  facet normal 0 0 -1
    outer loop
      vertex -48.854101963341236 -40.02671151608229 70
      vertex -38.451560601592064 -39.43915545940399 70
      vertex -38.20752454549074 -39.636771976947784 70
    endloop
  endfacet
  facet normal 0 0 -1
    outer loop
      vertex -49.19615242630243 -39.5 70
      vertex -38.62269067019224 -39.28506924211979 70
      vertex -38.451560601592064 -39.43915545940399 70
    endloop
  endfacet
  facet normal 0 0 -1
    outer loop
      vertex -48.854101963341236 -40.02671151608229 70
      vertex -38.20752454549074 -39.636771976947784 70
      vertex -38.021225556731224 -39.772126130759716 70
    endloop
  endfacet
  facet normal 0 0 -1
    outer loop
      vertex -38.99881947040558 -38.89189654588699 70
      vertex -43.80662234295484 -38.33986550643131 70
      vertex -43.615363371987144 -38.30957306135754 70
    endloop
  endfacet
  facet normal 0 0 -1
    outer loop
      vertex -43.428318560406346 -38.259454555146036 70
      vertex -38.99881947040558 -38.89189654588699 70
      vertex -43.615363371987144 -38.30957306135754 70
    endloop
  endfacet
  facet normal 0 0 -1
    outer loop
      vertex -39.33179011195898 -38.46156147122383 70
      vertex -43.428318560406346 -38.259454555146036 70
      vertex -43.24753721030977 -38.19005909663881 70
    endloop
  endfacet
  facet normal 0 0 -1
    outer loop
      vertex -39.50281532853842 -38.1982057094574 70
      vertex -43.24753721030977 -38.19005909663881 70
      vertex -43.075 -38.10214699700121 70
    endloop
  endfacet
  facet normal 0 0 -1
    outer loop
      vertex -39.50281532853842 -38.1982057094574 70
      vertex -43.075 -38.10214699700121 70
      vertex -42.912597283258926 -37.99668143959365 70
    endloop
  endfacet
  facet normal 0 0 -1
    outer loop
      vertex -39.50281532853842 -38.1982057094574 70
      vertex -42.912597283258926 -37.99668143959365 70
      vertex -42.762108378236114 -37.87481792713318 70
    endloop
  endfacet
  facet normal 0 0 -1
    outer loop
      vertex -39.50281532853842 -38.1982057094574 70
      vertex -42.762108378236114 -37.87481792713318 70
      vertex -42.62518207286682 -37.737891621763886 70
    endloop
  endfacet
  facet normal 0 0 -1
    outer loop
      vertex -42.50331856040635 -37.587402716741074 70
      vertex -39.617954447865486 -37.99877889454365 70
      vertex -42.62518207286682 -37.737891621763886 70
    endloop
  endfacet
  facet normal 0 0 -1
    outer loop
      vertex -39.760514594614506 -37.71898881345987 70
      vertex -42.50331856040635 -37.587402716741074 70
      vertex -42.39785300299879 -37.425 70
    endloop
  endfacet
  facet normal 0 0 -1
    outer loop
      vertex -42.30994090336119 -37.25246278969023 70
      vertex -39.85417713969946 -37.508619248867035 70
      vertex -42.39785300299879 -37.425 70
    endloop
  endfacet
  facet normal 0 0 -1
    outer loop
      vertex -43.428318560406346 -38.259454555146036 70
      vertex -39.33179011195898 -38.46156147122383 70
      vertex -39.19643598794937 -38.64786045998335 70
    endloop
  endfacet
  facet normal 0 0 -1
    outer loop
      vertex -39.33179011195898 -38.46156147122383 70
      vertex -43.24753721030977 -38.19005909663881 70
      vertex -39.50281532853842 -38.1982057094574 70
    endloop
  endfacet
  facet normal 0 0 -1
    outer loop
      vertex -42.50331856040635 -37.587402716741074 70
      vertex -39.760514594614506 -37.71898881345987 70
      vertex -39.617954447865486 -37.99877889454365 70
    endloop
  endfacet
  facet normal 0 0 -1
    outer loop
      vertex -39.760514594614506 -37.71898881345987 70
      vertex -42.39785300299879 -37.425 70
      vertex -39.85417713969946 -37.508619248867035 70
    endloop
  endfacet
  facet normal 0 0 -1
    outer loop
      vertex -42.30994090336119 -37.25246278969023 70
      vertex -39.966710314154625 -37.215460285544395 70
      vertex -39.85417713969946 -37.508619248867035 70
    endloop
  endfacet
  facet normal 0 0 -1
    outer loop
      vertex -48.01478363573551 -40.95886895060539 70
      vertex -36.775124438107014 -40.40704641491175 70
      vertex -36.556116834282875 -40.47820631414652 70
    endloop
  endfacet
  facet normal 0 0 -1
    outer loop
      vertex -48.01478363573551 -40.95886895060539 70
      vertex -36.556116834282875 -40.47820631414652 70
      vertex -36.252800926566124 -40.55947957932949 70
    endloop
  endfacet
  facet normal 0 0 -1
    outer loop
      vertex -48.01478363573551 -40.95886895060539 70
      vertex -36.252800926566124 -40.55947957932949 70
      vertex -36.02755483239889 -40.60735712200403 70
    endloop
  endfacet
  facet normal 0 0 -1
    outer loop
      vertex -48.01478363573551 -40.95886895060539 70
      vertex -36.02755483239889 -40.60735712200403 70
      vertex -35.717405155301094 -40.65648001432419 70
    endloop
  endfacet
  facet normal 0 0 -1
    outer loop
      vertex -48.01478363573551 -40.95886895060539 70
      vertex -35.717405155301094 -40.65648001432419 70
      vertex -35.48838846385479 -40.68055064231157 70
    endloop
  endfacet
  facet normal 0 0 -1
    outer loop
      vertex -48.01478363573551 -40.95886895060539 70
      vertex -35.48838846385479 -40.68055064231157 70
      vertex -35.17480307072401 -40.696984969079494 70
    endloop
  endfacet
  facet normal 0 0 -1
    outer loop
      vertex -48.01478363573551 -40.95886895060539 70
      vertex -35.17480307072401 -40.696984969079494 70
      vertex -35.059663876891136 -40.70000000298023 70
    endloop
  endfacet
  facet normal 0 0 -1
    outer loop
      vertex -43.428318560406346 -38.259454555146036 70
      vertex -39.19643598794937 -38.64786045998335 70
      vertex -38.99881947040558 -38.89189654588699 70
    endloop
  endfacet
  facet normal 0 0 -1
    outer loop
      vertex -39.50281532853842 -38.1982057094574 70
      vertex -42.62518207286682 -37.737891621763886 70
      vertex -39.617954447865486 -37.99877889454365 70
    endloop
  endfacet
  facet normal 0 0 -1
    outer loop
      vertex -42.762108378236114 -35.12518207286682 70
      vertex -41.444566778838634 -33.69305045157671 70
      vertex -42.62518207286682 -35.262108378236114 70
    endloop
  endfacet
  facet normal 0 0 -1
    outer loop
      vertex -42.240545444853964 -37.071681439593654 70
      vertex -39.966710314154625 -37.215460285544395 70
      vertex -42.30994090336119 -37.25246278969023 70
    endloop
  endfacet
  facet normal 0 0 -1
    outer loop
      vertex -42.19042693864246 -36.884636628012856 70
      vertex -40.037870183587074 -36.99645269662142 70
      vertex -42.240545444853964 -37.071681439593654 70
    endloop
  endfacet
  facet normal 0 0 -1
    outer loop
      vertex -42.16013449356869 -36.69337765704516 70
      vertex -40.119143433868885 -36.693136759102345 70
      vertex -42.19042693864246 -36.884636628012856 70
    endloop
  endfacet
  facet normal 0 0 -1
    outer loop
      vertex -42.15 -36.5 70
      vertex -40.167020954191685 -36.467890687286854 70
      vertex -42.16013449356869 -36.69337765704516 70
    endloop
  endfacet
  facet normal 0 0 -1
    outer loop
      vertex -42.16013449356869 -36.30662234295484 70
      vertex -40.2161438241601 -36.157741002738476 70
      vertex -42.15 -36.5 70
    endloop
  endfacet
  facet normal 0 0 -1
    outer loop
      vertex -42.19042693864246 -36.115363371987144 70
      vertex -40.28272756934166 -35.73117595911026 70
      vertex -42.16013449356869 -36.30662234295484 70
    endloop
  endfacet
  facet normal 0 0 -1
    outer loop
      vertex -42.240545444853964 -37.071681439593654 70
      vertex -40.037870183587074 -36.99645269662142 70
      vertex -39.966710314154625 -37.215460285544395 70
    endloop
  endfacet
  facet normal 0 0 -1
    outer loop
      vertex -42.19042693864246 -36.884636628012856 70
      vertex -40.119143433868885 -36.693136759102345 70
      vertex -40.037870183587074 -36.99645269662142 70
    endloop
  endfacet
  facet normal 0 0 -1
    outer loop
      vertex -40.119143433868885 -36.693136759102345 70
      vertex -42.16013449356869 -36.69337765704516 70
      vertex -40.167020954191685 -36.467890687286854 70
    endloop
  endfacet
  facet normal 0 0 -1
    outer loop
      vertex -40.167020954191685 -36.467890687286854 70
      vertex -42.15 -36.5 70
      vertex -40.2161438241601 -36.157741002738476 70
    endloop
  endfacet
  facet normal 0 0 -1
    outer loop
      vertex -40.2161438241601 -36.157741002738476 70
      vertex -42.16013449356869 -36.30662234295484 70
      vertex -40.22095795720816 -36.12117397040129 70
    endloop
  endfacet
  facet normal 0 0 -1
    outer loop
      vertex -40.22095795720816 -36.12117397040129 70
      vertex -42.16013449356869 -36.30662234295484 70
      vertex -40.28272756934166 -35.73117595911026 70
    endloop
  endfacet
  facet normal 0 0 -1
    outer loop
      vertex -42.39785300299879 -35.575 70
      vertex -40.70224350690842 -34.62010455876589 70
      vertex -42.30994090336119 -35.74753721030977 70
    endloop
  endfacet
  facet normal 0 0 -1
    outer loop
      vertex -42.240545444853964 -35.928318560406346 70
      vertex -40.38345514982939 -35.34682697057724 70
      vertex -42.19042693864246 -36.115363371987144 70
    endloop
  endfacet
  facet normal 0 0 -1
    outer loop
      vertex -42.30994090336119 -35.74753721030977 70
      vertex -40.52380633354187 -34.9751123636961 70
      vertex -42.240545444853964 -35.928318560406346 70
    endloop
  endfacet
  facet normal 0 0 -1
    outer loop
      vertex -42.62518207286682 -35.262108378236114 70
      vertex -41.16515966504812 -33.97554263472557 70
      vertex -42.50331856040635 -35.412597283258926 70
    endloop
  endfacet
  facet normal 0 0 -1
    outer loop
      vertex -42.50331856040635 -35.412597283258926 70
      vertex -40.91681157797575 -34.28569335490465 70
      vertex -42.39785300299879 -35.575 70
    endloop
  endfacet
  facet normal 0 0 -1
    outer loop
      vertex -42.50331856040635 -35.412597283258926 70
      vertex -41.16515966504812 -33.97554263472557 70
      vertex -40.94131155312061 -34.251972027122974 70
    endloop
  endfacet
  facet normal 0 0 -1
    outer loop
      vertex -42.50331856040635 -35.412597283258926 70
      vertex -40.94131155312061 -34.251972027122974 70
      vertex -40.91681157797575 -34.28569335490465 70
    endloop
  endfacet
  facet normal 0 0 -1
    outer loop
      vertex -42.240545444853964 -35.928318560406346 70
      vertex -40.52380633354187 -34.9751123636961 70
      vertex -40.39633567631245 -35.307184778153896 70
    endloop
  endfacet
  facet normal 0 0 -1
    outer loop
      vertex -42.30994090336119 -35.74753721030977 70
      vertex -40.540760070085526 -34.93703365325928 70
      vertex -40.52380633354187 -34.9751123636961 70
    endloop
  endfacet
  facet normal 0 0 -1
    outer loop
      vertex -42.19042693864246 -36.115363371987144 70
      vertex -40.291393756866455 -35.69040474295616 70
      vertex -40.28272756934166 -35.73117595911026 70
    endloop
  endfacet
  facet normal 0 0 -1
    outer loop
      vertex -42.19042693864246 -36.115363371987144 70
      vertex -40.38345514982939 -35.34682697057724 70
      vertex -40.291393756866455 -35.69040474295616 70
    endloop
  endfacet
  facet normal 0 0 -1
    outer loop
      vertex -42.240545444853964 -35.928318560406346 70
      vertex -40.39633567631245 -35.307184778153896 70
      vertex -40.38345514982939 -35.34682697057724 70
    endloop
  endfacet
  facet normal 0 0 -1
    outer loop
      vertex -42.39785300299879 -35.575 70
      vertex -40.72308457642794 -34.584006763994694 70
      vertex -40.70224350690842 -34.62010455876589 70
    endloop
  endfacet
  facet normal 0 0 -1
    outer loop
      vertex -42.30994090336119 -35.74753721030977 70
      vertex -40.70224350690842 -34.62010455876589 70
      vertex -40.540760070085526 -34.93703365325928 70
    endloop
  endfacet
  facet normal 0 0 -1
    outer loop
      vertex -42.39785300299879 -35.575 70
      vertex -40.91681157797575 -34.28569335490465 70
      vertex -40.72308457642794 -34.584006763994694 70
    endloop
  endfacet
  facet normal 0 0 -1
    outer loop
      vertex -43.19040474295616 -32.791393756866455 70
      vertex -43.80662234295484 -34.66013449356869 70
      vertex -44 -34.65 70
    endloop
  endfacet
  facet normal 0 0 -1
    outer loop
      vertex -43.19040474295616 -32.791393756866455 70
      vertex -43.615363371987144 -34.69042693864246 70
      vertex -43.80662234295484 -34.66013449356869 70
    endloop
  endfacet
  facet normal 0 0 -1
    outer loop
      vertex -43.615363371987144 -34.69042693864246 70
      vertex -43.19040474295616 -32.791393756866455 70
      vertex -43.428318560406346 -34.740545444853964 70
    endloop
  endfacet
  facet normal 0 0 -1
    outer loop
      vertex -43.428318560406346 -34.740545444853964 70
      vertex -42.807184778153896 -32.89633567631245 70
      vertex -43.24753721030977 -34.80994090336119 70
    endloop
  endfacet
  facet normal 0 0 -1
    outer loop
      vertex -42.84682697057724 -32.88345514982939 70
      vertex -43.428318560406346 -34.740545444853964 70
      vertex -43.19040474295616 -32.791393756866455 70
    endloop
  endfacet
  facet normal 0 0 -1
    outer loop
      vertex -42.807184778153896 -32.89633567631245 70
      vertex -43.428318560406346 -34.740545444853964 70
      vertex -42.84682697057724 -32.88345514982939 70
    endloop
  endfacet
  facet normal 0 0 -1
    outer loop
      vertex -43.24753721030977 -34.80994090336119 70
      vertex -42.4370336458087 -33.040760070085526 70
      vertex -43.075 -34.89785300299879 70
    endloop
  endfacet
  facet normal 0 0 -1
    outer loop
      vertex -43.075 -34.89785300299879 70
      vertex -42.08400668948889 -33.22308462113142 70
      vertex -42.912597283258926 -35.00331856040635 70
    endloop
  endfacet
  facet normal 0 0 -1
    outer loop
      vertex -42.912597283258926 -35.00331856040635 70
      vertex -41.75197196006775 -33.44131160527468 70
      vertex -42.762108378236114 -35.12518207286682 70
    endloop
  endfacet
  facet normal 0 0 -1
    outer loop
      vertex -42.912597283258926 -35.00331856040635 70
      vertex -42.08400668948889 -33.22308462113142 70
      vertex -41.7856934890151 -33.41681148856878 70
    endloop
  endfacet
  facet normal 0 0 -1
    outer loop
      vertex -42.4751123636961 -33.02380633354187 70
      vertex -43.24753721030977 -34.80994090336119 70
      vertex -42.807184778153896 -32.89633567631245 70
    endloop
  endfacet
  facet normal 0 0 -1
    outer loop
      vertex -42.4370336458087 -33.040760070085526 70
      vertex -43.24753721030977 -34.80994090336119 70
      vertex -42.4751123636961 -33.02380633354187 70
    endloop
  endfacet
  facet normal 0 0 -1
    outer loop
      vertex -42.12010458111763 -33.202243492007256 70
      vertex -43.075 -34.89785300299879 70
      vertex -42.4370336458087 -33.040760070085526 70
    endloop
  endfacet
  facet normal 0 0 -1
    outer loop
      vertex -43.075 -34.89785300299879 70
      vertex -42.12010458111763 -33.202243492007256 70
      vertex -42.08400668948889 -33.22308462113142 70
    endloop
  endfacet
  facet normal 0 0 -1
    outer loop
      vertex -42.762108378236114 -35.12518207286682 70
      vertex -41.75197196006775 -33.44131160527468 70
      vertex -41.47554263472557 -33.66515966504812 70
    endloop
  endfacet
  facet normal 0 0 -1
    outer loop
      vertex -42.912597283258926 -35.00331856040635 70
      vertex -41.7856934890151 -33.41681148856878 70
      vertex -41.75197196006775 -33.44131160527468 70
    endloop
  endfacet
  facet normal 0 0 -1
    outer loop
      vertex -42.762108378236114 -35.12518207286682 70
      vertex -41.47554263472557 -33.66515966504812 70
      vertex -41.444566778838634 -33.69305045157671 70
    endloop
  endfacet
  facet normal 0 0 -1
    outer loop
      vertex -42.62518207286682 -35.262108378236114 70
      vertex -41.19305045157671 -33.944566778838634 70
      vertex -41.16515966504812 -33.97554263472557 70
    endloop
  endfacet
  facet normal 0 0 -1
    outer loop
      vertex -42.62518207286682 -35.262108378236114 70
      vertex -41.444566778838634 -33.69305045157671 70
      vertex -41.19305045157671 -33.944566778838634 70
    endloop
  endfacet
  facet normal 0.7071067811865476 0.7071067811865476 0
    outer loop
      vertex -45.37481792713318 -37.737891621763886 72.5
      vertex -45.237891621763886 -37.87481792713318 70
      vertex -45.37481792713318 -37.737891621763886 70
    endloop
  endfacet
  facet normal 0.7771459614569735 0.6293203910498343 0
    outer loop
      vertex -45.49668143959365 -37.587402716741074 72.5
      vertex -45.37481792713318 -37.737891621763886 70
      vertex -45.49668143959365 -37.587402716741074 70
    endloop
  endfacet
  facet normal 0.8386705679454183 0.5446390350150357 0
    outer loop
      vertex -45.60214699700121 -37.425 72.5
      vertex -45.49668143959365 -37.587402716741074 70
      vertex -45.60214699700121 -37.425 70
    endloop
  endfacet
  facet normal 0.8910065241883708 0.453990499739541 0
    outer loop
      vertex -45.69005909663881 -37.25246278969023 72.5
      vertex -45.60214699700121 -37.425 70
      vertex -45.69005909663881 -37.25246278969023 70
    endloop
  endfacet
  facet normal 0.6293203910498343 0.7771459614569735 0
    outer loop
      vertex -45.237891621763886 -37.87481792713318 72.5
      vertex -45.087402716741074 -37.99668143959365 70
      vertex -45.237891621763886 -37.87481792713318 70
    endloop
  endfacet
  facet normal 0.5446390350150357 0.8386705679454183 0
    outer loop
      vertex -45.087402716741074 -37.99668143959365 72.5
      vertex -44.925 -38.10214699700121 70
      vertex -45.087402716741074 -37.99668143959365 70
    endloop
  endfacet
  facet normal 0.35836794954531154 0.9335804264971974 0
    outer loop
      vertex -44.75246278969023 -38.19005909663881 72.5
      vertex -44.571681439593654 -38.259454555146036 70
      vertex -44.75246278969023 -38.19005909663881 70
    endloop
  endfacet
  facet normal 0.453990499739541 0.8910065241883708 0
    outer loop
      vertex -44.925 -38.10214699700121 72.5
      vertex -44.75246278969023 -38.19005909663881 70
      vertex -44.925 -38.10214699700121 70
    endloop
  endfacet
  facet normal 0.25881904510251097 0.9659258262890709 0
    outer loop
      vertex -44.571681439593654 -38.259454555146036 72.5
      vertex -44.384636628012856 -38.30957306135754 70
      vertex -44.571681439593654 -38.259454555146036 70
    endloop
  endfacet
  facet normal 0.1564344650402512 0.9876883405951344 0
    outer loop
      vertex -44.384636628012856 -38.30957306135754 72.5
      vertex -44.19337765704516 -38.33986550643131 70
      vertex -44.384636628012856 -38.30957306135754 70
    endloop
  endfacet
  facet normal 0.052335956242933517 0.9986295347545744 0
    outer loop
      vertex -44.19337765704516 -38.33986550643131 72.5
      vertex -44 -38.35 70
      vertex -44.19337765704516 -38.33986550643131 70
    endloop
  endfacet
  facet normal -0.052335956242933517 0.9986295347545744 0
    outer loop
      vertex -44 -38.35 72.5
      vertex -43.80662234295484 -38.33986550643131 70
      vertex -44 -38.35 70
    endloop
  endfacet
  facet normal 0.9335804264971974 0.35836794954531154 0
    outer loop
      vertex -45.759454555146036 -37.071681439593654 72.5
      vertex -45.69005909663881 -37.25246278969023 70
      vertex -45.759454555146036 -37.071681439593654 70
    endloop
  endfacet
  facet normal 0.9659258262890709 0.25881904510251097 0
    outer loop
      vertex -45.80957306135754 -36.884636628012856 72.5
      vertex -45.759454555146036 -37.071681439593654 70
      vertex -45.80957306135754 -36.884636628012856 70
    endloop
  endfacet
  facet normal 0.9876883405951344 0.1564344650402512 0
    outer loop
      vertex -45.83986550643131 -36.69337765704516 72.5
      vertex -45.80957306135754 -36.884636628012856 70
      vertex -45.83986550643131 -36.69337765704516 70
    endloop
  endfacet
  facet normal 0.9986295347545744 0.052335956242933517 0
    outer loop
      vertex -45.85 -36.5 72.5
      vertex -45.83986550643131 -36.69337765704516 70
      vertex -45.85 -36.5 70
    endloop
  endfacet
  facet normal 0.9986295347545744 -0.052335956242933517 0
    outer loop
      vertex -45.83986550643131 -36.30662234295484 72.5
      vertex -45.85 -36.5 70
      vertex -45.83986550643131 -36.30662234295484 70
    endloop
  endfacet
  facet normal 0.9876883405951344 -0.1564344650402512 0
    outer loop
      vertex -45.80957306135754 -36.115363371987144 72.5
      vertex -45.83986550643131 -36.30662234295484 70
      vertex -45.80957306135754 -36.115363371987144 70
    endloop
  endfacet
  facet normal 0.9659258262890709 -0.25881904510251097 0
    outer loop
      vertex -45.759454555146036 -35.928318560406346 72.5
      vertex -45.80957306135754 -36.115363371987144 70
      vertex -45.759454555146036 -35.928318560406346 70
    endloop
  endfacet
  facet normal 0.9335804264971974 -0.35836794954531154 0
    outer loop
      vertex -45.69005909663881 -35.74753721030977 72.5
      vertex -45.759454555146036 -35.928318560406346 70
      vertex -45.69005909663881 -35.74753721030977 70
    endloop
  endfacet
  facet normal 0.8910065241883708 -0.453990499739541 0
    outer loop
      vertex -45.60214699700121 -35.575 72.5
      vertex -45.69005909663881 -35.74753721030977 70
      vertex -45.60214699700121 -35.575 70
    endloop
  endfacet
  facet normal 0.8386705679454183 -0.5446390350150357 0
    outer loop
      vertex -45.49668143959365 -35.412597283258926 72.5
      vertex -45.60214699700121 -35.575 70
      vertex -45.49668143959365 -35.412597283258926 70
    endloop
  endfacet
  facet normal 0.7771459614569735 -0.6293203910498343 0
    outer loop
      vertex -45.37481792713318 -35.262108378236114 72.5
      vertex -45.49668143959365 -35.412597283258926 70
      vertex -45.37481792713318 -35.262108378236114 70
    endloop
  endfacet
  facet normal 0.7071067811865476 -0.7071067811865476 0
    outer loop
      vertex -45.237891621763886 -35.12518207286682 72.5
      vertex -45.37481792713318 -35.262108378236114 70
      vertex -45.237891621763886 -35.12518207286682 70
    endloop
  endfacet
  facet normal 0.6293203910498343 -0.7771459614569735 0
    outer loop
      vertex -45.087402716741074 -35.00331856040635 72.5
      vertex -45.237891621763886 -35.12518207286682 70
      vertex -45.087402716741074 -35.00331856040635 70
    endloop
  endfacet
  facet normal 0.5446390350150357 -0.8386705679454183 0
    outer loop
      vertex -44.925 -34.89785300299879 72.5
      vertex -45.087402716741074 -35.00331856040635 70
      vertex -44.925 -34.89785300299879 70
    endloop
  endfacet
  facet normal 0.453990499739541 -0.8910065241883708 0
    outer loop
      vertex -44.75246278969023 -34.80994090336119 72.5
      vertex -44.925 -34.89785300299879 70
      vertex -44.75246278969023 -34.80994090336119 70
    endloop
  endfacet
  facet normal 0.35836794954531154 -0.9335804264971974 0
    outer loop
      vertex -44.571681439593654 -34.740545444853964 72.5
      vertex -44.75246278969023 -34.80994090336119 70
      vertex -44.571681439593654 -34.740545444853964 70
    endloop
  endfacet
  facet normal 0.25881904510251097 -0.9659258262890709 0
    outer loop
      vertex -44.384636628012856 -34.69042693864246 72.5
      vertex -44.571681439593654 -34.740545444853964 70
      vertex -44.384636628012856 -34.69042693864246 70
    endloop
  endfacet
  facet normal 0.1564344650402512 -0.9876883405951344 0
    outer loop
      vertex -44.19337765704516 -34.66013449356869 72.5
      vertex -44.384636628012856 -34.69042693864246 70
      vertex -44.19337765704516 -34.66013449356869 70
    endloop
  endfacet
  facet normal 0.052335956242933517 -0.9986295347545744 0
    outer loop
      vertex -44 -34.65 72.5
      vertex -44.19337765704516 -34.66013449356869 70
      vertex -44 -34.65 70
    endloop
  endfacet
  facet normal -0.052335956242933517 -0.9986295347545744 0
    outer loop
      vertex -43.80662234295484 -34.66013449356869 72.5
      vertex -44 -34.65 70
      vertex -43.80662234295484 -34.66013449356869 70
    endloop
  endfacet
  facet normal 0.5446390302010375 0.8386705710716652 0
    outer loop
      vertex -45.961561642587185 -31.83178998529911 73.1
      vertex -45.69820586591959 -32.00281522423029 70
      vertex -45.961561642587185 -31.83178998529911 70
    endloop
  endfacet
  facet normal 0.4999999778828949 0.8660254165537549 0
    outer loop
      vertex -45.69820586591959 -32.00281522423029 73.1
      vertex -45.49877908825874 -32.117954321205616 70
      vertex -45.69820586591959 -32.00281522423029 70
    endloop
  endfacet
  facet normal 0.45399049624595805 0.8910065259684403 0
    outer loop
      vertex -45.49877908825874 -32.117954321205616 73.1
      vertex -45.21898901462555 -32.2605144828558 70
      vertex -45.49877908825874 -32.117954321205616 70
    endloop
  endfacet
  facet normal 0.40673665900909506 0.9135454505486409 0
    outer loop
      vertex -45.21898901462555 -32.2605144828558 73.1
      vertex -45.00861942023039 -32.35417706519365 70
      vertex -45.21898901462555 -32.2605144828558 70
    endloop
  endfacet
  facet normal 0.358367950842512 0.9335804259992488 0
    outer loop
      vertex -45.00861942023039 -32.35417706519365 73.1
      vertex -44.71546047925949 -32.46671023964882 70
      vertex -45.00861942023039 -32.35417706519365 70
    endloop
  endfacet
  facet normal 0.30901700403425203 0.9510565131566553 0
    outer loop
      vertex -44.71546047925949 -32.46671023964882 73.1
      vertex -44.496452905237675 -32.53787011653185 70
      vertex -44.71546047925949 -32.46671023964882 70
    endloop
  endfacet
  facet normal 0.25881905464550803 0.9659258237320325 0
    outer loop
      vertex -44.496452905237675 -32.53787011653185 73.1
      vertex -44.19313699007034 -32.61914337426424 70
      vertex -44.496452905237675 -32.53787011653185 70
    endloop
  endfacet
  facet normal 0.20791168584136577 0.9781476017915708 0
    outer loop
      vertex -44.19313699007034 -32.61914337426424 73.1
      vertex -43.96789092570543 -32.66702090203762 70
      vertex -44.19313699007034 -32.61914337426424 70
    endloop
  endfacet
  facet normal 0.15643447947138045 0.987688338309468 0
    outer loop
      vertex -43.96789092570543 -32.66702090203762 73.1
      vertex -43.657741360366344 -32.716143772006035 70
      vertex -43.96789092570543 -32.66702090203762 70
    endloop
  endfacet
  facet normal -0.1564344650402512 0.9876883405951344 0
    outer loop
      vertex -43.80662234295484 -38.33986550643131 72.5
      vertex -43.615363371987144 -38.30957306135754 70
      vertex -43.80662234295484 -38.33986550643131 70
    endloop
  endfacet
  facet normal -0.25881904510251097 0.9659258262890709 0
    outer loop
      vertex -43.615363371987144 -38.30957306135754 72.5
      vertex -43.428318560406346 -38.259454555146036 70
      vertex -43.615363371987144 -38.30957306135754 70
    endloop
  endfacet
  facet normal -0.35836794954531154 0.9335804264971974 0
    outer loop
      vertex -43.428318560406346 -38.259454555146036 72.5
      vertex -43.24753721030977 -38.19005909663881 70
      vertex -43.428318560406346 -38.259454555146036 70
    endloop
  endfacet
  facet normal -0.453990499739541 0.8910065241883708 0
    outer loop
      vertex -43.24753721030977 -38.19005909663881 72.5
      vertex -43.075 -38.10214699700121 70
      vertex -43.24753721030977 -38.19005909663881 70
    endloop
  endfacet
  facet normal -0.5446390350150357 0.8386705679454183 0
    outer loop
      vertex -43.075 -38.10214699700121 72.5
      vertex -42.912597283258926 -37.99668143959365 70
      vertex -43.075 -38.10214699700121 70
    endloop
  endfacet
  facet normal -0.6293203910498343 0.7771459614569735 0
    outer loop
      vertex -42.912597283258926 -37.99668143959365 72.5
      vertex -42.762108378236114 -37.87481792713318 70
      vertex -42.912597283258926 -37.99668143959365 70
    endloop
  endfacet
  facet normal -0.7071067811865476 0.7071067811865476 0
    outer loop
      vertex -42.762108378236114 -37.87481792713318 72.5
      vertex -42.62518207286682 -37.737891621763886 70
      vertex -42.762108378236114 -37.87481792713318 70
    endloop
  endfacet
  facet normal -0.7771459614569735 0.6293203910498343 0
    outer loop
      vertex -42.62518207286682 -37.737891621763886 72.5
      vertex -42.50331856040635 -37.587402716741074 70
      vertex -42.62518207286682 -37.737891621763886 70
    endloop
  endfacet
  facet normal -0.8386705679454183 0.5446390350150357 0
    outer loop
      vertex -42.50331856040635 -37.587402716741074 72.5
      vertex -42.39785300299879 -37.425 70
      vertex -42.50331856040635 -37.587402716741074 70
    endloop
  endfacet
  facet normal -0.8910065241883708 0.453990499739541 0
    outer loop
      vertex -42.39785300299879 -37.425 72.5
      vertex -42.30994090336119 -37.25246278969023 70
      vertex -42.39785300299879 -37.425 70
    endloop
  endfacet
  facet normal -0.9335804264971974 0.35836794954531154 0
    outer loop
      vertex -42.30994090336119 -37.25246278969023 72.5
      vertex -42.240545444853964 -37.071681439593654 70
      vertex -42.30994090336119 -37.25246278969023 70
    endloop
  endfacet
  facet normal 0.5000000124049407 0.8660253966224428 0
    outer loop
      vertex -37.75786980241537 -39.943151369690895 73.1
      vertex -37.558443017303944 -40.05829048156738 70
      vertex -37.75786980241537 -39.943151369690895 70
    endloop
  endfacet
  facet normal 0.8090170237984825 0.5877852117944492 0
    outer loop
      vertex -39.33179011195898 -38.46156147122383 73.1
      vertex -39.19643598794937 -38.64786045998335 70
      vertex -39.33179011195898 -38.46156147122383 70
    endloop
  endfacet
  facet normal 0.7771459744531957 0.629320375000836 0
    outer loop
      vertex -39.19643598794937 -38.64786045998335 73.1
      vertex -38.99881947040558 -38.89189654588699 70
      vertex -39.19643598794937 -38.64786045998335 70
    endloop
  endfacet
  facet normal 0.9335804351407654 0.3583679270280465 0
    outer loop
      vertex -39.966710314154625 -37.215460285544395 73.1
      vertex -39.85417713969946 -37.508619248867035 70
      vertex -39.966710314154625 -37.215460285544395 70
    endloop
  endfacet
  facet normal 0.86602541496714 0.49999998063099266 0
    outer loop
      vertex -39.617954447865486 -37.99877889454365 73.1
      vertex -39.50281532853842 -38.1982057094574 70
      vertex -39.617954447865486 -37.99877889454365 70
    endloop
  endfacet
  facet normal 0.8386705895086698 0.544639001810539 0
    outer loop
      vertex -39.50281532853842 -38.1982057094574 73.1
      vertex -39.33179011195898 -38.46156147122383 70
      vertex -39.50281532853842 -38.1982057094574 70
    endloop
  endfacet
  facet normal 0.8910065500540655 0.4539904489752531 0
    outer loop
      vertex -39.760514594614506 -37.71898881345987 73.1
      vertex -39.617954447865486 -37.99877889454365 70
      vertex -39.760514594614506 -37.71898881345987 70
    endloop
  endfacet
  facet normal 0.9135454892488474 0.4067365720870006 0
    outer loop
      vertex -39.85417713969946 -37.508619248867035 73.1
      vertex -39.760514594614506 -37.71898881345987 70
      vertex -39.85417713969946 -37.508619248867035 70
    endloop
  endfacet
  facet normal 0.6691306337363798 0.7431448008265621 0
    outer loop
      vertex -38.62269067019224 -39.28506924211979 73.1
      vertex -38.451560601592064 -39.43915545940399 70
      vertex -38.62269067019224 -39.28506924211979 70
    endloop
  endfacet
  facet normal 0.6293204214174093 0.777145936865795 0
    outer loop
      vertex -38.451560601592064 -39.43915545940399 73.1
      vertex -38.20752454549074 -39.636771976947784 70
      vertex -38.451560601592064 -39.43915545940399 70
    endloop
  endfacet
  facet normal 0.7431448571046009 0.6691305712332851 0
    outer loop
      vertex -38.99881947040558 -38.89189654588699 73.1
      vertex -38.84473331272602 -39.06302657723427 70
      vertex -38.99881947040558 -38.89189654588699 70
    endloop
  endfacet
  facet normal 0.707106816776709 0.7071067455963843 0
    outer loop
      vertex -38.84473331272602 -39.06302657723427 73.1
      vertex -38.62269067019224 -39.28506924211979 70
      vertex -38.84473331272602 -39.06302657723427 70
    endloop
  endfacet
  facet normal 0.587785296500131 0.8090169622562021 0
    outer loop
      vertex -38.20752454549074 -39.636771976947784 73.1
      vertex -38.021225556731224 -39.772126130759716 70
      vertex -38.20752454549074 -39.636771976947784 70
    endloop
  endfacet
  facet normal 0.5446390627142673 0.8386705499573265 0
    outer loop
      vertex -38.021225556731224 -39.772126130759716 73.1
      vertex -37.75786980241537 -39.943151369690895 70
      vertex -38.021225556731224 -39.772126130759716 70
    endloop
  endfacet
  facet normal -0.9659258262890709 0.25881904510251097 0
    outer loop
      vertex -42.240545444853964 -37.071681439593654 72.5
      vertex -42.19042693864246 -36.884636628012856 70
      vertex -42.240545444853964 -37.071681439593654 70
    endloop
  endfacet
  facet normal -0.9659258262890709 -0.25881904510251097 0
    outer loop
      vertex -42.19042693864246 -36.115363371987144 72.5
      vertex -42.240545444853964 -35.928318560406346 70
      vertex -42.19042693864246 -36.115363371987144 70
    endloop
  endfacet
  facet normal -0.9335804264971974 -0.35836794954531154 0
    outer loop
      vertex -42.240545444853964 -35.928318560406346 72.5
      vertex -42.30994090336119 -35.74753721030977 70
      vertex -42.240545444853964 -35.928318560406346 70
    endloop
  endfacet
  facet normal -0.1564344650402512 -0.9876883405951344 0
    outer loop
      vertex -43.615363371987144 -34.69042693864246 72.5
      vertex -43.80662234295484 -34.66013449356869 70
      vertex -43.615363371987144 -34.69042693864246 70
    endloop
  endfacet
  facet normal -0.25881904510251097 -0.9659258262890709 0
    outer loop
      vertex -43.428318560406346 -34.740545444853964 72.5
      vertex -43.615363371987144 -34.69042693864246 70
      vertex -43.428318560406346 -34.740545444853964 70
    endloop
  endfacet
  facet normal -0.453990499739541 -0.8910065241883708 0
    outer loop
      vertex -43.075 -34.89785300299879 72.5
      vertex -43.24753721030977 -34.80994090336119 70
      vertex -43.075 -34.89785300299879 70
    endloop
  endfacet
  facet normal -0.35836794954531154 -0.9335804264971974 0
    outer loop
      vertex -43.24753721030977 -34.80994090336119 72.5
      vertex -43.428318560406346 -34.740545444853964 70
      vertex -43.24753721030977 -34.80994090336119 70
    endloop
  endfacet
  facet normal -0.7071067811865476 -0.7071067811865476 0
    outer loop
      vertex -42.62518207286682 -35.262108378236114 72.5
      vertex -42.762108378236114 -35.12518207286682 70
      vertex -42.62518207286682 -35.262108378236114 70
    endloop
  endfacet
  facet normal -0.8910065241883708 -0.453990499739541 0
    outer loop
      vertex -42.30994090336119 -35.74753721030977 72.5
      vertex -42.39785300299879 -35.575 70
      vertex -42.30994090336119 -35.74753721030977 70
    endloop
  endfacet
  facet normal -0.7771459614569735 -0.6293203910498343 0
    outer loop
      vertex -42.50331856040635 -35.412597283258926 72.5
      vertex -42.62518207286682 -35.262108378236114 70
      vertex -42.50331856040635 -35.412597283258926 70
    endloop
  endfacet
  facet normal -0.8386705679454183 -0.5446390350150357 0
    outer loop
      vertex -42.39785300299879 -35.575 72.5
      vertex -42.50331856040635 -35.412597283258926 70
      vertex -42.39785300299879 -35.575 70
    endloop
  endfacet
  facet normal -0.6293203910498343 -0.7771459614569735 0
    outer loop
      vertex -42.762108378236114 -35.12518207286682 72.5
      vertex -42.912597283258926 -35.00331856040635 70
      vertex -42.762108378236114 -35.12518207286682 70
    endloop
  endfacet
  facet normal -0.5446390350150357 -0.8386705679454183 0
    outer loop
      vertex -42.912597283258926 -35.00331856040635 72.5
      vertex -43.075 -34.89785300299879 70
      vertex -42.912597283258926 -35.00331856040635 70
    endloop
  endfacet
  facet normal -0.9876883405951344 0.1564344650402512 0
    outer loop
      vertex -42.19042693864246 -36.884636628012856 72.5
      vertex -42.16013449356869 -36.69337765704516 70
      vertex -42.19042693864246 -36.884636628012856 70
    endloop
  endfacet
  facet normal -0.9986295347545744 0.052335956242933517 0
    outer loop
      vertex -42.16013449356869 -36.69337765704516 72.5
      vertex -42.15 -36.5 70
      vertex -42.16013449356869 -36.69337765704516 70
    endloop
  endfacet
  facet normal -0.9986295347545744 -0.052335956242933517 0
    outer loop
      vertex -42.15 -36.5 72.5
      vertex -42.16013449356869 -36.30662234295484 70
      vertex -42.15 -36.5 70
    endloop
  endfacet
  facet normal -0.9876883405951344 -0.1564344650402512 0
    outer loop
      vertex -42.16013449356869 -36.30662234295484 72.5
      vertex -42.19042693864246 -36.115363371987144 70
      vertex -42.16013449356869 -36.30662234295484 70
    endloop
  endfacet
  facet normal 0.8910065270390671 0.45399049414473436 0
    outer loop
      vertex -40.70224350690842 -34.62010455876589 73.1
      vertex -40.540760070085526 -34.93703365325928 70
      vertex -40.70224350690842 -34.62010455876589 70
    endloop
  endfacet
  facet normal 0.8660254246525537 0.49999996385536283 0
    outer loop
      vertex -40.72308457642794 -34.584006763994694 73.1
      vertex -40.70224350690842 -34.62010455876589 70
      vertex -40.72308457642794 -34.584006763994694 70
    endloop
  endfacet
  facet normal 0.13052582425750334 0.9914449098169295 0
    outer loop
      vertex -43.657741360366344 -32.716143772006035 73.1
      vertex -43.6211738884449 -32.72095795720816 70
      vertex -43.657741360366344 -32.716143772006035 70
    endloop
  endfacet
  facet normal 0.1564344713084453 0.98768833960235 0
    outer loop
      vertex -43.6211738884449 -32.72095795720816 73.1
      vertex -43.23117606341839 -32.78272754698992 70
      vertex -43.6211738884449 -32.72095795720816 70
    endloop
  endfacet
  facet normal 0.20791164914109106 0.9781476095924541 0
    outer loop
      vertex -43.23117606341839 -32.78272754698992 73.1
      vertex -43.19040474295616 -32.791393756866455 70
      vertex -43.23117606341839 -32.78272754698992 70
    endloop
  endfacet
  facet normal 0.25881906167157254 0.965925821849404 0
    outer loop
      vertex -43.19040474295616 -32.791393756866455 73.1
      vertex -42.84682697057724 -32.88345514982939 70
      vertex -43.19040474295616 -32.791393756866455 70
    endloop
  endfacet
  facet normal 0.309016937148793 0.9510565348890563 0
    outer loop
      vertex -42.84682697057724 -32.88345514982939 73.1
      vertex -42.807184778153896 -32.89633567631245 70
      vertex -42.84682697057724 -32.88345514982939 70
    endloop
  endfacet
  facet normal 0.35836795026005863 0.9335804262228318 0
    outer loop
      vertex -42.807184778153896 -32.89633567631245 73.1
      vertex -42.4751123636961 -33.02380633354187 70
      vertex -42.807184778153896 -32.89633567631245 70
    endloop
  endfacet
  facet normal 0.40673662386291654 0.9135454661967277 0
    outer loop
      vertex -42.4751123636961 -33.02380633354187 73.1
      vertex -42.4370336458087 -33.040760070085526 70
      vertex -42.4751123636961 -33.02380633354187 70
    endloop
  endfacet
  facet normal 0.4539904947783353 0.8910065267162314 0
    outer loop
      vertex -42.4370336458087 -33.040760070085526 73.1
      vertex -42.12010458111763 -33.202243492007256 70
      vertex -42.4370336458087 -33.040760070085526 70
    endloop
  endfacet
  facet normal 0.5000000301411045 0.8660253863824631 0
    outer loop
      vertex -42.12010458111763 -33.202243492007256 73.1
      vertex -42.08400668948889 -33.22308462113142 70
      vertex -42.12010458111763 -33.202243492007256 70
    endloop
  endfacet
  facet normal 0.5446390545889127 0.8386705552339938 0
    outer loop
      vertex -42.08400668948889 -33.22308462113142 73.1
      vertex -41.7856934890151 -33.41681148856878 70
      vertex -42.08400668948889 -33.22308462113142 70
    endloop
  endfacet
  facet normal 0.6691306144728455 0.7431448181715272 0
    outer loop
      vertex -41.47554263472557 -33.66515966504812 73.1
      vertex -41.444566778838634 -33.69305045157671 70
      vertex -41.47554263472557 -33.66515966504812 70
    endloop
  endfacet
  facet normal 0.5877851237884874 0.8090170877385424 0
    outer loop
      vertex -41.7856934890151 -33.41681148856878 73.1
      vertex -41.75197196006775 -33.44131160527468 70
      vertex -41.7856934890151 -33.41681148856878 70
    endloop
  endfacet
  facet normal 0.6293204009055282 0.7771459534759897 0
    outer loop
      vertex -41.75197196006775 -33.44131160527468 73.1
      vertex -41.47554263472557 -33.66515966504812 70
      vertex -41.75197196006775 -33.44131160527468 70
    endloop
  endfacet
  facet normal 0.777145956426931 0.6293203972614194 0
    outer loop
      vertex -41.16515966504812 -33.97554263472557 73.1
      vertex -40.94131155312061 -34.251972027122974 70
      vertex -41.16515966504812 -33.97554263472557 70
    endloop
  endfacet
  facet normal 0.7431448181715272 0.6691306144728455 0
    outer loop
      vertex -41.19305045157671 -33.944566778838634 73.1
      vertex -41.16515966504812 -33.97554263472557 70
      vertex -41.19305045157671 -33.944566778838634 70
    endloop
  endfacet
  facet normal 0.838670556988845 0.5446390518866788 0
    outer loop
      vertex -40.91681157797575 -34.28569335490465 73.1
      vertex -40.72308457642794 -34.584006763994694 70
      vertex -40.91681157797575 -34.28569335490465 70
    endloop
  endfacet
  facet normal 0.8090170353239369 0.5877851959310201 0
    outer loop
      vertex -40.94131155312061 -34.251972027122974 73.1
      vertex -40.91681157797575 -34.28569335490465 70
      vertex -40.94131155312061 -34.251972027122974 70
    endloop
  endfacet
  facet normal 0.7071067811865476 0.7071067811865476 0
    outer loop
      vertex -41.444566778838634 -33.69305045157671 73.1
      vertex -41.19305045157671 -33.944566778838634 70
      vertex -41.444566778838634 -33.69305045157671 70
    endloop
  endfacet
  facet normal 0.951056528844657 0.309016955751545 0
    outer loop
      vertex -40.037870183587074 -36.99645269662142 73.1
      vertex -39.966710314154625 -37.215460285544395 70
      vertex -40.037870183587074 -36.99645269662142 70
    endloop
  endfacet
  facet normal 0.9659258344319026 0.2588190147130476 0
    outer loop
      vertex -40.119143433868885 -36.693136759102345 73.1
      vertex -40.037870183587074 -36.99645269662142 70
      vertex -40.119143433868885 -36.693136759102345 70
    endloop
  endfacet
  facet normal 0.9781476097700946 0.20791164830535763 0
    outer loop
      vertex -40.167020954191685 -36.467890687286854 73.1
      vertex -40.119143433868885 -36.693136759102345 70
      vertex -40.167020954191685 -36.467890687286854 70
    endloop
  endfacet
  facet normal 0.9876883424000126 0.1564344536446997 0
    outer loop
      vertex -40.28272756934166 -35.73117595911026 73.1
      vertex -40.22095795720816 -36.12117397040129 70
      vertex -40.28272756934166 -35.73117595911026 70
    endloop
  endfacet
  facet normal 0.9876883475996361 0.15643442081556247 0
    outer loop
      vertex -40.2161438241601 -36.157741002738476 73.1
      vertex -40.167020954191685 -36.467890687286854 70
      vertex -40.2161438241601 -36.157741002738476 70
    endloop
  endfacet
  facet normal 0.9914448897538057 0.13052597665240342 0
    outer loop
      vertex -40.22095795720816 -36.12117397040129 73.1
      vertex -40.2161438241601 -36.157741002738476 70
      vertex -40.22095795720816 -36.12117397040129 70
    endloop
  endfacet
  facet normal 0.9781476104724821 0.20791164500088272 0
    outer loop
      vertex -40.291393756866455 -35.69040474295616 73.1
      vertex -40.28272756934166 -35.73117595911026 70
      vertex -40.291393756866455 -35.69040474295616 70
    endloop
  endfacet
  facet normal 0.965925821849404 0.25881906167157254 0
    outer loop
      vertex -40.38345514982939 -35.34682697057724 73.1
      vertex -40.291393756866455 -35.69040474295616 70
      vertex -40.38345514982939 -35.34682697057724 70
    endloop
  endfacet
  facet normal 0.9510565348890563 0.309016937148793 0
    outer loop
      vertex -40.39633567631245 -35.307184778153896 73.1
      vertex -40.38345514982939 -35.34682697057724 70
      vertex -40.39633567631245 -35.307184778153896 70
    endloop
  endfacet
  facet normal 0.9335804262228318 0.35836795026005863 0
    outer loop
      vertex -40.52380633354187 -34.9751123636961 73.1
      vertex -40.39633567631245 -35.307184778153896 70
      vertex -40.52380633354187 -34.9751123636961 70
    endloop
  endfacet
  facet normal 0.9135454366258215 0.40673669028025616 0
    outer loop
      vertex -40.540760070085526 -34.93703365325928 73.1
      vertex -40.52380633354187 -34.9751123636961 70
      vertex -40.540760070085526 -34.93703365325928 70
    endloop
  endfacet
  facet normal 0 0 -1
    outer loop
      vertex -50 -36.5 70
      vertex -47.90704648196697 -29.275124236941338 70
      vertex -47.79451330751181 -29.568283177912235 70
    endloop
  endfacet
  facet normal 0 0 -1
    outer loop
      vertex -50 -36.5 70
      vertex -47.97820635885 -29.05611666291952 70
      vertex -47.90704648196697 -29.275124236941338 70
    endloop
  endfacet
  facet normal 0 0 -1
    outer loop
      vertex -50 -36.5 70
      vertex -48.059479616582394 -28.75280074775219 70
      vertex -47.97820635885 -29.05611666291952 70
    endloop
  endfacet
  facet normal 0 0 -1
    outer loop
      vertex -50 -36.5 70
      vertex -48.107357151806355 -28.527554661035538 70
      vertex -48.059479616582394 -28.75280074775219 70
    endloop
  endfacet
  facet normal 0 0 -1
    outer loop
      vertex -50 -36.5 70
      vertex -48.15648003667593 -28.21740498393774 70
      vertex -48.107357151806355 -28.527554661035538 70
    endloop
  endfacet
  facet normal 0 0 -1
    outer loop
      vertex -50 -36.5 70
      vertex -48.180550664663315 -27.988388240337372 70
      vertex -48.15648003667593 -28.21740498393774 70
    endloop
  endfacet
  facet normal 0 0 -1
    outer loop
      vertex -50 -36.5 70
      vertex -48.196984976530075 -27.674802847206593 70
      vertex -48.180550664663315 -27.988388240337372 70
    endloop
  endfacet
  facet normal 0.7431448056336751 0.6691306283975405 0
    outer loop
      vertex -46.93915558606386 -30.95156044512987 73.1
      vertex -46.7850693911314 -31.122690491378307 70
      vertex -46.93915558606386 -30.95156044512987 70
    endloop
  endfacet
  facet normal 0.7771459578667896 0.629320395483342 0
    outer loop
      vertex -47.136772096157074 -30.70752438157797 73.1
      vertex -46.93915558606386 -30.95156044512987 70
      vertex -47.136772096157074 -30.70752438157797 70
    endloop
  endfacet
  facet normal 0.8090169999983138 0.5877852445525733 0
    outer loop
      vertex -47.272126242518425 -30.52122537791729 73.1
      vertex -47.136772096157074 -30.70752438157797 70
      vertex -47.272126242518425 -30.52122537791729 70
    endloop
  endfacet
  facet normal 0.9135454505486409 0.40673665900909506 0
    outer loop
      vertex -47.79451330751181 -29.568283177912235 73.1
      vertex -47.70085072517395 -29.778652772307396 70
      vertex -47.79451330751181 -29.568283177912235 70
    endloop
  endfacet
  facet normal 0.9335804259992488 0.358367950842512 0
    outer loop
      vertex -47.90704648196697 -29.275124236941338 73.1
      vertex -47.79451330751181 -29.568283177912235 70
      vertex -47.90704648196697 -29.275124236941338 70
    endloop
  endfacet
  facet normal 0.8386705716328138 0.5446390293369446 0
    outer loop
      vertex -47.44315146654844 -30.257869623601437 73.1
      vertex -47.272126242518425 -30.52122537791729 70
      vertex -47.44315146654844 -30.257869623601437 70
    endloop
  endfacet
  facet normal 0.8660254165537549 0.4999999778828949 0
    outer loop
      vertex -47.55829056352377 -30.05844284594059 73.1
      vertex -47.44315146654844 -30.257869623601437 70
      vertex -47.55829056352377 -30.05844284594059 70
    endloop
  endfacet
  facet normal 0.8910065259684403 0.45399049624595805 0
    outer loop
      vertex -47.70085072517395 -29.778652772307396 73.1
      vertex -47.55829056352377 -30.05844284594059 70
      vertex -47.70085072517395 -29.778652772307396 70
    endloop
  endfacet
  facet normal 0.9781475994074664 0.20791169705769463 0
    outer loop
      vertex -48.107357151806355 -28.527554661035538 73.1
      vertex -48.059479616582394 -28.75280074775219 70
      vertex -48.107357151806355 -28.527554661035538 70
    endloop
  endfacet
  facet normal 0.9510565131566553 0.30901700403425203 0
    outer loop
      vertex -47.97820635885 -29.05611666291952 73.1
      vertex -47.90704648196697 -29.275124236941338 70
      vertex -47.97820635885 -29.05611666291952 70
    endloop
  endfacet
  facet normal 0.9659258237320325 0.25881905464550803 0
    outer loop
      vertex -48.059479616582394 -28.75280074775219 73.1
      vertex -47.97820635885 -29.05611666291952 70
      vertex -48.059479616582394 -28.75280074775219 70
    endloop
  endfacet
  facet normal 0.9876883396870251 0.15643447077382908 0
    outer loop
      vertex -48.15648003667593 -28.21740498393774 73.1
      vertex -48.107357151806355 -28.527554661035538 70
      vertex -48.15648003667593 -28.21740498393774 70
    endloop
  endfacet
  facet normal 0.9945218961410265 0.10452845591539826 0
    outer loop
      vertex -48.180550664663315 -27.988388240337372 73.1
      vertex -48.15648003667593 -28.21740498393774 70
      vertex -48.180550664663315 -27.988388240337372 70
    endloop
  endfacet
  facet normal 0.9986295351212079 0.05233594924714904 0
    outer loop
      vertex -48.196984976530075 -27.674802847206593 73.1
      vertex -48.180550664663315 -27.988388240337372 70
      vertex -48.196984976530075 -27.674802847206593 70
    endloop
  endfacet
  facet normal 0.9996573242298319 0.026176976785963785 0
    outer loop
      vertex -48.20000000298023 -27.559663757681847 73.1
      vertex -48.196984976530075 -27.674802847206593 70
      vertex -48.20000000298023 -27.559663757681847 70
    endloop
  endfacet
  facet normal 0.6691306283975405 0.7431448056336751 0
    outer loop
      vertex -46.56302673369646 -31.344733148813248 73.1
      vertex -46.391896687448025 -31.49881934374571 70
      vertex -46.56302673369646 -31.344733148813248 70
    endloop
  endfacet
  facet normal 0.629320395483342 0.7771459578667896 0
    outer loop
      vertex -46.391896687448025 -31.49881934374571 73.1
      vertex -46.14786062389612 -31.69643585383892 70
      vertex -46.391896687448025 -31.49881934374571 70
    endloop
  endfacet
  facet normal 0.7071067811865476 0.7071067811865476 0
    outer loop
      vertex -46.7850693911314 -31.122690491378307 73.1
      vertex -46.56302673369646 -31.344733148813248 70
      vertex -46.7850693911314 -31.122690491378307 70
    endloop
  endfacet
  facet normal 0.5877852483564419 0.8090169972346416 0
    outer loop
      vertex -46.14786062389612 -31.69643585383892 73.1
      vertex -45.961561642587185 -31.83178998529911 70
      vertex -46.14786062389612 -31.69643585383892 70
    endloop
  endfacet
  facet normal 0.4067366680733278 0.9135454465129842 0
    outer loop
      vertex -37.27865295112133 -40.200850650668144 73.1
      vertex -37.06828337907791 -40.29451322555542 70
      vertex -37.27865295112133 -40.200850650668144 70
    endloop
  endfacet
  facet normal 0.4539905246801511 0.8910065114804947 0
    outer loop
      vertex -37.558443017303944 -40.05829048156738 73.1
      vertex -37.27865295112133 -40.200850650668144 70
      vertex -37.558443017303944 -40.05829048156738 70
    endloop
  endfacet
  facet normal 0.35836799220171583 0.9335804101229368 0
    outer loop
      vertex -37.06828337907791 -40.29451322555542 73.1
      vertex -36.775124438107014 -40.40704641491175 70
      vertex -37.06828337907791 -40.29451322555542 70
    endloop
  endfacet
  facet normal 0.2079117214338601 0.9781475942261519 0
    outer loop
      vertex -36.252800926566124 -40.55947957932949 73.1
      vertex -36.02755483239889 -40.60735712200403 70
      vertex -36.252800926566124 -40.55947957932949 70
    endloop
  endfacet
  facet normal 0.30901705379430644 0.9510564969886316 0
    outer loop
      vertex -36.775124438107014 -40.40704641491175 73.1
      vertex -36.556116834282875 -40.47820631414652 70
      vertex -36.775124438107014 -40.40704641491175 70
    endloop
  endfacet
  facet normal 0.25881908271458365 0.9659258162109456 0
    outer loop
      vertex -36.556116834282875 -40.47820631414652 73.1
      vertex -36.252800926566124 -40.55947957932949 70
      vertex -36.556116834282875 -40.47820631414652 70
    endloop
  endfacet
  facet normal 0.1564344939199683 0.9876883360210363 0
    outer loop
      vertex -36.02755483239889 -40.60735712200403 73.1
      vertex -35.717405155301094 -40.65648001432419 70
      vertex -36.02755483239889 -40.60735712200403 70
    endloop
  endfacet
  facet normal 0.10452847945961533 0.9945218936664294 0
    outer loop
      vertex -35.717405155301094 -40.65648001432419 73.1
      vertex -35.48838846385479 -40.68055064231157 70
      vertex -35.717405155301094 -40.65648001432419 70
    endloop
  endfacet
  facet normal 0.05233599657071969 0.9986295326410839 0
    outer loop
      vertex -35.48838846385479 -40.68055064231157 73.1
      vertex -35.17480307072401 -40.696984969079494 70
      vertex -35.48838846385479 -40.68055064231157 70
    endloop
  endfacet
  facet normal 0.026177017730521536 0.9996573231576589 0
    outer loop
      vertex -35.17480307072401 -40.696984969079494 73.1
      vertex -35.059663876891136 -40.70000000298023 70
      vertex -35.17480307072401 -40.696984969079494 70
    endloop
  endfacet
  facet normal -0.7771459589704363 -0.6293203941204519 0
    outer loop
      vertex -48.45886895060539 -40.51478363573551 70
      vertex -48.854101963341236 -40.02671151608229 75
      vertex -48.854101963341236 -40.02671151608229 70
    endloop
  endfacet
  facet normal -0.5446390406067345 -0.8386705643141267 0
    outer loop
      vertex -47.52671151608229 -41.354101963341236 70
      vertex -47 -41.69615242630243 70
      vertex -47.52671151608229 -41.354101963341236 75
    endloop
  endfacet
  facet normal -0.7071067811865476 -0.7071067811865476 0
    outer loop
      vertex -48.45886895060539 -40.51478363573551 70
      vertex -48.01478363573551 -40.95886895060539 70
      vertex -48.45886895060539 -40.51478363573551 75
    endloop
  endfacet
  facet normal -0.6293203941204519 -0.7771459589704363 0
    outer loop
      vertex -47.52671151608229 -41.354101963341236 70
      vertex -48.01478363573551 -40.95886895060539 75
      vertex -48.01478363573551 -40.95886895060539 70
    endloop
  endfacet
  facet normal -0.9335804250773435 -0.3583679532441575 0
    outer loop
      vertex -49.481272742152214 -38.94041986018419 70
      vertex -49.706339098513126 -38.354101963341236 75
      vertex -49.706339098513126 -38.354101963341236 70
    endloop
  endfacet
  facet normal -0.8910065283221495 -0.4539904916265432 0
    outer loop
      vertex -49.481272742152214 -38.94041986018419 70
      vertex -49.19615242630243 -39.5 70
      vertex -49.481272742152214 -38.94041986018419 75
    endloop
  endfacet
  facet normal -0.8386705643141267 -0.5446390406067345 0
    outer loop
      vertex -48.854101963341236 -40.02671151608229 70
      vertex -49.19615242630243 -39.5 75
      vertex -49.19615242630243 -39.5 70
    endloop
  endfacet
  facet normal -0.9659258251084867 -0.25881904950851087 0
    outer loop
      vertex -49.706339098513126 -38.354101963341236 70
      vertex -49.86888560652733 -37.747470147907734 75
      vertex -49.86888560652733 -37.747470147907734 70
    endloop
  endfacet
  facet normal -0.9876883421006546 -0.15643445553477123 0
    outer loop
      vertex -49.86888560652733 -37.747470147907734 70
      vertex -49.9671313688159 -37.12717077881098 75
      vertex -49.9671313688159 -37.12717077881098 70
    endloop
  endfacet
  facet normal -0.3583679532441575 -0.9335804250773435 0
    outer loop
      vertex -46.44041986018419 -41.981272742152214 70
      vertex -45.854101963341236 -42.206339098513126 70
      vertex -46.44041986018419 -41.981272742152214 75
    endloop
  endfacet
  facet normal -0.4539904916265432 -0.8910065283221495 0
    outer loop
      vertex -47 -41.69615242630243 70
      vertex -46.44041986018419 -41.981272742152214 70
      vertex -47 -41.69615242630243 75
    endloop
  endfacet
  facet normal -0.25881904950851087 -0.9659258251084867 0
    outer loop
      vertex -45.854101963341236 -42.206339098513126 70
      vertex -45.247470147907734 -42.36888560652733 70
      vertex -45.854101963341236 -42.206339098513126 75
    endloop
  endfacet
  facet normal -0.15643445553477123 -0.9876883421006546 0
    outer loop
      vertex -45.247470147907734 -42.36888560652733 70
      vertex -44.62717077881098 -42.4671313688159 70
      vertex -45.247470147907734 -42.36888560652733 75
    endloop
  endfacet
  facet normal -0.052335961698072614 -0.9986295344686827 0
    outer loop
      vertex -44.62717077881098 -42.4671313688159 70
      vertex -44 -42.5 70
      vertex -44.62717077881098 -42.4671313688159 75
    endloop
  endfacet
  facet normal 0.9335804264971974 0.35836794954531154 0
    outer loop
      vertex -45.69005909663881 -37.25246278969023 72.5
      vertex -45.69005909663881 -37.25246278969023 70
      vertex -45.759454555146036 -37.071681439593654 72.5
    endloop
  endfacet
  facet normal 0.8386705679454183 0.5446390350150357 0
    outer loop
      vertex -45.49668143959365 -37.587402716741074 72.5
      vertex -45.49668143959365 -37.587402716741074 70
      vertex -45.60214699700121 -37.425 72.5
    endloop
  endfacet
  facet normal 0.7771459614569735 0.6293203910498343 0
    outer loop
      vertex -45.49668143959365 -37.587402716741074 72.5
      vertex -45.37481792713318 -37.737891621763886 72.5
      vertex -45.37481792713318 -37.737891621763886 70
    endloop
  endfacet
  facet normal 0.8910065241883708 0.453990499739541 0
    outer loop
      vertex -45.60214699700121 -37.425 72.5
      vertex -45.60214699700121 -37.425 70
      vertex -45.69005909663881 -37.25246278969023 72.5
    endloop
  endfacet
  facet normal 0.6293203910498343 0.7771459614569735 0
    outer loop
      vertex -45.237891621763886 -37.87481792713318 72.5
      vertex -45.087402716741074 -37.99668143959365 72.5
      vertex -45.087402716741074 -37.99668143959365 70
    endloop
  endfacet
  facet normal 0.5446390350150357 0.8386705679454183 0
    outer loop
      vertex -45.087402716741074 -37.99668143959365 72.5
      vertex -44.925 -38.10214699700121 72.5
      vertex -44.925 -38.10214699700121 70
    endloop
  endfacet
  facet normal 0.35836794954531154 0.9335804264971974 0
    outer loop
      vertex -44.75246278969023 -38.19005909663881 72.5
      vertex -44.571681439593654 -38.259454555146036 72.5
      vertex -44.571681439593654 -38.259454555146036 70
    endloop
  endfacet
  facet normal 0.453990499739541 0.8910065241883708 0
    outer loop
      vertex -44.75246278969023 -38.19005909663881 72.5
      vertex -44.75246278969023 -38.19005909663881 70
      vertex -44.925 -38.10214699700121 72.5
    endloop
  endfacet
  facet normal 0.7071067811865476 0.7071067811865476 0
    outer loop
      vertex -45.237891621763886 -37.87481792713318 72.5
      vertex -45.237891621763886 -37.87481792713318 70
      vertex -45.37481792713318 -37.737891621763886 72.5
    endloop
  endfacet
  facet normal 0.25881904510251097 0.9659258262890709 0
    outer loop
      vertex -44.571681439593654 -38.259454555146036 72.5
      vertex -44.384636628012856 -38.30957306135754 72.5
      vertex -44.384636628012856 -38.30957306135754 70
    endloop
  endfacet
  facet normal 0.1564344650402512 0.9876883405951344 0
    outer loop
      vertex -44.384636628012856 -38.30957306135754 72.5
      vertex -44.19337765704516 -38.33986550643131 72.5
      vertex -44.19337765704516 -38.33986550643131 70
    endloop
  endfacet
  facet normal 0.052335956242933517 0.9986295347545744 0
    outer loop
      vertex -44.19337765704516 -38.33986550643131 72.5
      vertex -44 -38.35 72.5
      vertex -44 -38.35 70
    endloop
  endfacet
  facet normal -0.052335956242933517 0.9986295347545744 0
    outer loop
      vertex -44 -38.35 72.5
      vertex -43.80662234295484 -38.33986550643131 72.5
      vertex -43.80662234295484 -38.33986550643131 70
    endloop
  endfacet
  facet normal -0.9986295344686827 -0.052335961698072614 0
    outer loop
      vertex -49.9671313688159 -37.12717077881098 70
      vertex -50 -36.5 75
      vertex -50 -36.5 70
    endloop
  endfacet
  facet normal 0.9659258262890709 0.25881904510251097 0
    outer loop
      vertex -45.759454555146036 -37.071681439593654 72.5
      vertex -45.759454555146036 -37.071681439593654 70
      vertex -45.80957306135754 -36.884636628012856 72.5
    endloop
  endfacet
  facet normal 0.9876883405951344 0.1564344650402512 0
    outer loop
      vertex -45.80957306135754 -36.884636628012856 72.5
      vertex -45.80957306135754 -36.884636628012856 70
      vertex -45.83986550643131 -36.69337765704516 72.5
    endloop
  endfacet
  facet normal 0.9986295347545744 0.052335956242933517 0
    outer loop
      vertex -45.83986550643131 -36.69337765704516 72.5
      vertex -45.83986550643131 -36.69337765704516 70
      vertex -45.85 -36.5 72.5
    endloop
  endfacet
  facet normal 0.9986295347545744 -0.052335956242933517 0
    outer loop
      vertex -45.85 -36.5 72.5
      vertex -45.85 -36.5 70
      vertex -45.83986550643131 -36.30662234295484 72.5
    endloop
  endfacet
  facet normal 0.9876883405951344 -0.1564344650402512 0
    outer loop
      vertex -45.83986550643131 -36.30662234295484 72.5
      vertex -45.83986550643131 -36.30662234295484 70
      vertex -45.80957306135754 -36.115363371987144 72.5
    endloop
  endfacet
  facet normal 0.9659258262890709 -0.25881904510251097 0
    outer loop
      vertex -45.80957306135754 -36.115363371987144 72.5
      vertex -45.80957306135754 -36.115363371987144 70
      vertex -45.759454555146036 -35.928318560406346 72.5
    endloop
  endfacet
  facet normal 0.9335804264971974 -0.35836794954531154 0
    outer loop
      vertex -45.759454555146036 -35.928318560406346 72.5
      vertex -45.759454555146036 -35.928318560406346 70
      vertex -45.69005909663881 -35.74753721030977 72.5
    endloop
  endfacet
  facet normal 0.8910065241883708 -0.453990499739541 0
    outer loop
      vertex -45.69005909663881 -35.74753721030977 72.5
      vertex -45.69005909663881 -35.74753721030977 70
      vertex -45.60214699700121 -35.575 72.5
    endloop
  endfacet
  facet normal 0.8386705679454183 -0.5446390350150357 0
    outer loop
      vertex -45.60214699700121 -35.575 72.5
      vertex -45.60214699700121 -35.575 70
      vertex -45.49668143959365 -35.412597283258926 72.5
    endloop
  endfacet
  facet normal 0.7771459614569735 -0.6293203910498343 0
    outer loop
      vertex -45.49668143959365 -35.412597283258926 72.5
      vertex -45.49668143959365 -35.412597283258926 70
      vertex -45.37481792713318 -35.262108378236114 72.5
    endloop
  endfacet
  facet normal 0.7071067811865476 -0.7071067811865476 0
    outer loop
      vertex -45.37481792713318 -35.262108378236114 72.5
      vertex -45.37481792713318 -35.262108378236114 70
      vertex -45.237891621763886 -35.12518207286682 72.5
    endloop
  endfacet
  facet normal 0.6293203910498343 -0.7771459614569735 0
    outer loop
      vertex -45.237891621763886 -35.12518207286682 72.5
      vertex -45.237891621763886 -35.12518207286682 70
      vertex -45.087402716741074 -35.00331856040635 72.5
    endloop
  endfacet
  facet normal 0.5446390350150357 -0.8386705679454183 0
    outer loop
      vertex -45.087402716741074 -35.00331856040635 72.5
      vertex -45.087402716741074 -35.00331856040635 70
      vertex -44.925 -34.89785300299879 72.5
    endloop
  endfacet
  facet normal 0.453990499739541 -0.8910065241883708 0
    outer loop
      vertex -44.925 -34.89785300299879 72.5
      vertex -44.925 -34.89785300299879 70
      vertex -44.75246278969023 -34.80994090336119 72.5
    endloop
  endfacet
  facet normal 0.35836794954531154 -0.9335804264971974 0
    outer loop
      vertex -44.75246278969023 -34.80994090336119 72.5
      vertex -44.75246278969023 -34.80994090336119 70
      vertex -44.571681439593654 -34.740545444853964 72.5
    endloop
  endfacet
  facet normal 0.25881904510251097 -0.9659258262890709 0
    outer loop
      vertex -44.571681439593654 -34.740545444853964 72.5
      vertex -44.571681439593654 -34.740545444853964 70
      vertex -44.384636628012856 -34.69042693864246 72.5
    endloop
  endfacet
  facet normal 0.1564344650402512 -0.9876883405951344 0
    outer loop
      vertex -44.384636628012856 -34.69042693864246 72.5
      vertex -44.384636628012856 -34.69042693864246 70
      vertex -44.19337765704516 -34.66013449356869 72.5
    endloop
  endfacet
  facet normal 0.052335956242933517 -0.9986295347545744 0
    outer loop
      vertex -44.19337765704516 -34.66013449356869 72.5
      vertex -44.19337765704516 -34.66013449356869 70
      vertex -44 -34.65 72.5
    endloop
  endfacet
  facet normal -0.052335956242933517 -0.9986295347545744 0
    outer loop
      vertex -43.80662234295484 -34.66013449356869 72.5
      vertex -44 -34.65 72.5
      vertex -44 -34.65 70
    endloop
  endfacet
  facet normal -0.1564344650402512 0.9876883405951344 0
    outer loop
      vertex -43.80662234295484 -38.33986550643131 72.5
      vertex -43.615363371987144 -38.30957306135754 72.5
      vertex -43.615363371987144 -38.30957306135754 70
    endloop
  endfacet
  facet normal -0.25881904510251097 0.9659258262890709 0
    outer loop
      vertex -43.615363371987144 -38.30957306135754 72.5
      vertex -43.428318560406346 -38.259454555146036 72.5
      vertex -43.428318560406346 -38.259454555146036 70
    endloop
  endfacet
  facet normal -0.35836794954531154 0.9335804264971974 0
    outer loop
      vertex -43.428318560406346 -38.259454555146036 72.5
      vertex -43.24753721030977 -38.19005909663881 72.5
      vertex -43.24753721030977 -38.19005909663881 70
    endloop
  endfacet
  facet normal -0.453990499739541 0.8910065241883708 0
    outer loop
      vertex -43.24753721030977 -38.19005909663881 72.5
      vertex -43.075 -38.10214699700121 72.5
      vertex -43.075 -38.10214699700121 70
    endloop
  endfacet
  facet normal -0.5446390350150357 0.8386705679454183 0
    outer loop
      vertex -43.075 -38.10214699700121 72.5
      vertex -42.912597283258926 -37.99668143959365 72.5
      vertex -42.912597283258926 -37.99668143959365 70
    endloop
  endfacet
  facet normal -0.6293203910498343 0.7771459614569735 0
    outer loop
      vertex -42.912597283258926 -37.99668143959365 72.5
      vertex -42.762108378236114 -37.87481792713318 72.5
      vertex -42.762108378236114 -37.87481792713318 70
    endloop
  endfacet
  facet normal -0.7071067811865476 0.7071067811865476 0
    outer loop
      vertex -42.762108378236114 -37.87481792713318 72.5
      vertex -42.62518207286682 -37.737891621763886 72.5
      vertex -42.62518207286682 -37.737891621763886 70
    endloop
  endfacet
  facet normal -0.7771459614569735 0.6293203910498343 0
    outer loop
      vertex -42.62518207286682 -37.737891621763886 72.5
      vertex -42.50331856040635 -37.587402716741074 72.5
      vertex -42.50331856040635 -37.587402716741074 70
    endloop
  endfacet
  facet normal -0.8386705679454183 0.5446390350150357 0
    outer loop
      vertex -42.50331856040635 -37.587402716741074 72.5
      vertex -42.39785300299879 -37.425 72.5
      vertex -42.39785300299879 -37.425 70
    endloop
  endfacet
  facet normal -0.8910065241883708 0.453990499739541 0
    outer loop
      vertex -42.39785300299879 -37.425 72.5
      vertex -42.30994090336119 -37.25246278969023 72.5
      vertex -42.30994090336119 -37.25246278969023 70
    endloop
  endfacet
  facet normal -0.9335804264971974 0.35836794954531154 0
    outer loop
      vertex -42.30994090336119 -37.25246278969023 72.5
      vertex -42.240545444853964 -37.071681439593654 72.5
      vertex -42.240545444853964 -37.071681439593654 70
    endloop
  endfacet
  facet normal -0.9659258262890709 0.25881904510251097 0
    outer loop
      vertex -42.240545444853964 -37.071681439593654 72.5
      vertex -42.19042693864246 -36.884636628012856 72.5
      vertex -42.19042693864246 -36.884636628012856 70
    endloop
  endfacet
  facet normal -0.9659258262890709 -0.25881904510251097 0
    outer loop
      vertex -42.19042693864246 -36.115363371987144 72.5
      vertex -42.240545444853964 -35.928318560406346 72.5
      vertex -42.240545444853964 -35.928318560406346 70
    endloop
  endfacet
  facet normal -0.1564344650402512 -0.9876883405951344 0
    outer loop
      vertex -43.80662234295484 -34.66013449356869 72.5
      vertex -43.80662234295484 -34.66013449356869 70
      vertex -43.615363371987144 -34.69042693864246 72.5
    endloop
  endfacet
  facet normal -0.25881904510251097 -0.9659258262890709 0
    outer loop
      vertex -43.615363371987144 -34.69042693864246 72.5
      vertex -43.615363371987144 -34.69042693864246 70
      vertex -43.428318560406346 -34.740545444853964 72.5
    endloop
  endfacet
  facet normal -0.35836794954531154 -0.9335804264971974 0
    outer loop
      vertex -43.428318560406346 -34.740545444853964 72.5
      vertex -43.428318560406346 -34.740545444853964 70
      vertex -43.24753721030977 -34.80994090336119 72.5
    endloop
  endfacet
  facet normal -0.5446390350150357 -0.8386705679454183 0
    outer loop
      vertex -43.075 -34.89785300299879 72.5
      vertex -43.075 -34.89785300299879 70
      vertex -42.912597283258926 -35.00331856040635 72.5
    endloop
  endfacet
  facet normal -0.453990499739541 -0.8910065241883708 0
    outer loop
      vertex -43.24753721030977 -34.80994090336119 72.5
      vertex -43.24753721030977 -34.80994090336119 70
      vertex -43.075 -34.89785300299879 72.5
    endloop
  endfacet
  facet normal -0.7771459614569735 -0.6293203910498343 0
    outer loop
      vertex -42.62518207286682 -35.262108378236114 72.5
      vertex -42.62518207286682 -35.262108378236114 70
      vertex -42.50331856040635 -35.412597283258926 72.5
    endloop
  endfacet
  facet normal -0.9335804264971974 -0.35836794954531154 0
    outer loop
      vertex -42.240545444853964 -35.928318560406346 72.5
      vertex -42.30994090336119 -35.74753721030977 72.5
      vertex -42.30994090336119 -35.74753721030977 70
    endloop
  endfacet
  facet normal -0.8910065241883708 -0.453990499739541 0
    outer loop
      vertex -42.30994090336119 -35.74753721030977 72.5
      vertex -42.39785300299879 -35.575 72.5
      vertex -42.39785300299879 -35.575 70
    endloop
  endfacet
  facet normal -0.8386705679454183 -0.5446390350150357 0
    outer loop
      vertex -42.39785300299879 -35.575 72.5
      vertex -42.50331856040635 -35.412597283258926 72.5
      vertex -42.50331856040635 -35.412597283258926 70
    endloop
  endfacet
  facet normal -0.6293203910498343 -0.7771459614569735 0
    outer loop
      vertex -42.912597283258926 -35.00331856040635 72.5
      vertex -42.912597283258926 -35.00331856040635 70
      vertex -42.762108378236114 -35.12518207286682 72.5
    endloop
  endfacet
  facet normal -0.7071067811865476 -0.7071067811865476 0
    outer loop
      vertex -42.762108378236114 -35.12518207286682 72.5
      vertex -42.762108378236114 -35.12518207286682 70
      vertex -42.62518207286682 -35.262108378236114 72.5
    endloop
  endfacet
  facet normal -0.9876883405951344 0.1564344650402512 0
    outer loop
      vertex -42.19042693864246 -36.884636628012856 72.5
      vertex -42.16013449356869 -36.69337765704516 72.5
      vertex -42.16013449356869 -36.69337765704516 70
    endloop
  endfacet
  facet normal -0.9986295347545744 0.052335956242933517 0
    outer loop
      vertex -42.16013449356869 -36.69337765704516 72.5
      vertex -42.15 -36.5 72.5
      vertex -42.15 -36.5 70
    endloop
  endfacet
  facet normal -0.9986295347545744 -0.052335956242933517 0
    outer loop
      vertex -42.15 -36.5 72.5
      vertex -42.16013449356869 -36.30662234295484 72.5
      vertex -42.16013449356869 -36.30662234295484 70
    endloop
  endfacet
  facet normal -0.9876883405951344 -0.1564344650402512 0
    outer loop
      vertex -42.19042693864246 -36.115363371987144 72.5
      vertex -42.19042693864246 -36.115363371987144 70
      vertex -42.16013449356869 -36.30662234295484 72.5
    endloop
  endfacet
  facet normal 0.5446390302010375 0.8386705710716652 0
    outer loop
      vertex -45.961561642587185 -31.83178998529911 73.1
      vertex -45.69820586591959 -32.00281522423029 73.1
      vertex -45.69820586591959 -32.00281522423029 70
    endloop
  endfacet
  facet normal 0.4999999778828949 0.8660254165537549 0
    outer loop
      vertex -45.69820586591959 -32.00281522423029 73.1
      vertex -45.49877908825874 -32.117954321205616 73.1
      vertex -45.49877908825874 -32.117954321205616 70
    endloop
  endfacet
  facet normal 0.45399049624595805 0.8910065259684403 0
    outer loop
      vertex -45.49877908825874 -32.117954321205616 73.1
      vertex -45.21898901462555 -32.2605144828558 73.1
      vertex -45.21898901462555 -32.2605144828558 70
    endloop
  endfacet
  facet normal 0.40673665900909506 0.9135454505486409 0
    outer loop
      vertex -45.21898901462555 -32.2605144828558 73.1
      vertex -45.00861942023039 -32.35417706519365 73.1
      vertex -45.00861942023039 -32.35417706519365 70
    endloop
  endfacet
  facet normal 0.358367950842512 0.9335804259992488 0
    outer loop
      vertex -44.71546047925949 -32.46671023964882 73.1
      vertex -44.71546047925949 -32.46671023964882 70
      vertex -45.00861942023039 -32.35417706519365 73.1
    endloop
  endfacet
  facet normal 0.30901700403425203 0.9510565131566553 0
    outer loop
      vertex -44.71546047925949 -32.46671023964882 73.1
      vertex -44.496452905237675 -32.53787011653185 73.1
      vertex -44.496452905237675 -32.53787011653185 70
    endloop
  endfacet
  facet normal 0.25881905464550803 0.9659258237320325 0
    outer loop
      vertex -44.496452905237675 -32.53787011653185 73.1
      vertex -44.19313699007034 -32.61914337426424 73.1
      vertex -44.19313699007034 -32.61914337426424 70
    endloop
  endfacet
  facet normal 0.20791168584136577 0.9781476017915708 0
    outer loop
      vertex -44.19313699007034 -32.61914337426424 73.1
      vertex -43.96789092570543 -32.66702090203762 73.1
      vertex -43.96789092570543 -32.66702090203762 70
    endloop
  endfacet
  facet normal 0.15643447947138045 0.987688338309468 0
    outer loop
      vertex -43.96789092570543 -32.66702090203762 73.1
      vertex -43.657741360366344 -32.716143772006035 73.1
      vertex -43.657741360366344 -32.716143772006035 70
    endloop
  endfacet
  facet normal 0.5446390627142673 0.8386705499573265 0
    outer loop
      vertex -38.021225556731224 -39.772126130759716 73.1
      vertex -37.75786980241537 -39.943151369690895 73.1
      vertex -37.75786980241537 -39.943151369690895 70
    endloop
  endfacet
  facet normal 0.5000000124049407 0.8660253966224428 0
    outer loop
      vertex -37.75786980241537 -39.943151369690895 73.1
      vertex -37.558443017303944 -40.05829048156738 73.1
      vertex -37.558443017303944 -40.05829048156738 70
    endloop
  endfacet
  facet normal 0.7771459744531957 0.629320375000836 0
    outer loop
      vertex -39.19643598794937 -38.64786045998335 73.1
      vertex -38.99881947040558 -38.89189654588699 73.1
      vertex -38.99881947040558 -38.89189654588699 70
    endloop
  endfacet
  facet normal 0.8090170237984825 0.5877852117944492 0
    outer loop
      vertex -39.19643598794937 -38.64786045998335 73.1
      vertex -39.19643598794937 -38.64786045998335 70
      vertex -39.33179011195898 -38.46156147122383 73.1
    endloop
  endfacet
  facet normal 0.9335804351407654 0.3583679270280465 0
    outer loop
      vertex -39.966710314154625 -37.215460285544395 73.1
      vertex -39.85417713969946 -37.508619248867035 73.1
      vertex -39.85417713969946 -37.508619248867035 70
    endloop
  endfacet
  facet normal 0.8910065500540655 0.4539904489752531 0
    outer loop
      vertex -39.617954447865486 -37.99877889454365 73.1
      vertex -39.617954447865486 -37.99877889454365 70
      vertex -39.760514594614506 -37.71898881345987 73.1
    endloop
  endfacet
  facet normal 0.86602541496714 0.49999998063099266 0
    outer loop
      vertex -39.50281532853842 -38.1982057094574 73.1
      vertex -39.50281532853842 -38.1982057094574 70
      vertex -39.617954447865486 -37.99877889454365 73.1
    endloop
  endfacet
  facet normal 0.8386705895086698 0.544639001810539 0
    outer loop
      vertex -39.50281532853842 -38.1982057094574 73.1
      vertex -39.33179011195898 -38.46156147122383 73.1
      vertex -39.33179011195898 -38.46156147122383 70
    endloop
  endfacet
  facet normal 0.9135454892488474 0.4067365720870006 0
    outer loop
      vertex -39.760514594614506 -37.71898881345987 73.1
      vertex -39.760514594614506 -37.71898881345987 70
      vertex -39.85417713969946 -37.508619248867035 73.1
    endloop
  endfacet
  facet normal 0.707106816776709 0.7071067455963843 0
    outer loop
      vertex -38.84473331272602 -39.06302657723427 73.1
      vertex -38.62269067019224 -39.28506924211979 73.1
      vertex -38.62269067019224 -39.28506924211979 70
    endloop
  endfacet
  facet normal 0.6293204214174093 0.777145936865795 0
    outer loop
      vertex -38.451560601592064 -39.43915545940399 73.1
      vertex -38.20752454549074 -39.636771976947784 73.1
      vertex -38.20752454549074 -39.636771976947784 70
    endloop
  endfacet
  facet normal 0.6691306337363798 0.7431448008265621 0
    outer loop
      vertex -38.451560601592064 -39.43915545940399 73.1
      vertex -38.451560601592064 -39.43915545940399 70
      vertex -38.62269067019224 -39.28506924211979 73.1
    endloop
  endfacet
  facet normal 0.7431448571046009 0.6691305712332851 0
    outer loop
      vertex -38.99881947040558 -38.89189654588699 73.1
      vertex -38.84473331272602 -39.06302657723427 73.1
      vertex -38.84473331272602 -39.06302657723427 70
    endloop
  endfacet
  facet normal 0.587785296500131 0.8090169622562021 0
    outer loop
      vertex -38.20752454549074 -39.636771976947784 73.1
      vertex -38.021225556731224 -39.772126130759716 73.1
      vertex -38.021225556731224 -39.772126130759716 70
    endloop
  endfacet
  facet normal 0.8660254246525537 0.49999996385536283 0
    outer loop
      vertex -40.72308457642794 -34.584006763994694 73.1
      vertex -40.70224350690842 -34.62010455876589 73.1
      vertex -40.70224350690842 -34.62010455876589 70
    endloop
  endfacet
  facet normal 0.13052582425750334 0.9914449098169295 0
    outer loop
      vertex -43.657741360366344 -32.716143772006035 73.1
      vertex -43.6211738884449 -32.72095795720816 73.1
      vertex -43.6211738884449 -32.72095795720816 70
    endloop
  endfacet
  facet normal 0.1564344713084453 0.98768833960235 0
    outer loop
      vertex -43.6211738884449 -32.72095795720816 73.1
      vertex -43.23117606341839 -32.78272754698992 73.1
      vertex -43.23117606341839 -32.78272754698992 70
    endloop
  endfacet
  facet normal 0.20791164914109106 0.9781476095924541 0
    outer loop
      vertex -43.23117606341839 -32.78272754698992 73.1
      vertex -43.19040474295616 -32.791393756866455 73.1
      vertex -43.19040474295616 -32.791393756866455 70
    endloop
  endfacet
  facet normal 0.309016937148793 0.9510565348890563 0
    outer loop
      vertex -42.84682697057724 -32.88345514982939 73.1
      vertex -42.807184778153896 -32.89633567631245 73.1
      vertex -42.807184778153896 -32.89633567631245 70
    endloop
  endfacet
  facet normal 0.35836795026005863 0.9335804262228318 0
    outer loop
      vertex -42.807184778153896 -32.89633567631245 73.1
      vertex -42.4751123636961 -33.02380633354187 73.1
      vertex -42.4751123636961 -33.02380633354187 70
    endloop
  endfacet
  facet normal 0.25881906167157254 0.965925821849404 0
    outer loop
      vertex -43.19040474295616 -32.791393756866455 73.1
      vertex -42.84682697057724 -32.88345514982939 73.1
      vertex -42.84682697057724 -32.88345514982939 70
    endloop
  endfacet
  facet normal 0.40673662386291654 0.9135454661967277 0
    outer loop
      vertex -42.4751123636961 -33.02380633354187 73.1
      vertex -42.4370336458087 -33.040760070085526 73.1
      vertex -42.4370336458087 -33.040760070085526 70
    endloop
  endfacet
  facet normal 0.4539904947783353 0.8910065267162314 0
    outer loop
      vertex -42.4370336458087 -33.040760070085526 73.1
      vertex -42.12010458111763 -33.202243492007256 73.1
      vertex -42.12010458111763 -33.202243492007256 70
    endloop
  endfacet
  facet normal 0.5000000301411045 0.8660253863824631 0
    outer loop
      vertex -42.12010458111763 -33.202243492007256 73.1
      vertex -42.08400668948889 -33.22308462113142 73.1
      vertex -42.08400668948889 -33.22308462113142 70
    endloop
  endfacet
  facet normal 0.5446390545889127 0.8386705552339938 0
    outer loop
      vertex -42.08400668948889 -33.22308462113142 73.1
      vertex -41.7856934890151 -33.41681148856878 73.1
      vertex -41.7856934890151 -33.41681148856878 70
    endloop
  endfacet
  facet normal 0.6293204009055282 0.7771459534759897 0
    outer loop
      vertex -41.75197196006775 -33.44131160527468 73.1
      vertex -41.47554263472557 -33.66515966504812 73.1
      vertex -41.47554263472557 -33.66515966504812 70
    endloop
  endfacet
  facet normal 0.6691306144728455 0.7431448181715272 0
    outer loop
      vertex -41.47554263472557 -33.66515966504812 73.1
      vertex -41.444566778838634 -33.69305045157671 73.1
      vertex -41.444566778838634 -33.69305045157671 70
    endloop
  endfacet
  facet normal 0.5877851237884874 0.8090170877385424 0
    outer loop
      vertex -41.7856934890151 -33.41681148856878 73.1
      vertex -41.75197196006775 -33.44131160527468 73.1
      vertex -41.75197196006775 -33.44131160527468 70
    endloop
  endfacet
  facet normal 0.777145956426931 0.6293203972614194 0
    outer loop
      vertex -41.16515966504812 -33.97554263472557 73.1
      vertex -40.94131155312061 -34.251972027122974 73.1
      vertex -40.94131155312061 -34.251972027122974 70
    endloop
  endfacet
  facet normal 0.7431448181715272 0.6691306144728455 0
    outer loop
      vertex -41.19305045157671 -33.944566778838634 73.1
      vertex -41.16515966504812 -33.97554263472557 73.1
      vertex -41.16515966504812 -33.97554263472557 70
    endloop
  endfacet
  facet normal 0.8090170353239369 0.5877851959310201 0
    outer loop
      vertex -40.91681157797575 -34.28569335490465 73.1
      vertex -40.91681157797575 -34.28569335490465 70
      vertex -40.94131155312061 -34.251972027122974 73.1
    endloop
  endfacet
  facet normal 0.838670556988845 0.5446390518866788 0
    outer loop
      vertex -40.72308457642794 -34.584006763994694 73.1
      vertex -40.72308457642794 -34.584006763994694 70
      vertex -40.91681157797575 -34.28569335490465 73.1
    endloop
  endfacet
  facet normal 0.7071067811865476 0.7071067811865476 0
    outer loop
      vertex -41.444566778838634 -33.69305045157671 73.1
      vertex -41.19305045157671 -33.944566778838634 73.1
      vertex -41.19305045157671 -33.944566778838634 70
    endloop
  endfacet
  facet normal 0.9659258344319026 0.2588190147130476 0
    outer loop
      vertex -40.037870183587074 -36.99645269662142 73.1
      vertex -40.037870183587074 -36.99645269662142 70
      vertex -40.119143433868885 -36.693136759102345 73.1
    endloop
  endfacet
  facet normal 0.951056528844657 0.309016955751545 0
    outer loop
      vertex -39.966710314154625 -37.215460285544395 73.1
      vertex -39.966710314154625 -37.215460285544395 70
      vertex -40.037870183587074 -36.99645269662142 73.1
    endloop
  endfacet
  facet normal 0.9781476097700946 0.20791164830535763 0
    outer loop
      vertex -40.119143433868885 -36.693136759102345 73.1
      vertex -40.119143433868885 -36.693136759102345 70
      vertex -40.167020954191685 -36.467890687286854 73.1
    endloop
  endfacet
  facet normal 0.9876883424000126 0.1564344536446997 0
    outer loop
      vertex -40.22095795720816 -36.12117397040129 73.1
      vertex -40.22095795720816 -36.12117397040129 70
      vertex -40.28272756934166 -35.73117595911026 73.1
    endloop
  endfacet
  facet normal 0.9876883475996361 0.15643442081556247 0
    outer loop
      vertex -40.167020954191685 -36.467890687286854 73.1
      vertex -40.167020954191685 -36.467890687286854 70
      vertex -40.2161438241601 -36.157741002738476 73.1
    endloop
  endfacet
  facet normal 0.9914448897538057 0.13052597665240342 0
    outer loop
      vertex -40.22095795720816 -36.12117397040129 73.1
      vertex -40.2161438241601 -36.157741002738476 73.1
      vertex -40.2161438241601 -36.157741002738476 70
    endloop
  endfacet
  facet normal 0.9781476104724821 0.20791164500088272 0
    outer loop
      vertex -40.28272756934166 -35.73117595911026 73.1
      vertex -40.28272756934166 -35.73117595911026 70
      vertex -40.291393756866455 -35.69040474295616 73.1
    endloop
  endfacet
  facet normal 0.965925821849404 0.25881906167157254 0
    outer loop
      vertex -40.291393756866455 -35.69040474295616 73.1
      vertex -40.291393756866455 -35.69040474295616 70
      vertex -40.38345514982939 -35.34682697057724 73.1
    endloop
  endfacet
  facet normal 0.9335804262228318 0.35836795026005863 0
    outer loop
      vertex -40.39633567631245 -35.307184778153896 73.1
      vertex -40.39633567631245 -35.307184778153896 70
      vertex -40.52380633354187 -34.9751123636961 73.1
    endloop
  endfacet
  facet normal 0.9510565348890563 0.309016937148793 0
    outer loop
      vertex -40.39633567631245 -35.307184778153896 73.1
      vertex -40.38345514982939 -35.34682697057724 73.1
      vertex -40.38345514982939 -35.34682697057724 70
    endloop
  endfacet
  facet normal 0.9135454366258215 0.40673669028025616 0
    outer loop
      vertex -40.540760070085526 -34.93703365325928 73.1
      vertex -40.52380633354187 -34.9751123636961 73.1
      vertex -40.52380633354187 -34.9751123636961 70
    endloop
  endfacet
  facet normal 0.8910065270390671 0.45399049414473436 0
    outer loop
      vertex -40.70224350690842 -34.62010455876589 73.1
      vertex -40.540760070085526 -34.93703365325928 73.1
      vertex -40.540760070085526 -34.93703365325928 70
    endloop
  endfacet
  facet normal 0.8090169999983138 0.5877852445525733 0
    outer loop
      vertex -47.136772096157074 -30.70752438157797 73.1
      vertex -47.136772096157074 -30.70752438157797 70
      vertex -47.272126242518425 -30.52122537791729 73.1
    endloop
  endfacet
  facet normal 0.7771459578667896 0.629320395483342 0
    outer loop
      vertex -47.136772096157074 -30.70752438157797 73.1
      vertex -46.93915558606386 -30.95156044512987 73.1
      vertex -46.93915558606386 -30.95156044512987 70
    endloop
  endfacet
  facet normal 0.9135454505486409 0.40673665900909506 0
    outer loop
      vertex -47.70085072517395 -29.778652772307396 73.1
      vertex -47.70085072517395 -29.778652772307396 70
      vertex -47.79451330751181 -29.568283177912235 73.1
    endloop
  endfacet
  facet normal 0.9335804259992488 0.358367950842512 0
    outer loop
      vertex -47.90704648196697 -29.275124236941338 73.1
      vertex -47.79451330751181 -29.568283177912235 73.1
      vertex -47.79451330751181 -29.568283177912235 70
    endloop
  endfacet
  facet normal 0.8386705716328138 0.5446390293369446 0
    outer loop
      vertex -47.272126242518425 -30.52122537791729 73.1
      vertex -47.272126242518425 -30.52122537791729 70
      vertex -47.44315146654844 -30.257869623601437 73.1
    endloop
  endfacet
  facet normal 0.8660254165537549 0.4999999778828949 0
    outer loop
      vertex -47.55829056352377 -30.05844284594059 73.1
      vertex -47.44315146654844 -30.257869623601437 73.1
      vertex -47.44315146654844 -30.257869623601437 70
    endloop
  endfacet
  facet normal 0.8910065259684403 0.45399049624595805 0
    outer loop
      vertex -47.55829056352377 -30.05844284594059 73.1
      vertex -47.55829056352377 -30.05844284594059 70
      vertex -47.70085072517395 -29.778652772307396 73.1
    endloop
  endfacet
  facet normal 0.9781475994074664 0.20791169705769463 0
    outer loop
      vertex -48.059479616582394 -28.75280074775219 73.1
      vertex -48.059479616582394 -28.75280074775219 70
      vertex -48.107357151806355 -28.527554661035538 73.1
    endloop
  endfacet
  facet normal 0.9510565131566553 0.30901700403425203 0
    outer loop
      vertex -47.90704648196697 -29.275124236941338 73.1
      vertex -47.90704648196697 -29.275124236941338 70
      vertex -47.97820635885 -29.05611666291952 73.1
    endloop
  endfacet
  facet normal 0.9659258237320325 0.25881905464550803 0
    outer loop
      vertex -47.97820635885 -29.05611666291952 73.1
      vertex -47.97820635885 -29.05611666291952 70
      vertex -48.059479616582394 -28.75280074775219 73.1
    endloop
  endfacet
  facet normal 0.9876883396870251 0.15643447077382908 0
    outer loop
      vertex -48.107357151806355 -28.527554661035538 73.1
      vertex -48.107357151806355 -28.527554661035538 70
      vertex -48.15648003667593 -28.21740498393774 73.1
    endloop
  endfacet
  facet normal 0.9945218961410265 0.10452845591539826 0
    outer loop
      vertex -48.15648003667593 -28.21740498393774 73.1
      vertex -48.15648003667593 -28.21740498393774 70
      vertex -48.180550664663315 -27.988388240337372 73.1
    endloop
  endfacet
  facet normal 0.9986295351212079 0.05233594924714904 0
    outer loop
      vertex -48.180550664663315 -27.988388240337372 73.1
      vertex -48.180550664663315 -27.988388240337372 70
      vertex -48.196984976530075 -27.674802847206593 73.1
    endloop
  endfacet
  facet normal 0.9996573242298319 0.026176976785963785 0
    outer loop
      vertex -48.196984976530075 -27.674802847206593 73.1
      vertex -48.196984976530075 -27.674802847206593 70
      vertex -48.20000000298023 -27.559663757681847 73.1
    endloop
  endfacet
  facet normal 0.7071067811865476 0.7071067811865476 0
    outer loop
      vertex -46.7850693911314 -31.122690491378307 73.1
      vertex -46.56302673369646 -31.344733148813248 73.1
      vertex -46.56302673369646 -31.344733148813248 70
    endloop
  endfacet
  facet normal 0.629320395483342 0.7771459578667896 0
    outer loop
      vertex -46.391896687448025 -31.49881934374571 73.1
      vertex -46.14786062389612 -31.69643585383892 73.1
      vertex -46.14786062389612 -31.69643585383892 70
    endloop
  endfacet
  facet normal 0.6691306283975405 0.7431448056336751 0
    outer loop
      vertex -46.391896687448025 -31.49881934374571 73.1
      vertex -46.391896687448025 -31.49881934374571 70
      vertex -46.56302673369646 -31.344733148813248 73.1
    endloop
  endfacet
  facet normal 0.7431448056336751 0.6691306283975405 0
    outer loop
      vertex -46.93915558606386 -30.95156044512987 73.1
      vertex -46.7850693911314 -31.122690491378307 73.1
      vertex -46.7850693911314 -31.122690491378307 70
    endloop
  endfacet
  facet normal 0.5877852483564419 0.8090169972346416 0
    outer loop
      vertex -45.961561642587185 -31.83178998529911 73.1
      vertex -45.961561642587185 -31.83178998529911 70
      vertex -46.14786062389612 -31.69643585383892 73.1
    endloop
  endfacet
  facet normal 0.4067366680733278 0.9135454465129842 0
    outer loop
      vertex -37.27865295112133 -40.200850650668144 73.1
      vertex -37.06828337907791 -40.29451322555542 73.1
      vertex -37.06828337907791 -40.29451322555542 70
    endloop
  endfacet
  facet normal 0.4539905246801511 0.8910065114804947 0
    outer loop
      vertex -37.27865295112133 -40.200850650668144 73.1
      vertex -37.27865295112133 -40.200850650668144 70
      vertex -37.558443017303944 -40.05829048156738 73.1
    endloop
  endfacet
  facet normal 0.35836799220171583 0.9335804101229368 0
    outer loop
      vertex -37.06828337907791 -40.29451322555542 73.1
      vertex -36.775124438107014 -40.40704641491175 73.1
      vertex -36.775124438107014 -40.40704641491175 70
    endloop
  endfacet
  facet normal 0.25881908271458365 0.9659258162109456 0
    outer loop
      vertex -36.556116834282875 -40.47820631414652 73.1
      vertex -36.252800926566124 -40.55947957932949 73.1
      vertex -36.252800926566124 -40.55947957932949 70
    endloop
  endfacet
  facet normal 0.2079117214338601 0.9781475942261519 0
    outer loop
      vertex -36.252800926566124 -40.55947957932949 73.1
      vertex -36.02755483239889 -40.60735712200403 73.1
      vertex -36.02755483239889 -40.60735712200403 70
    endloop
  endfacet
  facet normal 0.30901705379430644 0.9510564969886316 0
    outer loop
      vertex -36.775124438107014 -40.40704641491175 73.1
      vertex -36.556116834282875 -40.47820631414652 73.1
      vertex -36.556116834282875 -40.47820631414652 70
    endloop
  endfacet
  facet normal 0.1564344939199683 0.9876883360210363 0
    outer loop
      vertex -36.02755483239889 -40.60735712200403 73.1
      vertex -35.717405155301094 -40.65648001432419 73.1
      vertex -35.717405155301094 -40.65648001432419 70
    endloop
  endfacet
  facet normal 0.10452847945961533 0.9945218936664294 0
    outer loop
      vertex -35.717405155301094 -40.65648001432419 73.1
      vertex -35.48838846385479 -40.68055064231157 73.1
      vertex -35.48838846385479 -40.68055064231157 70
    endloop
  endfacet
  facet normal 0.05233599657071969 0.9986295326410839 0
    outer loop
      vertex -35.48838846385479 -40.68055064231157 73.1
      vertex -35.17480307072401 -40.696984969079494 73.1
      vertex -35.17480307072401 -40.696984969079494 70
    endloop
  endfacet
  facet normal 0.026177017730521536 0.9996573231576589 0
    outer loop
      vertex -35.17480307072401 -40.696984969079494 73.1
      vertex -35.059663876891136 -40.70000000298023 73.1
      vertex -35.059663876891136 -40.70000000298023 70
    endloop
  endfacet
  facet normal 0 0 -1
    outer loop
      vertex -50 -36.5 70
      vertex -50 36.5 70
      vertex -48.196984976530075 -27.674802847206593 70
    endloop
  endfacet
  facet normal 0 0 -1
    outer loop
      vertex -50 36.5 70
      vertex -48.20000000298023 -27.559663757681847 70
      vertex -48.196984976530075 -27.674802847206593 70
    endloop
  endfacet
  facet normal 1 0 0
    outer loop
      vertex -48.20000000298023 -27.559663757681847 73.1
      vertex -48.20000000298023 -27.559663757681847 70
      vertex -48.20000000298023 27.559663757681847 73.1
    endloop
  endfacet
  facet normal 0 0 -1
    outer loop
      vertex -47.52671151608229 -41.354101963341236 70
      vertex 35.05966376513243 -40.70000000298023 70
      vertex -47 -41.69615242630243 70
    endloop
  endfacet
  facet normal 0 0 -1
    outer loop
      vertex -47.52671151608229 -41.354101963341236 70
      vertex -48.01478363573551 -40.95886895060539 70
      vertex 35.05966376513243 -40.70000000298023 70
    endloop
  endfacet
  facet normal 0 0 -1
    outer loop
      vertex -48.01478363573551 -40.95886895060539 70
      vertex -35.059663876891136 -40.70000000298023 70
      vertex 35.05966376513243 -40.70000000298023 70
    endloop
  endfacet
  facet normal 0 0 -1
    outer loop
      vertex -46.44041986018419 -41.981272742152214 70
      vertex 47.52671151608229 -41.354101963341236 70
      vertex -45.854101963341236 -42.206339098513126 70
    endloop
  endfacet
  facet normal 0 0 -1
    outer loop
      vertex -47 -41.69615242630243 70
      vertex 48.01478363573551 -40.95886895060539 70
      vertex -46.44041986018419 -41.981272742152214 70
    endloop
  endfacet
  facet normal 0 0 -1
    outer loop
      vertex -45.247470147907734 -42.36888560652733 70
      vertex 46.44041986018419 -41.981272742152214 70
      vertex -44.62717077881098 -42.4671313688159 70
    endloop
  endfacet
  facet normal 0 0 -1
    outer loop
      vertex -45.854101963341236 -42.206339098513126 70
      vertex 47 -41.69615242630243 70
      vertex -45.247470147907734 -42.36888560652733 70
    endloop
  endfacet
  facet normal 0 0 -1
    outer loop
      vertex -44.62717077881098 -42.4671313688159 70
      vertex 45.854101963341236 -42.206339098513126 70
      vertex -44 -42.5 70
    endloop
  endfacet
  facet normal 0 1 0
    outer loop
      vertex -35.059663876891136 -40.70000000298023 73.1
      vertex 35.05966376513243 -40.70000000298023 70
      vertex -35.059663876891136 -40.70000000298023 70
    endloop
  endfacet
  facet normal 0 -1 0
    outer loop
      vertex -44 -42.5 70
      vertex 44 -42.5 70
      vertex -44 -42.5 75
    endloop
  endfacet
  facet normal -0.8386705643141267 -0.5446390406067345 0
    outer loop
      vertex -48.854101963341236 -40.02671151608229 70
      vertex -48.854101963341236 -40.02671151608229 75
      vertex -49.19615242630243 -39.5 75
    endloop
  endfacet
  facet normal -0.7771459589704363 -0.6293203941204519 0
    outer loop
      vertex -48.45886895060539 -40.51478363573551 70
      vertex -48.45886895060539 -40.51478363573551 75
      vertex -48.854101963341236 -40.02671151608229 75
    endloop
  endfacet
  facet normal -0.6293203941204519 -0.7771459589704363 0
    outer loop
      vertex -47.52671151608229 -41.354101963341236 70
      vertex -47.52671151608229 -41.354101963341236 75
      vertex -48.01478363573551 -40.95886895060539 75
    endloop
  endfacet
  facet normal -0.5446390406067345 -0.8386705643141267 0
    outer loop
      vertex -47 -41.69615242630243 70
      vertex -47 -41.69615242630243 75
      vertex -47.52671151608229 -41.354101963341236 75
    endloop
  endfacet
  facet normal -0.7071067811865476 -0.7071067811865476 0
    outer loop
      vertex -48.01478363573551 -40.95886895060539 70
      vertex -48.01478363573551 -40.95886895060539 75
      vertex -48.45886895060539 -40.51478363573551 75
    endloop
  endfacet
  facet normal -0.8910065283221495 -0.4539904916265432 0
    outer loop
      vertex -49.19615242630243 -39.5 70
      vertex -49.19615242630243 -39.5 75
      vertex -49.481272742152214 -38.94041986018419 75
    endloop
  endfacet
  facet normal -0.9335804250773435 -0.3583679532441575 0
    outer loop
      vertex -49.481272742152214 -38.94041986018419 70
      vertex -49.481272742152214 -38.94041986018419 75
      vertex -49.706339098513126 -38.354101963341236 75
    endloop
  endfacet
  facet normal -0.9659258251084867 -0.25881904950851087 0
    outer loop
      vertex -49.706339098513126 -38.354101963341236 70
      vertex -49.706339098513126 -38.354101963341236 75
      vertex -49.86888560652733 -37.747470147907734 75
    endloop
  endfacet
  facet normal -0.9876883421006546 -0.15643445553477123 0
    outer loop
      vertex -49.86888560652733 -37.747470147907734 70
      vertex -49.86888560652733 -37.747470147907734 75
      vertex -49.9671313688159 -37.12717077881098 75
    endloop
  endfacet
  facet normal -0.4539904916265432 -0.8910065283221495 0
    outer loop
      vertex -46.44041986018419 -41.981272742152214 70
      vertex -46.44041986018419 -41.981272742152214 75
      vertex -47 -41.69615242630243 75
    endloop
  endfacet
  facet normal -0.3583679532441575 -0.9335804250773435 0
    outer loop
      vertex -45.854101963341236 -42.206339098513126 70
      vertex -45.854101963341236 -42.206339098513126 75
      vertex -46.44041986018419 -41.981272742152214 75
    endloop
  endfacet
  facet normal -0.25881904950851087 -0.9659258251084867 0
    outer loop
      vertex -45.247470147907734 -42.36888560652733 70
      vertex -45.247470147907734 -42.36888560652733 75
      vertex -45.854101963341236 -42.206339098513126 75
    endloop
  endfacet
  facet normal -0.15643445553477123 -0.9876883421006546 0
    outer loop
      vertex -44.62717077881098 -42.4671313688159 70
      vertex -44.62717077881098 -42.4671313688159 75
      vertex -45.247470147907734 -42.36888560652733 75
    endloop
  endfacet
  facet normal -0.052335961698072614 -0.9986295344686827 0
    outer loop
      vertex -44 -42.5 70
      vertex -44 -42.5 75
      vertex -44.62717077881098 -42.4671313688159 75
    endloop
  endfacet
  facet normal 0.43031837363658176 0.6626321868486301 0.6129801646570378
    outer loop
      vertex -45.087402716741074 -37.99668143959365 72.5
      vertex -46.229017499580046 -39.56797938683583 75
      vertex -44.925 -38.10214699700121 72.5
    endloop
  endfacet
  facet normal 0.6626321868486317 0.4303183736365828 0.6129801646570355
    outer loop
      vertex -45.49668143959365 -37.587402716741074 72.5
      vertex -45.60214699700121 -37.425 72.5
      vertex -47.28416844857457 -38.3961155378486 75
    endloop
  endfacet
  facet normal 0.7039827367087977 0.3586971203578626 0.6129801646570372
    outer loop
      vertex -45.60214699700121 -37.425 72.5
      vertex -45.69005909663881 -37.25246278969023 72.5
      vertex -47.464375473534304 -38.04243933749681 75
    endloop
  endfacet
  facet normal 0.737620304387713 0.2831459063663293 0.6129801646570363
    outer loop
      vertex -45.69005909663881 -37.25246278969023 72.5
      vertex -45.759454555146036 -37.071681439593654 72.5
      vertex -47.60662607583881 -37.67186384898723 75
    endloop
  endfacet
  facet normal 0.5586838630822585 0.5586838630822585 0.6129801646570373
    outer loop
      vertex -45.237891621763886 -37.87481792713318 72.5
      vertex -45.37481792713318 -37.737891621763886 72.5
      vertex -46.81817690091896 -39.03749787913418 75
    endloop
  endfacet
  facet normal 0.6140217000846631 0.49722496876380934 0.6129801646570378
    outer loop
      vertex -45.49668143959365 -37.587402716741074 72.5
      vertex -47.06797938683583 -38.729017499580046 75
      vertex -45.37481792713318 -37.737891621763886 72.5
    endloop
  endfacet
  facet normal 0.4972249687638095 0.6140217000846633 0.6129801646570373
    outer loop
      vertex -45.237891621763886 -37.87481792713318 72.5
      vertex -46.53749787913418 -39.31817690091896 75
      vertex -45.087402716741074 -37.99668143959365 72.5
    endloop
  endfacet
  facet normal 0.35869712035786316 0.703982736708799 0.6129801646570356
    outer loop
      vertex -44.75246278969023 -38.19005909663881 72.5
      vertex -44.925 -38.10214699700121 72.5
      vertex -45.8961155378486 -39.78416844857457 75
    endloop
  endfacet
  facet normal 0.2831459063663291 0.7376203043877123 0.6129801646570374
    outer loop
      vertex -44.75246278969023 -38.19005909663881 72.5
      vertex -45.54243933749681 -39.964375473534304 75
      vertex -44.571681439593654 -38.259454555146036 72.5
    endloop
  endfacet
  facet normal 0.20449248657252617 0.763176349654795 0.6129801646570364
    outer loop
      vertex -44.571681439593654 -38.259454555146036 72.5
      vertex -45.17186384898723 -40.10662607583881 75
      vertex -44.384636628012856 -38.30957306135754 72.5
    endloop
  endfacet
  facet normal 0.12359860430307058 0.780370875130129 0.612980164657038
    outer loop
      vertex -44.384636628012856 -38.30957306135754 72.5
      vertex -44.78844917491986 -40.20936172812141 75
      vertex -44.19337765704516 -38.33986550643131 72.5
    endloop
  endfacet
  facet normal 0.04135054986015237 0.7890154939944439 0.6129801646570358
    outer loop
      vertex -44.19337765704516 -38.33986550643131 72.5
      vertex -44.396396086698466 -40.271456837076855 75
      vertex -44 -38.35 72.5
    endloop
  endfacet
  facet normal -0.04135054986015233 0.7890154939944433 0.6129801646570366
    outer loop
      vertex -44 -38.35 72.5
      vertex -44 -40.29223107569721 75
      vertex -43.80662234295484 -38.33986550643131 72.5
    endloop
  endfacet
  facet normal -0.9986295344686827 -0.052335961698072614 0
    outer loop
      vertex -49.9671313688159 -37.12717077881098 70
      vertex -49.9671313688159 -37.12717077881098 75
      vertex -50 -36.5 75
    endloop
  endfacet
  facet normal 0.7890154939944433 0.04135054986015233 0.6129801646570366
    outer loop
      vertex -45.83986550643131 -36.69337765704516 72.5
      vertex -45.85 -36.5 72.5
      vertex -47.79223107569721 -36.5 75
    endloop
  endfacet
  facet normal 0.7631763496547938 0.20449248657252583 0.6129801646570378
    outer loop
      vertex -45.759454555146036 -37.071681439593654 72.5
      vertex -45.80957306135754 -36.884636628012856 72.5
      vertex -47.70936172812141 -37.28844917491986 75
    endloop
  endfacet
  facet normal 0.780370875130131 0.12359860430307089 0.6129801646570354
    outer loop
      vertex -45.80957306135754 -36.884636628012856 72.5
      vertex -45.83986550643131 -36.69337765704516 72.5
      vertex -47.771456837076855 -36.896396086698466 75
    endloop
  endfacet
  facet normal 0.7890154939944439 -0.04135054986015237 0.6129801646570358
    outer loop
      vertex -45.85 -36.5 72.5
      vertex -45.83986550643131 -36.30662234295484 72.5
      vertex -47.771456837076855 -36.103603913301534 75
    endloop
  endfacet
  facet normal 0.780370875130129 -0.12359860430307058 0.612980164657038
    outer loop
      vertex -45.83986550643131 -36.30662234295484 72.5
      vertex -45.80957306135754 -36.115363371987144 72.5
      vertex -47.70936172812141 -35.71155082508014 75
    endloop
  endfacet
  facet normal 0.763176349654795 -0.20449248657252617 0.6129801646570364
    outer loop
      vertex -45.80957306135754 -36.115363371987144 72.5
      vertex -45.759454555146036 -35.928318560406346 72.5
      vertex -47.60662607583881 -35.32813615101277 75
    endloop
  endfacet
  facet normal 0.7376203043877123 -0.2831459063663291 0.6129801646570374
    outer loop
      vertex -45.759454555146036 -35.928318560406346 72.5
      vertex -45.69005909663881 -35.74753721030977 72.5
      vertex -47.464375473534304 -34.95756066250319 75
    endloop
  endfacet
  facet normal 0.703982736708799 -0.35869712035786316 0.6129801646570356
    outer loop
      vertex -45.69005909663881 -35.74753721030977 72.5
      vertex -45.60214699700121 -35.575 72.5
      vertex -47.28416844857457 -34.6038844621514 75
    endloop
  endfacet
  facet normal 0.6626321868486302 -0.4303183736365819 0.6129801646570379
    outer loop
      vertex -45.60214699700121 -35.575 72.5
      vertex -45.49668143959365 -35.412597283258926 72.5
      vertex -47.06797938683583 -34.270982500419954 75
    endloop
  endfacet
  facet normal 0.6140217000846633 -0.4972249687638095 0.6129801646570373
    outer loop
      vertex -45.49668143959365 -35.412597283258926 72.5
      vertex -45.37481792713318 -35.262108378236114 72.5
      vertex -46.81817690091896 -33.96250212086582 75
    endloop
  endfacet
  facet normal 0.5586838630822585 -0.5586838630822585 0.6129801646570373
    outer loop
      vertex -45.37481792713318 -35.262108378236114 72.5
      vertex -45.237891621763886 -35.12518207286682 72.5
      vertex -46.53749787913418 -33.68182309908104 75
    endloop
  endfacet
  facet normal 0.49722496876380934 -0.6140217000846631 0.6129801646570378
    outer loop
      vertex -45.237891621763886 -35.12518207286682 72.5
      vertex -45.087402716741074 -35.00331856040635 72.5
      vertex -46.229017499580046 -33.43202061316417 75
    endloop
  endfacet
  facet normal 0.4303183736365828 -0.6626321868486317 0.6129801646570355
    outer loop
      vertex -45.087402716741074 -35.00331856040635 72.5
      vertex -44.925 -34.89785300299879 72.5
      vertex -45.8961155378486 -33.21583155142543 75
    endloop
  endfacet
  facet normal 0.3586971203578626 -0.7039827367087977 0.6129801646570372
    outer loop
      vertex -44.925 -34.89785300299879 72.5
      vertex -44.75246278969023 -34.80994090336119 72.5
      vertex -45.54243933749681 -33.035624526465696 75
    endloop
  endfacet
  facet normal 0.2831459063663293 -0.737620304387713 0.6129801646570363
    outer loop
      vertex -44.75246278969023 -34.80994090336119 72.5
      vertex -44.571681439593654 -34.740545444853964 72.5
      vertex -45.17186384898723 -32.89337392416119 75
    endloop
  endfacet
  facet normal 0.20449248657252583 -0.7631763496547938 0.6129801646570378
    outer loop
      vertex -44.571681439593654 -34.740545444853964 72.5
      vertex -44.384636628012856 -34.69042693864246 72.5
      vertex -44.78844917491986 -32.79063827187859 75
    endloop
  endfacet
  facet normal 0.12359860430307089 -0.780370875130131 0.6129801646570354
    outer loop
      vertex -44.384636628012856 -34.69042693864246 72.5
      vertex -44.19337765704516 -34.66013449356869 72.5
      vertex -44.396396086698466 -32.728543162923145 75
    endloop
  endfacet
  facet normal 0.04135054986015233 -0.7890154939944433 0.6129801646570366
    outer loop
      vertex -44.19337765704516 -34.66013449356869 72.5
      vertex -44 -34.65 72.5
      vertex -44 -32.70776892430279 75
    endloop
  endfacet
  facet normal -0.04135054986015237 -0.7890154939944439 0.6129801646570358
    outer loop
      vertex -43.80662234295484 -34.66013449356869 72.5
      vertex -43.603603913301534 -32.728543162923145 75
      vertex -44 -34.65 72.5
    endloop
  endfacet
  facet normal -0.12359860430307089 0.780370875130131 0.6129801646570354
    outer loop
      vertex -43.80662234295484 -38.33986550643131 72.5
      vertex -43.603603913301534 -40.271456837076855 75
      vertex -43.615363371987144 -38.30957306135754 72.5
    endloop
  endfacet
  facet normal -0.20449248657252583 0.7631763496547938 0.6129801646570378
    outer loop
      vertex -43.615363371987144 -38.30957306135754 72.5
      vertex -43.21155082508014 -40.20936172812141 75
      vertex -43.428318560406346 -38.259454555146036 72.5
    endloop
  endfacet
  facet normal -0.2831459063663293 0.737620304387713 0.6129801646570363
    outer loop
      vertex -43.428318560406346 -38.259454555146036 72.5
      vertex -42.82813615101277 -40.10662607583881 75
      vertex -43.24753721030977 -38.19005909663881 72.5
    endloop
  endfacet
  facet normal -0.3586971203578624 0.7039827367087974 0.6129801646570379
    outer loop
      vertex -43.24753721030977 -38.19005909663881 72.5
      vertex -42.457560662503184 -39.964375473534304 75
      vertex -43.075 -38.10214699700121 72.5
    endloop
  endfacet
  facet normal -0.4303183736365828 0.6626321868486317 0.6129801646570355
    outer loop
      vertex -43.075 -38.10214699700121 72.5
      vertex -42.1038844621514 -39.78416844857457 75
      vertex -42.912597283258926 -37.99668143959365 72.5
    endloop
  endfacet
  facet normal -0.49722496876380934 0.6140217000846631 0.6129801646570378
    outer loop
      vertex -42.912597283258926 -37.99668143959365 72.5
      vertex -41.770982500419954 -39.56797938683583 75
      vertex -42.762108378236114 -37.87481792713318 72.5
    endloop
  endfacet
  facet normal -0.5586838630822585 0.5586838630822585 0.6129801646570373
    outer loop
      vertex -42.762108378236114 -37.87481792713318 72.5
      vertex -41.46250212086582 -39.31817690091896 75
      vertex -42.62518207286682 -37.737891621763886 72.5
    endloop
  endfacet
  facet normal -0.6140217000846633 0.4972249687638095 0.6129801646570373
    outer loop
      vertex -42.62518207286682 -37.737891621763886 72.5
      vertex -41.18182309908104 -39.03749787913418 75
      vertex -42.50331856040635 -37.587402716741074 72.5
    endloop
  endfacet
  facet normal -0.6626321868486301 0.43031837363658176 0.6129801646570378
    outer loop
      vertex -42.50331856040635 -37.587402716741074 72.5
      vertex -40.93202061316417 -38.729017499580046 75
      vertex -42.39785300299879 -37.425 72.5
    endloop
  endfacet
  facet normal -0.703982736708799 0.35869712035786316 0.6129801646570356
    outer loop
      vertex -42.39785300299879 -37.425 72.5
      vertex -40.71583155142543 -38.3961155378486 75
      vertex -42.30994090336119 -37.25246278969023 72.5
    endloop
  endfacet
  facet normal -0.7376203043877123 0.2831459063663291 0.6129801646570374
    outer loop
      vertex -42.30994090336119 -37.25246278969023 72.5
      vertex -40.535624526465696 -38.04243933749681 75
      vertex -42.240545444853964 -37.071681439593654 72.5
    endloop
  endfacet
  facet normal -0.763176349654795 0.20449248657252617 0.6129801646570364
    outer loop
      vertex -42.240545444853964 -37.071681439593654 72.5
      vertex -40.39337392416119 -37.67186384898723 75
      vertex -42.19042693864246 -36.884636628012856 72.5
    endloop
  endfacet
  facet normal -0.5586838630822585 -0.5586838630822585 0.6129801646570373
    outer loop
      vertex -42.762108378236114 -35.12518207286682 72.5
      vertex -42.62518207286682 -35.262108378236114 72.5
      vertex -41.18182309908104 -33.96250212086582 75
    endloop
  endfacet
  facet normal -0.4972249687638095 -0.6140217000846633 0.6129801646570373
    outer loop
      vertex -42.912597283258926 -35.00331856040635 72.5
      vertex -42.762108378236114 -35.12518207286682 72.5
      vertex -41.46250212086582 -33.68182309908104 75
    endloop
  endfacet
  facet normal -0.780370875130129 0.12359860430307058 0.612980164657038
    outer loop
      vertex -42.19042693864246 -36.884636628012856 72.5
      vertex -40.29063827187859 -37.28844917491986 75
      vertex -42.16013449356869 -36.69337765704516 72.5
    endloop
  endfacet
  facet normal -0.7890154939944439 0.04135054986015237 0.6129801646570358
    outer loop
      vertex -42.16013449356869 -36.69337765704516 72.5
      vertex -40.228543162923145 -36.896396086698466 75
      vertex -42.15 -36.5 72.5
    endloop
  endfacet
  facet normal -0.7890154939944433 -0.04135054986015233 0.6129801646570366
    outer loop
      vertex -42.15 -36.5 72.5
      vertex -40.20776892430279 -36.5 75
      vertex -42.16013449356869 -36.30662234295484 72.5
    endloop
  endfacet
  facet normal -0.780370875130131 -0.12359860430307089 0.6129801646570354
    outer loop
      vertex -42.19042693864246 -36.115363371987144 72.5
      vertex -42.16013449356869 -36.30662234295484 72.5
      vertex -40.228543162923145 -36.103603913301534 75
    endloop
  endfacet
  facet normal -0.7631763496547938 -0.20449248657252583 0.6129801646570378
    outer loop
      vertex -42.19042693864246 -36.115363371987144 72.5
      vertex -40.29063827187859 -35.71155082508014 75
      vertex -42.240545444853964 -35.928318560406346 72.5
    endloop
  endfacet
  facet normal -0.6626321868486317 -0.4303183736365828 0.6129801646570355
    outer loop
      vertex -42.39785300299879 -35.575 72.5
      vertex -40.71583155142543 -34.6038844621514 75
      vertex -42.50331856040635 -35.412597283258926 72.5
    endloop
  endfacet
  facet normal -0.737620304387713 -0.2831459063663293 0.6129801646570363
    outer loop
      vertex -42.240545444853964 -35.928318560406346 72.5
      vertex -40.39337392416119 -35.32813615101277 75
      vertex -42.30994090336119 -35.74753721030977 72.5
    endloop
  endfacet
  facet normal -0.7039827367087977 -0.3586971203578626 0.6129801646570372
    outer loop
      vertex -42.30994090336119 -35.74753721030977 72.5
      vertex -40.535624526465696 -34.95756066250319 75
      vertex -42.39785300299879 -35.575 72.5
    endloop
  endfacet
  facet normal -0.6140217000846631 -0.49722496876380934 0.6129801646570378
    outer loop
      vertex -42.62518207286682 -35.262108378236114 72.5
      vertex -42.50331856040635 -35.412597283258926 72.5
      vertex -40.93202061316417 -34.270982500419954 75
    endloop
  endfacet
  facet normal -0.12359860430307058 -0.780370875130129 0.612980164657038
    outer loop
      vertex -43.80662234295484 -34.66013449356869 72.5
      vertex -43.615363371987144 -34.69042693864246 72.5
      vertex -43.21155082508014 -32.79063827187859 75
    endloop
  endfacet
  facet normal -0.20449248657252617 -0.763176349654795 0.6129801646570364
    outer loop
      vertex -43.615363371987144 -34.69042693864246 72.5
      vertex -43.428318560406346 -34.740545444853964 72.5
      vertex -42.82813615101277 -32.89337392416119 75
    endloop
  endfacet
  facet normal -0.2831459063663291 -0.7376203043877123 0.6129801646570374
    outer loop
      vertex -43.428318560406346 -34.740545444853964 72.5
      vertex -43.24753721030977 -34.80994090336119 72.5
      vertex -42.45756066250319 -33.035624526465696 75
    endloop
  endfacet
  facet normal -0.35869712035786316 -0.703982736708799 0.6129801646570356
    outer loop
      vertex -43.24753721030977 -34.80994090336119 72.5
      vertex -43.075 -34.89785300299879 72.5
      vertex -42.1038844621514 -33.21583155142543 75
    endloop
  endfacet
  facet normal -0.4303183736365819 -0.6626321868486302 0.6129801646570379
    outer loop
      vertex -43.075 -34.89785300299879 72.5
      vertex -42.912597283258926 -35.00331856040635 72.5
      vertex -41.770982500419954 -33.43202061316417 75
    endloop
  endfacet
  facet normal 0.7376203043877161 0.2831459063663196 0.6129801646570372
    outer loop
      vertex -45.69005909663881 -37.25246278969023 72.5
      vertex -47.60662607583881 -37.67186384898723 75
      vertex -47.464375473534304 -38.04243933749681 75
    endloop
  endfacet
  facet normal 0.7631763496547908 0.20449248657254052 0.6129801646570368
    outer loop
      vertex -45.759454555146036 -37.071681439593654 72.5
      vertex -47.70936172812141 -37.28844917491986 75
      vertex -47.60662607583881 -37.67186384898723 75
    endloop
  endfacet
  facet normal 0.5586838630822585 0.5586838630822585 0.6129801646570372
    outer loop
      vertex -45.237891621763886 -37.87481792713318 72.5
      vertex -46.81817690091896 -39.03749787913418 75
      vertex -46.53749787913418 -39.31817690091896 75
    endloop
  endfacet
  facet normal 0.35869712035787743 0.7039827367087906 0.6129801646570368
    outer loop
      vertex -44.75246278969023 -38.19005909663881 72.5
      vertex -45.8961155378486 -39.78416844857457 75
      vertex -45.54243933749681 -39.964375473534304 75
    endloop
  endfacet
  facet normal 0.497224968763813 0.61402170008466 0.6129801646570378
    outer loop
      vertex -45.087402716741074 -37.99668143959365 72.5
      vertex -46.53749787913418 -39.31817690091896 75
      vertex -46.229017499580046 -39.56797938683583 75
    endloop
  endfacet
  facet normal 0.4303183736365638 0.6626321868486437 0.6129801646570361
    outer loop
      vertex -44.925 -38.10214699700121 72.5
      vertex -46.229017499580046 -39.56797938683583 75
      vertex -45.8961155378486 -39.78416844857457 75
    endloop
  endfacet
  facet normal 0.6626321868486429 0.43031837363656333 0.6129801646570372
    outer loop
      vertex -45.49668143959365 -37.587402716741074 72.5
      vertex -47.28416844857457 -38.3961155378486 75
      vertex -47.06797938683583 -38.729017499580046 75
    endloop
  endfacet
  facet normal 0.7039827367087911 0.35869712035787765 0.612980164657036
    outer loop
      vertex -45.60214699700121 -37.425 72.5
      vertex -47.464375473534304 -38.04243933749681 75
      vertex -47.28416844857457 -38.3961155378486 75
    endloop
  endfacet
  facet normal 0.6140217000846602 0.49722496876381317 0.6129801646570373
    outer loop
      vertex -45.37481792713318 -37.737891621763886 72.5
      vertex -47.06797938683583 -38.729017499580046 75
      vertex -46.81817690091896 -39.03749787913418 75
    endloop
  endfacet
  facet normal 0.28314590636631976 0.7376203043877165 0.6129801646570366
    outer loop
      vertex -44.571681439593654 -38.259454555146036 72.5
      vertex -45.54243933749681 -39.964375473534304 75
      vertex -45.17186384898723 -40.10662607583881 75
    endloop
  endfacet
  facet normal 0.2044924865725404 0.7631763496547903 0.6129801646570374
    outer loop
      vertex -44.384636628012856 -38.30957306135754 72.5
      vertex -45.17186384898723 -40.10662607583881 75
      vertex -44.78844917491986 -40.20936172812141 75
    endloop
  endfacet
  facet normal 0.12359860430304488 0.7803708751301347 0.6129801646570361
    outer loop
      vertex -44.19337765704516 -38.33986550643131 72.5
      vertex -44.78844917491986 -40.20936172812141 75
      vertex -44.396396086698466 -40.271456837076855 75
    endloop
  endfacet
  facet normal 0.04135054986016126 0.789015493994443 0.6129801646570364
    outer loop
      vertex -44 -38.35 72.5
      vertex -44.396396086698466 -40.271456837076855 75
      vertex -44 -40.29223107569721 75
    endloop
  endfacet
  facet normal -0.041350549860161276 0.7890154939944433 0.612980164657036
    outer loop
      vertex -43.80662234295484 -38.33986550643131 72.5
      vertex -44 -40.29223107569721 75
      vertex -43.603603913301534 -40.271456837076855 75
    endloop
  endfacet
  facet normal 0.7803708751301337 0.12359860430304473 0.6129801646570373
    outer loop
      vertex -45.80957306135754 -36.884636628012856 72.5
      vertex -47.771456837076855 -36.896396086698466 75
      vertex -47.70936172812141 -37.28844917491986 75
    endloop
  endfacet
  facet normal 0.7890154939944433 0.041350549860161276 0.612980164657036
    outer loop
      vertex -45.83986550643131 -36.69337765704516 72.5
      vertex -47.79223107569721 -36.5 75
      vertex -47.771456837076855 -36.896396086698466 75
    endloop
  endfacet
  facet normal 0.789015493994443 -0.04135054986016126 0.6129801646570364
    outer loop
      vertex -45.85 -36.5 72.5
      vertex -47.771456837076855 -36.103603913301534 75
      vertex -47.79223107569721 -36.5 75
    endloop
  endfacet
  facet normal 0.7803708751301347 -0.12359860430304488 0.6129801646570361
    outer loop
      vertex -45.83986550643131 -36.30662234295484 72.5
      vertex -47.70936172812141 -35.71155082508014 75
      vertex -47.771456837076855 -36.103603913301534 75
    endloop
  endfacet
  facet normal 0.7631763496547903 -0.2044924865725404 0.6129801646570374
    outer loop
      vertex -45.80957306135754 -36.115363371987144 72.5
      vertex -47.60662607583881 -35.32813615101277 75
      vertex -47.70936172812141 -35.71155082508014 75
    endloop
  endfacet
  facet normal 0.7376203043877165 -0.28314590636631976 0.6129801646570366
    outer loop
      vertex -45.759454555146036 -35.928318560406346 72.5
      vertex -47.464375473534304 -34.95756066250319 75
      vertex -47.60662607583881 -35.32813615101277 75
    endloop
  endfacet
  facet normal 0.7039827367087906 -0.35869712035787743 0.6129801646570368
    outer loop
      vertex -45.69005909663881 -35.74753721030977 72.5
      vertex -47.28416844857457 -34.6038844621514 75
      vertex -47.464375473534304 -34.95756066250319 75
    endloop
  endfacet
  facet normal 0.6626321868486437 -0.4303183736365638 0.6129801646570361
    outer loop
      vertex -45.60214699700121 -35.575 72.5
      vertex -47.06797938683583 -34.270982500419954 75
      vertex -47.28416844857457 -34.6038844621514 75
    endloop
  endfacet
  facet normal 0.61402170008466 -0.497224968763813 0.6129801646570378
    outer loop
      vertex -45.49668143959365 -35.412597283258926 72.5
      vertex -46.81817690091896 -33.96250212086582 75
      vertex -47.06797938683583 -34.270982500419954 75
    endloop
  endfacet
  facet normal 0.5586838630822585 -0.5586838630822585 0.6129801646570372
    outer loop
      vertex -45.37481792713318 -35.262108378236114 72.5
      vertex -46.53749787913418 -33.68182309908104 75
      vertex -46.81817690091896 -33.96250212086582 75
    endloop
  endfacet
  facet normal 0.49722496876381317 -0.6140217000846602 0.6129801646570373
    outer loop
      vertex -45.237891621763886 -35.12518207286682 72.5
      vertex -46.229017499580046 -33.43202061316417 75
      vertex -46.53749787913418 -33.68182309908104 75
    endloop
  endfacet
  facet normal 0.43031837363656333 -0.6626321868486429 0.6129801646570372
    outer loop
      vertex -45.087402716741074 -35.00331856040635 72.5
      vertex -45.8961155378486 -33.21583155142543 75
      vertex -46.229017499580046 -33.43202061316417 75
    endloop
  endfacet
  facet normal 0.35869712035787765 -0.7039827367087911 0.612980164657036
    outer loop
      vertex -44.925 -34.89785300299879 72.5
      vertex -45.54243933749681 -33.035624526465696 75
      vertex -45.8961155378486 -33.21583155142543 75
    endloop
  endfacet
  facet normal 0.2831459063663196 -0.7376203043877161 0.6129801646570372
    outer loop
      vertex -44.75246278969023 -34.80994090336119 72.5
      vertex -45.17186384898723 -32.89337392416119 75
      vertex -45.54243933749681 -33.035624526465696 75
    endloop
  endfacet
  facet normal 0.20449248657254052 -0.7631763496547908 0.6129801646570368
    outer loop
      vertex -44.571681439593654 -34.740545444853964 72.5
      vertex -44.78844917491986 -32.79063827187859 75
      vertex -45.17186384898723 -32.89337392416119 75
    endloop
  endfacet
  facet normal 0.12359860430304473 -0.7803708751301337 0.6129801646570373
    outer loop
      vertex -44.384636628012856 -34.69042693864246 72.5
      vertex -44.396396086698466 -32.728543162923145 75
      vertex -44.78844917491986 -32.79063827187859 75
    endloop
  endfacet
  facet normal 0.041350549860161276 -0.7890154939944433 0.612980164657036
    outer loop
      vertex -44.19337765704516 -34.66013449356869 72.5
      vertex -44 -32.70776892430279 75
      vertex -44.396396086698466 -32.728543162923145 75
    endloop
  endfacet
  facet normal -0.04135054986016126 -0.789015493994443 0.6129801646570364
    outer loop
      vertex -44 -34.65 72.5
      vertex -43.603603913301534 -32.728543162923145 75
      vertex -44 -32.70776892430279 75
    endloop
  endfacet
  facet normal -0.12359860430304473 0.7803708751301337 0.6129801646570373
    outer loop
      vertex -43.615363371987144 -38.30957306135754 72.5
      vertex -43.603603913301534 -40.271456837076855 75
      vertex -43.21155082508014 -40.20936172812141 75
    endloop
  endfacet
  facet normal -0.20449248657254052 0.7631763496547908 0.6129801646570368
    outer loop
      vertex -43.428318560406346 -38.259454555146036 72.5
      vertex -43.21155082508014 -40.20936172812141 75
      vertex -42.82813615101277 -40.10662607583881 75
    endloop
  endfacet
  facet normal -0.2831459063663147 0.7376203043877176 0.6129801646570374
    outer loop
      vertex -43.24753721030977 -38.19005909663881 72.5
      vertex -42.82813615101277 -40.10662607583881 75
      vertex -42.457560662503184 -39.964375473534304 75
    endloop
  endfacet
  facet normal -0.35869712035788337 0.7039827367087882 0.6129801646570362
    outer loop
      vertex -43.075 -38.10214699700121 72.5
      vertex -42.457560662503184 -39.964375473534304 75
      vertex -42.1038844621514 -39.78416844857457 75
    endloop
  endfacet
  facet normal -0.43031837363656333 0.6626321868486429 0.6129801646570372
    outer loop
      vertex -42.912597283258926 -37.99668143959365 72.5
      vertex -42.1038844621514 -39.78416844857457 75
      vertex -41.770982500419954 -39.56797938683583 75
    endloop
  endfacet
  facet normal -0.49722496876381317 0.6140217000846602 0.6129801646570373
    outer loop
      vertex -42.762108378236114 -37.87481792713318 72.5
      vertex -41.770982500419954 -39.56797938683583 75
      vertex -41.46250212086582 -39.31817690091896 75
    endloop
  endfacet
  facet normal -0.5586838630822585 0.5586838630822585 0.6129801646570372
    outer loop
      vertex -42.62518207286682 -37.737891621763886 72.5
      vertex -41.46250212086582 -39.31817690091896 75
      vertex -41.18182309908104 -39.03749787913418 75
    endloop
  endfacet
  facet normal -0.61402170008466 0.497224968763813 0.6129801646570378
    outer loop
      vertex -42.50331856040635 -37.587402716741074 72.5
      vertex -41.18182309908104 -39.03749787913418 75
      vertex -40.93202061316417 -38.729017499580046 75
    endloop
  endfacet
  facet normal -0.6626321868486437 0.4303183736365638 0.6129801646570361
    outer loop
      vertex -42.39785300299879 -37.425 72.5
      vertex -40.93202061316417 -38.729017499580046 75
      vertex -40.71583155142543 -38.3961155378486 75
    endloop
  endfacet
  facet normal -0.7039827367087906 0.35869712035787743 0.6129801646570368
    outer loop
      vertex -42.30994090336119 -37.25246278969023 72.5
      vertex -40.71583155142543 -38.3961155378486 75
      vertex -40.535624526465696 -38.04243933749681 75
    endloop
  endfacet
  facet normal -0.7376203043877165 0.28314590636631976 0.6129801646570366
    outer loop
      vertex -42.240545444853964 -37.071681439593654 72.5
      vertex -40.535624526465696 -38.04243933749681 75
      vertex -40.39337392416119 -37.67186384898723 75
    endloop
  endfacet
  facet normal -0.7631763496547903 0.2044924865725404 0.6129801646570374
    outer loop
      vertex -42.19042693864246 -36.884636628012856 72.5
      vertex -40.39337392416119 -37.67186384898723 75
      vertex -40.29063827187859 -37.28844917491986 75
    endloop
  endfacet
  facet normal -0.7803708751301347 0.12359860430304488 0.6129801646570361
    outer loop
      vertex -42.16013449356869 -36.69337765704516 72.5
      vertex -40.29063827187859 -37.28844917491986 75
      vertex -40.228543162923145 -36.896396086698466 75
    endloop
  endfacet
  facet normal -0.789015493994443 0.04135054986016126 0.6129801646570364
    outer loop
      vertex -42.15 -36.5 72.5
      vertex -40.228543162923145 -36.896396086698466 75
      vertex -40.20776892430279 -36.5 75
    endloop
  endfacet
  facet normal -0.7890154939944433 -0.041350549860161276 0.612980164657036
    outer loop
      vertex -42.16013449356869 -36.30662234295484 72.5
      vertex -40.20776892430279 -36.5 75
      vertex -40.228543162923145 -36.103603913301534 75
    endloop
  endfacet
  facet normal -0.7803708751301337 -0.12359860430304473 0.6129801646570373
    outer loop
      vertex -42.19042693864246 -36.115363371987144 72.5
      vertex -40.228543162923145 -36.103603913301534 75
      vertex -40.29063827187859 -35.71155082508014 75
    endloop
  endfacet
  facet normal -0.7376203043877161 -0.2831459063663196 0.6129801646570372
    outer loop
      vertex -42.30994090336119 -35.74753721030977 72.5
      vertex -40.39337392416119 -35.32813615101277 75
      vertex -40.535624526465696 -34.95756066250319 75
    endloop
  endfacet
  facet normal -0.7631763496547908 -0.20449248657254052 0.6129801646570368
    outer loop
      vertex -42.240545444853964 -35.928318560406346 72.5
      vertex -40.29063827187859 -35.71155082508014 75
      vertex -40.39337392416119 -35.32813615101277 75
    endloop
  endfacet
  facet normal -0.7039827367087911 -0.35869712035787765 0.612980164657036
    outer loop
      vertex -42.39785300299879 -35.575 72.5
      vertex -40.535624526465696 -34.95756066250319 75
      vertex -40.71583155142543 -34.6038844621514 75
    endloop
  endfacet
  facet normal -0.6626321868486429 -0.43031837363656333 0.6129801646570372
    outer loop
      vertex -42.50331856040635 -35.412597283258926 72.5
      vertex -40.71583155142543 -34.6038844621514 75
      vertex -40.93202061316417 -34.270982500419954 75
    endloop
  endfacet
  facet normal -0.12359860430304488 -0.7803708751301347 0.6129801646570361
    outer loop
      vertex -43.80662234295484 -34.66013449356869 72.5
      vertex -43.21155082508014 -32.79063827187859 75
      vertex -43.603603913301534 -32.728543162923145 75
    endloop
  endfacet
  facet normal -0.2044924865725404 -0.7631763496547903 0.6129801646570374
    outer loop
      vertex -43.615363371987144 -34.69042693864246 72.5
      vertex -42.82813615101277 -32.89337392416119 75
      vertex -43.21155082508014 -32.79063827187859 75
    endloop
  endfacet
  facet normal -0.28314590636631976 -0.7376203043877165 0.6129801646570366
    outer loop
      vertex -43.428318560406346 -34.740545444853964 72.5
      vertex -42.45756066250319 -33.035624526465696 75
      vertex -42.82813615101277 -32.89337392416119 75
    endloop
  endfacet
  facet normal -0.35869712035787743 -0.7039827367087906 0.6129801646570368
    outer loop
      vertex -43.24753721030977 -34.80994090336119 72.5
      vertex -42.1038844621514 -33.21583155142543 75
      vertex -42.45756066250319 -33.035624526465696 75
    endloop
  endfacet
  facet normal -0.4303183736365638 -0.6626321868486437 0.6129801646570361
    outer loop
      vertex -43.075 -34.89785300299879 72.5
      vertex -41.770982500419954 -33.43202061316417 75
      vertex -42.1038844621514 -33.21583155142543 75
    endloop
  endfacet
  facet normal -0.5586838630822585 -0.5586838630822585 0.6129801646570372
    outer loop
      vertex -42.762108378236114 -35.12518207286682 72.5
      vertex -41.18182309908104 -33.96250212086582 75
      vertex -41.46250212086582 -33.68182309908104 75
    endloop
  endfacet
  facet normal -0.497224968763813 -0.61402170008466 0.6129801646570378
    outer loop
      vertex -42.912597283258926 -35.00331856040635 72.5
      vertex -41.46250212086582 -33.68182309908104 75
      vertex -41.770982500419954 -33.43202061316417 75
    endloop
  endfacet
  facet normal -0.6140217000846602 -0.49722496876381317 0.6129801646570373
    outer loop
      vertex -42.62518207286682 -35.262108378236114 72.5
      vertex -40.93202061316417 -34.270982500419954 75
      vertex -41.18182309908104 -33.96250212086582 75
    endloop
  endfacet
  facet normal 0 0 1
    outer loop
      vertex -48.45886895060539 -40.51478363573551 75
      vertex -45.54243933749681 -39.964375473534304 75
      vertex -48.854101963341236 -40.02671151608229 75
    endloop
  endfacet
  facet normal 0 0 1
    outer loop
      vertex -49.481272742152214 -38.94041986018419 75
      vertex -49.19615242630243 -39.5 75
      vertex -47.06797938683583 -38.729017499580046 75
    endloop
  endfacet
  facet normal 0 0 1
    outer loop
      vertex -49.481272742152214 -38.94041986018419 75
      vertex -47.464375473534304 -38.04243933749681 75
      vertex -49.706339098513126 -38.354101963341236 75
    endloop
  endfacet
  facet normal 0 0 1
    outer loop
      vertex -49.706339098513126 -38.354101963341236 75
      vertex -47.60662607583881 -37.67186384898723 75
      vertex -49.86888560652733 -37.747470147907734 75
    endloop
  endfacet
  facet normal 0 0 1
    outer loop
      vertex -49.86888560652733 -37.747470147907734 75
      vertex -47.70936172812141 -37.28844917491986 75
      vertex -47.771456837076855 -36.896396086698466 75
    endloop
  endfacet
  facet normal 0 0 1
    outer loop
      vertex -48.854101963341236 -40.02671151608229 75
      vertex -46.53749787913418 -39.31817690091896 75
      vertex -49.19615242630243 -39.5 75
    endloop
  endfacet
  facet normal 0 0 1
    outer loop
      vertex -49.19615242630243 -39.5 75
      vertex -46.81817690091896 -39.03749787913418 75
      vertex -47.06797938683583 -38.729017499580046 75
    endloop
  endfacet
  facet normal 0 0 1
    outer loop
      vertex -49.481272742152214 -38.94041986018419 75
      vertex -47.06797938683583 -38.729017499580046 75
      vertex -47.28416844857457 -38.3961155378486 75
    endloop
  endfacet
  facet normal 0 0 1
    outer loop
      vertex -49.19615242630243 -39.5 75
      vertex -46.53749787913418 -39.31817690091896 75
      vertex -46.81817690091896 -39.03749787913418 75
    endloop
  endfacet
  facet normal 0 0 1
    outer loop
      vertex -48.854101963341236 -40.02671151608229 75
      vertex -46.229017499580046 -39.56797938683583 75
      vertex -46.53749787913418 -39.31817690091896 75
    endloop
  endfacet
  facet normal 0 0 1
    outer loop
      vertex -48.854101963341236 -40.02671151608229 75
      vertex -45.8961155378486 -39.78416844857457 75
      vertex -46.229017499580046 -39.56797938683583 75
    endloop
  endfacet
  facet normal 0 0 1
    outer loop
      vertex -49.481272742152214 -38.94041986018419 75
      vertex -47.28416844857457 -38.3961155378486 75
      vertex -47.464375473534304 -38.04243933749681 75
    endloop
  endfacet
  facet normal 0 0 1
    outer loop
      vertex -49.706339098513126 -38.354101963341236 75
      vertex -47.464375473534304 -38.04243933749681 75
      vertex -47.60662607583881 -37.67186384898723 75
    endloop
  endfacet
  facet normal 0 0 1
    outer loop
      vertex -49.86888560652733 -37.747470147907734 75
      vertex -47.60662607583881 -37.67186384898723 75
      vertex -47.70936172812141 -37.28844917491986 75
    endloop
  endfacet
  facet normal 0 0 1
    outer loop
      vertex -48.854101963341236 -40.02671151608229 75
      vertex -45.54243933749681 -39.964375473534304 75
      vertex -45.8961155378486 -39.78416844857457 75
    endloop
  endfacet
  facet normal 0 0 1
    outer loop
      vertex -48.45886895060539 -40.51478363573551 75
      vertex -45.17186384898723 -40.10662607583881 75
      vertex -45.54243933749681 -39.964375473534304 75
    endloop
  endfacet
  facet normal 0 0 1
    outer loop
      vertex -48.45886895060539 -40.51478363573551 75
      vertex -44.78844917491986 -40.20936172812141 75
      vertex -45.17186384898723 -40.10662607583881 75
    endloop
  endfacet
  facet normal 0 0 1
    outer loop
      vertex -48.45886895060539 -40.51478363573551 75
      vertex -44.396396086698466 -40.271456837076855 75
      vertex -44.78844917491986 -40.20936172812141 75
    endloop
  endfacet
  facet normal 0 0 1
    outer loop
      vertex -48.45886895060539 -40.51478363573551 75
      vertex -44 -40.29223107569721 75
      vertex -44.396396086698466 -40.271456837076855 75
    endloop
  endfacet
  facet normal 0 0 1
    outer loop
      vertex -49.86888560652733 -37.747470147907734 75
      vertex -47.771456837076855 -36.103603913301534 75
      vertex -49.9671313688159 -37.12717077881098 75
    endloop
  endfacet
  facet normal 0 0 1
    outer loop
      vertex -49.86888560652733 -37.747470147907734 75
      vertex -47.771456837076855 -36.896396086698466 75
      vertex -47.79223107569721 -36.5 75
    endloop
  endfacet
  facet normal 0 0 1
    outer loop
      vertex -49.86888560652733 -37.747470147907734 75
      vertex -47.79223107569721 -36.5 75
      vertex -47.771456837076855 -36.103603913301534 75
    endloop
  endfacet
  facet normal 0 0 1
    outer loop
      vertex -49.9671313688159 -37.12717077881098 75
      vertex -47.60662607583881 -35.32813615101277 75
      vertex -50 -36.5 75
    endloop
  endfacet
  facet normal 0 0 1
    outer loop
      vertex -49.9671313688159 -37.12717077881098 75
      vertex -47.771456837076855 -36.103603913301534 75
      vertex -47.70936172812141 -35.71155082508014 75
    endloop
  endfacet
  facet normal 0 0 1
    outer loop
      vertex -49.9671313688159 -37.12717077881098 75
      vertex -47.70936172812141 -35.71155082508014 75
      vertex -47.60662607583881 -35.32813615101277 75
    endloop
  endfacet
  facet normal 0 0 1
    outer loop
      vertex -50 -36.5 75
      vertex -47.60662607583881 -35.32813615101277 75
      vertex -47.464375473534304 -34.95756066250319 75
    endloop
  endfacet
  facet normal 0 0 1
    outer loop
      vertex -50 -36.5 75
      vertex -47.464375473534304 -34.95756066250319 75
      vertex -47.28416844857457 -34.6038844621514 75
    endloop
  endfacet
  facet normal 0 0 1
    outer loop
      vertex -50 -36.5 75
      vertex -47.28416844857457 -34.6038844621514 75
      vertex -47.06797938683583 -34.270982500419954 75
    endloop
  endfacet
  facet normal -1 0 0
    outer loop
      vertex -50 -36.5 70
      vertex -50 -36.5 75
      vertex -50 36.5 75
    endloop
  endfacet
  facet normal 0 0 1
    outer loop
      vertex -50 -36.5 75
      vertex -47.06797938683583 -34.270982500419954 75
      vertex -47.771456837076855 36.103603913301534 75
    endloop
  endfacet
  facet normal 0 0 1
    outer loop
      vertex -47.06797938683583 -34.270982500419954 75
      vertex -46.81817690091896 -33.96250212086582 75
      vertex -46.81817690091896 33.96250212086582 75
    endloop
  endfacet
  facet normal 0 0 1
    outer loop
      vertex -46.53749787913418 -33.68182309908104 75
      vertex -46.81817690091896 33.96250212086582 75
      vertex -46.81817690091896 -33.96250212086582 75
    endloop
  endfacet
  facet normal 0 0 1
    outer loop
      vertex -46.229017499580046 -33.43202061316417 75
      vertex -46.53749787913418 33.68182309908104 75
      vertex -46.53749787913418 -33.68182309908104 75
    endloop
  endfacet
  facet normal 0 0 1
    outer loop
      vertex -45.8961155378486 -33.21583155142543 75
      vertex -46.229017499580046 33.43202061316417 75
      vertex -46.229017499580046 -33.43202061316417 75
    endloop
  endfacet
  facet normal 0 0 1
    outer loop
      vertex -45.54243933749681 -33.035624526465696 75
      vertex -45.8961155378486 33.21583155142543 75
      vertex -45.8961155378486 -33.21583155142543 75
    endloop
  endfacet
  facet normal 0 0 1
    outer loop
      vertex -45.17186384898723 -32.89337392416119 75
      vertex -45.17186384898723 32.89337392416119 75
      vertex -45.54243933749681 -33.035624526465696 75
    endloop
  endfacet
  facet normal 0 0 1
    outer loop
      vertex -44.78844917491986 -32.79063827187859 75
      vertex -44.396396086698466 32.728543162923145 75
      vertex -45.17186384898723 -32.89337392416119 75
    endloop
  endfacet
  facet normal 0 0 1
    outer loop
      vertex -48.45886895060539 -40.51478363573551 75
      vertex -48.01478363573551 -40.95886895060539 75
      vertex 41.770982500419954 -39.56797938683583 75
    endloop
  endfacet
  facet normal 0 0 1
    outer loop
      vertex -47.52671151608229 -41.354101963341236 75
      vertex 42.45756066250319 -39.964375473534304 75
      vertex -48.01478363573551 -40.95886895060539 75
    endloop
  endfacet
  facet normal 0 0 1
    outer loop
      vertex -48.45886895060539 -40.51478363573551 75
      vertex 40.93202061316417 -38.729017499580046 75
      vertex -44 -40.29223107569721 75
    endloop
  endfacet
  facet normal 0 0 1
    outer loop
      vertex -46.44041986018419 -41.981272742152214 75
      vertex -45.854101963341236 -42.206339098513126 75
      vertex 47.52671151608229 -41.354101963341236 75
    endloop
  endfacet
  facet normal 0 0 1
    outer loop
      vertex -47.52671151608229 -41.354101963341236 75
      vertex -47 -41.69615242630243 75
      vertex 48.45886895060539 -40.51478363573551 75
    endloop
  endfacet
  facet normal 0 0 1
    outer loop
      vertex -47 -41.69615242630243 75
      vertex -46.44041986018419 -41.981272742152214 75
      vertex 48.01478363573551 -40.95886895060539 75
    endloop
  endfacet
  facet normal 0 0 1
    outer loop
      vertex -45.247470147907734 -42.36888560652733 75
      vertex -44.62717077881098 -42.4671313688159 75
      vertex 46.44041986018419 -41.981272742152214 75
    endloop
  endfacet
  facet normal 0 0 1
    outer loop
      vertex -45.854101963341236 -42.206339098513126 75
      vertex -45.247470147907734 -42.36888560652733 75
      vertex 47 -41.69615242630243 75
    endloop
  endfacet
  facet normal 0 0 1
    outer loop
      vertex -44.62717077881098 -42.4671313688159 75
      vertex -44 -42.5 75
      vertex 45.854101963341236 -42.206339098513126 75
    endloop
  endfacet
  facet normal 0 0 1
    outer loop
      vertex 40.93202061316417 -38.729017499580046 75
      vertex -43.603603913301534 -40.271456837076855 75
      vertex -44 -40.29223107569721 75
    endloop
  endfacet
  facet normal 0 0 1
    outer loop
      vertex 40.93202061316417 -38.729017499580046 75
      vertex -43.21155082508014 -40.20936172812141 75
      vertex -43.603603913301534 -40.271456837076855 75
    endloop
  endfacet
  facet normal 0 0 1
    outer loop
      vertex 40.93202061316417 -38.729017499580046 75
      vertex -42.82813615101277 -40.10662607583881 75
      vertex -43.21155082508014 -40.20936172812141 75
    endloop
  endfacet
  facet normal 0 0 1
    outer loop
      vertex 40.93202061316417 -38.729017499580046 75
      vertex -42.457560662503184 -39.964375473534304 75
      vertex -42.82813615101277 -40.10662607583881 75
    endloop
  endfacet
  facet normal 0 0 1
    outer loop
      vertex -42.457560662503184 -39.964375473534304 75
      vertex 40.71583155142543 -38.3961155378486 75
      vertex -42.1038844621514 -39.78416844857457 75
    endloop
  endfacet
  facet normal 0 0 1
    outer loop
      vertex 40.71583155142543 -38.3961155378486 75
      vertex -41.770982500419954 -39.56797938683583 75
      vertex -42.1038844621514 -39.78416844857457 75
    endloop
  endfacet
  facet normal 0 0 1
    outer loop
      vertex -41.770982500419954 -39.56797938683583 75
      vertex 40.39337392416119 -37.67186384898723 75
      vertex -41.46250212086582 -39.31817690091896 75
    endloop
  endfacet
  facet normal 0 0 1
    outer loop
      vertex 40.39337392416119 -37.67186384898723 75
      vertex -41.18182309908104 -39.03749787913418 75
      vertex -41.46250212086582 -39.31817690091896 75
    endloop
  endfacet
  facet normal 0 0 1
    outer loop
      vertex 40.29063827187859 -37.28844917491986 75
      vertex -40.93202061316417 -38.729017499580046 75
      vertex -41.18182309908104 -39.03749787913418 75
    endloop
  endfacet
  facet normal 0 0 1
    outer loop
      vertex 40.29063827187859 -37.28844917491986 75
      vertex -40.71583155142543 -38.3961155378486 75
      vertex -40.93202061316417 -38.729017499580046 75
    endloop
  endfacet
  facet normal 0 0 1
    outer loop
      vertex 40.20776892430279 -36.5 75
      vertex -40.535624526465696 -38.04243933749681 75
      vertex -40.71583155142543 -38.3961155378486 75
    endloop
  endfacet
  facet normal 0 0 1
    outer loop
      vertex 40.20776892430279 -36.5 75
      vertex -40.39337392416119 -37.67186384898723 75
      vertex -40.535624526465696 -38.04243933749681 75
    endloop
  endfacet
  facet normal 0 0 1
    outer loop
      vertex 40.20776892430279 -36.5 75
      vertex -40.29063827187859 -37.28844917491986 75
      vertex -40.39337392416119 -37.67186384898723 75
    endloop
  endfacet
  facet normal 0 0 1
    outer loop
      vertex 40.20776892430279 -36.5 75
      vertex -40.228543162923145 -36.896396086698466 75
      vertex -40.29063827187859 -37.28844917491986 75
    endloop
  endfacet
  facet normal 0 0 1
    outer loop
      vertex -40.20776892430279 -36.5 75
      vertex -40.228543162923145 -36.896396086698466 75
      vertex 40.20776892430279 -36.5 75
    endloop
  endfacet
  facet normal 0 0 1
    outer loop
      vertex -40.20776892430279 -36.5 75
      vertex 40.228543162923145 -36.103603913301534 75
      vertex -40.228543162923145 -36.103603913301534 75
    endloop
  endfacet
  facet normal 0 0 1
    outer loop
      vertex -40.228543162923145 -36.103603913301534 75
      vertex 40.29063827187859 -35.71155082508014 75
      vertex -40.29063827187859 -35.71155082508014 75
    endloop
  endfacet
  facet normal 0 0 1
    outer loop
      vertex -40.29063827187859 -35.71155082508014 75
      vertex 40.39337392416119 -35.32813615101277 75
      vertex -40.39337392416119 -35.32813615101277 75
    endloop
  endfacet
  facet normal 0 0 1
    outer loop
      vertex -40.39337392416119 -35.32813615101277 75
      vertex 40.535624526465696 -34.95756066250319 75
      vertex -40.535624526465696 -34.95756066250319 75
    endloop
  endfacet
  facet normal 0 0 1
    outer loop
      vertex -40.535624526465696 -34.95756066250319 75
      vertex 40.71583155142543 -34.6038844621514 75
      vertex -40.71583155142543 -34.6038844621514 75
    endloop
  endfacet
  facet normal 0 0 -1
    outer loop
      vertex -45.21898901462555 -32.2605144828558 73.1
      vertex 43.6211738884449 32.72095795720816 73.1
      vertex -45.00861942023039 -32.35417706519365 73.1
    endloop
  endfacet
  facet normal 0 0 -1
    outer loop
      vertex -44.71546047925949 -32.46671023964882 73.1
      vertex -45.00861942023039 -32.35417706519365 73.1
      vertex 43.6211738884449 32.72095795720816 73.1
    endloop
  endfacet
  facet normal 0 0 -1
    outer loop
      vertex -44.71546047925949 -32.46671023964882 73.1
      vertex 43.6211738884449 32.72095795720816 73.1
      vertex -44.496452905237675 -32.53787011653185 73.1
    endloop
  endfacet
  facet normal 0 0 -1
    outer loop
      vertex -44.496452905237675 -32.53787011653185 73.1
      vertex 43.6211738884449 32.72095795720816 73.1
      vertex -44.19313699007034 -32.61914337426424 73.1
    endloop
  endfacet
  facet normal 0 0 -1
    outer loop
      vertex -44.19313699007034 -32.61914337426424 73.1
      vertex 43.6211738884449 32.72095795720816 73.1
      vertex -43.96789092570543 -32.66702090203762 73.1
    endloop
  endfacet
  facet normal 0 0 -1
    outer loop
      vertex -43.96789092570543 -32.66702090203762 73.1
      vertex 43.6211738884449 32.72095795720816 73.1
      vertex -43.657741360366344 -32.716143772006035 73.1
    endloop
  endfacet
  facet normal 0 0 -1
    outer loop
      vertex -43.657741360366344 -32.716143772006035 73.1
      vertex 43.6211738884449 32.72095795720816 73.1
      vertex -43.6211738884449 -32.72095795720816 73.1
    endloop
  endfacet
  facet normal 0 0 -1
    outer loop
      vertex -43.19040474295616 -32.791393756866455 73.1
      vertex 43.6211738884449 32.72095795720816 73.1
      vertex -42.84682697057724 -32.88345514982939 73.1
    endloop
  endfacet
  facet normal 0 0 -1
    outer loop
      vertex -43.6211738884449 -32.72095795720816 73.1
      vertex 43.6211738884449 32.72095795720816 73.1
      vertex -43.23117606341839 -32.78272754698992 73.1
    endloop
  endfacet
  facet normal 0 0 -1
    outer loop
      vertex -43.23117606341839 -32.78272754698992 73.1
      vertex 43.6211738884449 32.72095795720816 73.1
      vertex -43.19040474295616 -32.791393756866455 73.1
    endloop
  endfacet
  facet normal 0 0 -1
    outer loop
      vertex -40.72308457642794 -34.584006763994694 73.1
      vertex 43.6211738884449 32.72095795720816 73.1
      vertex -40.70224350690842 -34.62010455876589 73.1
    endloop
  endfacet
  facet normal 0 0 -1
    outer loop
      vertex -40.70224350690842 -34.62010455876589 73.1
      vertex 43.6211738884449 32.72095795720816 73.1
      vertex -40.540760070085526 -34.93703365325928 73.1
    endloop
  endfacet
  facet normal 0 0 -1
    outer loop
      vertex -40.72308457642794 -34.584006763994694 73.1
      vertex -40.91681157797575 -34.28569335490465 73.1
      vertex 43.6211738884449 32.72095795720816 73.1
    endloop
  endfacet
  facet normal 0 0 -1
    outer loop
      vertex -42.08400668948889 -33.22308462113142 73.1
      vertex 43.6211738884449 32.72095795720816 73.1
      vertex -41.7856934890151 -33.41681148856878 73.1
    endloop
  endfacet
  facet normal 0 0 -1
    outer loop
      vertex -41.7856934890151 -33.41681148856878 73.1
      vertex 43.6211738884449 32.72095795720816 73.1
      vertex -41.75197196006775 -33.44131160527468 73.1
    endloop
  endfacet
  facet normal 0 0 -1
    outer loop
      vertex -42.84682697057724 -32.88345514982939 73.1
      vertex 43.6211738884449 32.72095795720816 73.1
      vertex -42.807184778153896 -32.89633567631245 73.1
    endloop
  endfacet
  facet normal 0 0 -1
    outer loop
      vertex -42.807184778153896 -32.89633567631245 73.1
      vertex 43.6211738884449 32.72095795720816 73.1
      vertex -42.4751123636961 -33.02380633354187 73.1
    endloop
  endfacet
  facet normal 0 0 -1
    outer loop
      vertex -42.4751123636961 -33.02380633354187 73.1
      vertex 43.6211738884449 32.72095795720816 73.1
      vertex -42.4370336458087 -33.040760070085526 73.1
    endloop
  endfacet
  facet normal 0 0 -1
    outer loop
      vertex -42.4370336458087 -33.040760070085526 73.1
      vertex 43.6211738884449 32.72095795720816 73.1
      vertex -42.12010458111763 -33.202243492007256 73.1
    endloop
  endfacet
  facet normal 0 0 -1
    outer loop
      vertex -42.12010458111763 -33.202243492007256 73.1
      vertex 43.6211738884449 32.72095795720816 73.1
      vertex -42.08400668948889 -33.22308462113142 73.1
    endloop
  endfacet
  facet normal 0 0 -1
    outer loop
      vertex -41.444566778838634 -33.69305045157671 73.1
      vertex 43.6211738884449 32.72095795720816 73.1
      vertex -41.19305045157671 -33.944566778838634 73.1
    endloop
  endfacet
  facet normal 0 0 -1
    outer loop
      vertex -41.19305045157671 -33.944566778838634 73.1
      vertex 43.6211738884449 32.72095795720816 73.1
      vertex -41.16515966504812 -33.97554263472557 73.1
    endloop
  endfacet
  facet normal 0 0 -1
    outer loop
      vertex -41.75197196006775 -33.44131160527468 73.1
      vertex 43.6211738884449 32.72095795720816 73.1
      vertex -41.47554263472557 -33.66515966504812 73.1
    endloop
  endfacet
  facet normal 0 0 -1
    outer loop
      vertex -41.47554263472557 -33.66515966504812 73.1
      vertex 43.6211738884449 32.72095795720816 73.1
      vertex -41.444566778838634 -33.69305045157671 73.1
    endloop
  endfacet
  facet normal 0 0 -1
    outer loop
      vertex -41.16515966504812 -33.97554263472557 73.1
      vertex 43.6211738884449 32.72095795720816 73.1
      vertex -40.94131155312061 -34.251972027122974 73.1
    endloop
  endfacet
  facet normal 0 0 -1
    outer loop
      vertex -40.91681157797575 -34.28569335490465 73.1
      vertex -40.94131155312061 -34.251972027122974 73.1
      vertex 43.6211738884449 32.72095795720816 73.1
    endloop
  endfacet
  facet normal 0 0 -1
    outer loop
      vertex -47.55829056352377 -30.05844284594059 73.1
      vertex -47.70085072517395 -29.778652772307396 73.1
      vertex 43.6211738884449 32.72095795720816 73.1
    endloop
  endfacet
  facet normal 0 0 -1
    outer loop
      vertex -47.70085072517395 -29.778652772307396 73.1
      vertex -47.79451330751181 -29.568283177912235 73.1
      vertex 43.6211738884449 32.72095795720816 73.1
    endloop
  endfacet
  facet normal 0 0 -1
    outer loop
      vertex -47.90704648196697 -29.275124236941338 73.1
      vertex 43.6211738884449 32.72095795720816 73.1
      vertex -47.79451330751181 -29.568283177912235 73.1
    endloop
  endfacet
  facet normal 0 0 -1
    outer loop
      vertex -47.90704648196697 -29.275124236941338 73.1
      vertex -47.97820635885 -29.05611666291952 73.1
      vertex 43.6211738884449 32.72095795720816 73.1
    endloop
  endfacet
  facet normal 0 0 -1
    outer loop
      vertex -47.97820635885 -29.05611666291952 73.1
      vertex -48.059479616582394 -28.75280074775219 73.1
      vertex 43.6211738884449 32.72095795720816 73.1
    endloop
  endfacet
  facet normal 0 0 -1
    outer loop
      vertex -48.059479616582394 -28.75280074775219 73.1
      vertex -48.107357151806355 -28.527554661035538 73.1
      vertex 43.6211738884449 32.72095795720816 73.1
    endloop
  endfacet
  facet normal 0 0 -1
    outer loop
      vertex -48.107357151806355 -28.527554661035538 73.1
      vertex -48.15648003667593 -28.21740498393774 73.1
      vertex 43.6211738884449 32.72095795720816 73.1
    endloop
  endfacet
  facet normal 0 0 -1
    outer loop
      vertex -46.391896687448025 -31.49881934374571 73.1
      vertex -46.56302673369646 -31.344733148813248 73.1
      vertex 43.6211738884449 32.72095795720816 73.1
    endloop
  endfacet
  facet normal 0 0 -1
    outer loop
      vertex -47.136772096157074 -30.70752438157797 73.1
      vertex 43.6211738884449 32.72095795720816 73.1
      vertex -46.93915558606386 -30.95156044512987 73.1
    endloop
  endfacet
  facet normal 0 0 -1
    outer loop
      vertex -47.272126242518425 -30.52122537791729 73.1
      vertex -47.44315146654844 -30.257869623601437 73.1
      vertex 43.6211738884449 32.72095795720816 73.1
    endloop
  endfacet
  facet normal 0 0 -1
    outer loop
      vertex -47.136772096157074 -30.70752438157797 73.1
      vertex -47.272126242518425 -30.52122537791729 73.1
      vertex 43.6211738884449 32.72095795720816 73.1
    endloop
  endfacet
  facet normal 0 0 -1
    outer loop
      vertex -46.93915558606386 -30.95156044512987 73.1
      vertex 43.6211738884449 32.72095795720816 73.1
      vertex -46.7850693911314 -31.122690491378307 73.1
    endloop
  endfacet
  facet normal 0 0 -1
    outer loop
      vertex -46.7850693911314 -31.122690491378307 73.1
      vertex 43.6211738884449 32.72095795720816 73.1
      vertex -46.56302673369646 -31.344733148813248 73.1
    endloop
  endfacet
  facet normal 0 0 -1
    outer loop
      vertex -46.391896687448025 -31.49881934374571 73.1
      vertex 43.6211738884449 32.72095795720816 73.1
      vertex -46.14786062389612 -31.69643585383892 73.1
    endloop
  endfacet
  facet normal 0 0 -1
    outer loop
      vertex -45.961561642587185 -31.83178998529911 73.1
      vertex -46.14786062389612 -31.69643585383892 73.1
      vertex 43.6211738884449 32.72095795720816 73.1
    endloop
  endfacet
  facet normal 0 0 -1
    outer loop
      vertex -45.69820586591959 -32.00281522423029 73.1
      vertex 43.6211738884449 32.72095795720816 73.1
      vertex -45.49877908825874 -32.117954321205616 73.1
    endloop
  endfacet
  facet normal 0 0 -1
    outer loop
      vertex -45.961561642587185 -31.83178998529911 73.1
      vertex 43.6211738884449 32.72095795720816 73.1
      vertex -45.69820586591959 -32.00281522423029 73.1
    endloop
  endfacet
  facet normal 0 0 -1
    outer loop
      vertex -45.49877908825874 -32.117954321205616 73.1
      vertex 43.6211738884449 32.72095795720816 73.1
      vertex -45.21898901462555 -32.2605144828558 73.1
    endloop
  endfacet
  facet normal 0 0 -1
    outer loop
      vertex -47.55829056352377 -30.05844284594059 73.1
      vertex 43.6211738884449 32.72095795720816 73.1
      vertex -47.44315146654844 -30.257869623601437 73.1
    endloop
  endfacet
  facet normal 0 0 -1
    outer loop
      vertex -48.180550664663315 -27.988388240337372 73.1
      vertex -48.196984976530075 -27.674802847206593 73.1
      vertex 43.6211738884449 32.72095795720816 73.1
    endloop
  endfacet
  facet normal 0 0 -1
    outer loop
      vertex -48.196984976530075 -27.674802847206593 73.1
      vertex -48.20000000298023 -27.559663757681847 73.1
      vertex 43.6211738884449 32.72095795720816 73.1
    endloop
  endfacet
  facet normal 0 0 -1
    outer loop
      vertex -48.15648003667593 -28.21740498393774 73.1
      vertex -48.180550664663315 -27.988388240337372 73.1
      vertex 43.6211738884449 32.72095795720816 73.1
    endloop
  endfacet
  facet normal 0 0 -1
    outer loop
      vertex -37.06828337907791 -40.29451322555542 73.1
      vertex 43.6211738884449 32.72095795720816 73.1
      vertex -36.775124438107014 -40.40704641491175 73.1
    endloop
  endfacet
  facet normal 0 0 -1
    outer loop
      vertex -36.775124438107014 -40.40704641491175 73.1
      vertex 43.6211738884449 32.72095795720816 73.1
      vertex -36.556116834282875 -40.47820631414652 73.1
    endloop
  endfacet
  facet normal 0 0 -1
    outer loop
      vertex -36.556116834282875 -40.47820631414652 73.1
      vertex 43.6211738884449 32.72095795720816 73.1
      vertex -36.252800926566124 -40.55947957932949 73.1
    endloop
  endfacet
  facet normal 0 0 -1
    outer loop
      vertex -36.252800926566124 -40.55947957932949 73.1
      vertex 43.6211738884449 32.72095795720816 73.1
      vertex -36.02755483239889 -40.60735712200403 73.1
    endloop
  endfacet
  facet normal 0 0 -1
    outer loop
      vertex -36.02755483239889 -40.60735712200403 73.1
      vertex 43.6211738884449 32.72095795720816 73.1
      vertex -35.717405155301094 -40.65648001432419 73.1
    endloop
  endfacet
  facet normal 0 0 -1
    outer loop
      vertex -35.717405155301094 -40.65648001432419 73.1
      vertex 43.6211738884449 32.72095795720816 73.1
      vertex -35.48838846385479 -40.68055064231157 73.1
    endloop
  endfacet
  facet normal 0 0 -1
    outer loop
      vertex -35.48838846385479 -40.68055064231157 73.1
      vertex 43.6211738884449 32.72095795720816 73.1
      vertex -35.17480307072401 -40.696984969079494 73.1
    endloop
  endfacet
  facet normal 0 0 -1
    outer loop
      vertex -35.17480307072401 -40.696984969079494 73.1
      vertex 43.6211738884449 32.72095795720816 73.1
      vertex -35.059663876891136 -40.70000000298023 73.1
    endloop
  endfacet
  facet normal 0 0 -1
    outer loop
      vertex -39.50281532853842 -38.1982057094574 73.1
      vertex 43.6211738884449 32.72095795720816 73.1
      vertex -39.33179011195898 -38.46156147122383 73.1
    endloop
  endfacet
  facet normal 0 0 -1
    outer loop
      vertex -38.451560601592064 -39.43915545940399 73.1
      vertex -38.62269067019224 -39.28506924211979 73.1
      vertex 43.6211738884449 32.72095795720816 73.1
    endloop
  endfacet
  facet normal 0 0 -1
    outer loop
      vertex -38.451560601592064 -39.43915545940399 73.1
      vertex 43.6211738884449 32.72095795720816 73.1
      vertex -38.20752454549074 -39.636771976947784 73.1
    endloop
  endfacet
  facet normal 0 0 -1
    outer loop
      vertex -38.99881947040558 -38.89189654588699 73.1
      vertex 43.6211738884449 32.72095795720816 73.1
      vertex -38.84473331272602 -39.06302657723427 73.1
    endloop
  endfacet
  facet normal 0 0 -1
    outer loop
      vertex -39.19643598794937 -38.64786045998335 73.1
      vertex -39.33179011195898 -38.46156147122383 73.1
      vertex 43.6211738884449 32.72095795720816 73.1
    endloop
  endfacet
  facet normal 0 0 -1
    outer loop
      vertex -39.19643598794937 -38.64786045998335 73.1
      vertex 43.6211738884449 32.72095795720816 73.1
      vertex -38.99881947040558 -38.89189654588699 73.1
    endloop
  endfacet
  facet normal 0 0 -1
    outer loop
      vertex -38.84473331272602 -39.06302657723427 73.1
      vertex 43.6211738884449 32.72095795720816 73.1
      vertex -38.62269067019224 -39.28506924211979 73.1
    endloop
  endfacet
  facet normal 0 0 -1
    outer loop
      vertex -39.617954447865486 -37.99877889454365 73.1
      vertex -39.760514594614506 -37.71898881345987 73.1
      vertex 43.6211738884449 32.72095795720816 73.1
    endloop
  endfacet
  facet normal 0 0 -1
    outer loop
      vertex -39.50281532853842 -38.1982057094574 73.1
      vertex -39.617954447865486 -37.99877889454365 73.1
      vertex 43.6211738884449 32.72095795720816 73.1
    endloop
  endfacet
  facet normal 0 0 -1
    outer loop
      vertex -39.760514594614506 -37.71898881345987 73.1
      vertex -39.85417713969946 -37.508619248867035 73.1
      vertex 43.6211738884449 32.72095795720816 73.1
    endloop
  endfacet
  facet normal 0 0 -1
    outer loop
      vertex -39.966710314154625 -37.215460285544395 73.1
      vertex 43.6211738884449 32.72095795720816 73.1
      vertex -39.85417713969946 -37.508619248867035 73.1
    endloop
  endfacet
  facet normal 0 0 -1
    outer loop
      vertex -39.966710314154625 -37.215460285544395 73.1
      vertex -40.037870183587074 -36.99645269662142 73.1
      vertex 43.6211738884449 32.72095795720816 73.1
    endloop
  endfacet
  facet normal 0 0 -1
    outer loop
      vertex -40.037870183587074 -36.99645269662142 73.1
      vertex -40.119143433868885 -36.693136759102345 73.1
      vertex 43.6211738884449 32.72095795720816 73.1
    endloop
  endfacet
  facet normal 0 0 -1
    outer loop
      vertex -40.119143433868885 -36.693136759102345 73.1
      vertex -40.167020954191685 -36.467890687286854 73.1
      vertex 43.6211738884449 32.72095795720816 73.1
    endloop
  endfacet
  facet normal 0 0 -1
    outer loop
      vertex -40.167020954191685 -36.467890687286854 73.1
      vertex -40.2161438241601 -36.157741002738476 73.1
      vertex 43.6211738884449 32.72095795720816 73.1
    endloop
  endfacet
  facet normal 0 0 -1
    outer loop
      vertex -38.021225556731224 -39.772126130759716 73.1
      vertex 43.6211738884449 32.72095795720816 73.1
      vertex -37.75786980241537 -39.943151369690895 73.1
    endloop
  endfacet
  facet normal 0 0 -1
    outer loop
      vertex -37.75786980241537 -39.943151369690895 73.1
      vertex 43.6211738884449 32.72095795720816 73.1
      vertex -37.558443017303944 -40.05829048156738 73.1
    endloop
  endfacet
  facet normal 0 0 -1
    outer loop
      vertex -38.20752454549074 -39.636771976947784 73.1
      vertex 43.6211738884449 32.72095795720816 73.1
      vertex -38.021225556731224 -39.772126130759716 73.1
    endloop
  endfacet
  facet normal 0 0 -1
    outer loop
      vertex -37.27865295112133 -40.200850650668144 73.1
      vertex -37.558443017303944 -40.05829048156738 73.1
      vertex 43.6211738884449 32.72095795720816 73.1
    endloop
  endfacet
  facet normal 0 0 -1
    outer loop
      vertex -37.27865295112133 -40.200850650668144 73.1
      vertex 43.6211738884449 32.72095795720816 73.1
      vertex -37.06828337907791 -40.29451322555542 73.1
    endloop
  endfacet
  facet normal 0 0 -1
    outer loop
      vertex -40.22095795720816 -36.12117397040129 73.1
      vertex 43.6211738884449 32.72095795720816 73.1
      vertex -40.2161438241601 -36.157741002738476 73.1
    endloop
  endfacet
  facet normal 0 0 -1
    outer loop
      vertex -40.22095795720816 -36.12117397040129 73.1
      vertex -40.28272756934166 -35.73117595911026 73.1
      vertex 43.6211738884449 32.72095795720816 73.1
    endloop
  endfacet
  facet normal 0 0 -1
    outer loop
      vertex -40.28272756934166 -35.73117595911026 73.1
      vertex -40.291393756866455 -35.69040474295616 73.1
      vertex 43.6211738884449 32.72095795720816 73.1
    endloop
  endfacet
  facet normal 0 0 -1
    outer loop
      vertex -40.291393756866455 -35.69040474295616 73.1
      vertex -40.38345514982939 -35.34682697057724 73.1
      vertex 43.6211738884449 32.72095795720816 73.1
    endloop
  endfacet
  facet normal 0 0 -1
    outer loop
      vertex -40.39633567631245 -35.307184778153896 73.1
      vertex 43.6211738884449 32.72095795720816 73.1
      vertex -40.38345514982939 -35.34682697057724 73.1
    endloop
  endfacet
  facet normal 0 0 -1
    outer loop
      vertex -40.39633567631245 -35.307184778153896 73.1
      vertex -40.52380633354187 -34.9751123636961 73.1
      vertex 43.6211738884449 32.72095795720816 73.1
    endloop
  endfacet
  facet normal 0 0 -1
    outer loop
      vertex -40.540760070085526 -34.93703365325928 73.1
      vertex 43.6211738884449 32.72095795720816 73.1
      vertex -40.52380633354187 -34.9751123636961 73.1
    endloop
  endfacet
  facet normal 0 0 1
    outer loop
      vertex 43.603603913301534 32.728543162923145 75
      vertex -44.78844917491986 -32.79063827187859 75
      vertex -44.396396086698466 -32.728543162923145 75
    endloop
  endfacet
  facet normal 0 0 1
    outer loop
      vertex -44 -32.70776892430279 75
      vertex 43.603603913301534 32.728543162923145 75
      vertex -44.396396086698466 -32.728543162923145 75
    endloop
  endfacet
  facet normal 0 0 1
    outer loop
      vertex 44 32.70776892430279 75
      vertex -44 -32.70776892430279 75
      vertex -43.603603913301534 -32.728543162923145 75
    endloop
  endfacet
  facet normal 0 0 1
    outer loop
      vertex 44.78844917491986 32.79063827187859 75
      vertex -43.21155082508014 -32.79063827187859 75
      vertex -42.82813615101277 -32.89337392416119 75
    endloop
  endfacet
  facet normal 0 0 1
    outer loop
      vertex 44.78844917491986 32.79063827187859 75
      vertex -43.603603913301534 -32.728543162923145 75
      vertex -43.21155082508014 -32.79063827187859 75
    endloop
  endfacet
  facet normal 0 0 1
    outer loop
      vertex 44.78844917491986 32.79063827187859 75
      vertex -42.82813615101277 -32.89337392416119 75
      vertex -42.45756066250319 -33.035624526465696 75
    endloop
  endfacet
  facet normal 0 0 1
    outer loop
      vertex 44.78844917491986 32.79063827187859 75
      vertex -41.770982500419954 -33.43202061316417 75
      vertex -41.46250212086582 -33.68182309908104 75
    endloop
  endfacet
  facet normal 0 0 1
    outer loop
      vertex 44.78844917491986 32.79063827187859 75
      vertex -41.46250212086582 -33.68182309908104 75
      vertex -41.18182309908104 -33.96250212086582 75
    endloop
  endfacet
  facet normal 0 0 1
    outer loop
      vertex 44.78844917491986 32.79063827187859 75
      vertex -42.45756066250319 -33.035624526465696 75
      vertex -42.1038844621514 -33.21583155142543 75
    endloop
  endfacet
  facet normal 0 0 1
    outer loop
      vertex 44.78844917491986 32.79063827187859 75
      vertex -42.1038844621514 -33.21583155142543 75
      vertex -41.770982500419954 -33.43202061316417 75
    endloop
  endfacet
  facet normal 0 0 1
    outer loop
      vertex 44.78844917491986 32.79063827187859 75
      vertex -40.93202061316417 -34.270982500419954 75
      vertex -40.71583155142543 -34.6038844621514 75
    endloop
  endfacet
  facet normal 0 0 1
    outer loop
      vertex 44.78844917491986 32.79063827187859 75
      vertex -41.18182309908104 -33.96250212086582 75
      vertex -40.93202061316417 -34.270982500419954 75
    endloop
  endfacet
  facet normal 1 0 0
    outer loop
      vertex -48.20000000298023 27.559663757681847 73.1
      vertex -48.20000000298023 -27.559663757681847 70
      vertex -48.20000000298023 27.559663757681847 70
    endloop
  endfacet
  facet normal 0 0 -1
    outer loop
      vertex -50 36.5 70
      vertex -48.20000000298023 27.559663757681847 70
      vertex -48.20000000298023 -27.559663757681847 70
    endloop
  endfacet
  facet normal -1 0 0
    outer loop
      vertex -50 -36.5 70
      vertex -50 36.5 75
      vertex -50 36.5 70
    endloop
  endfacet
  facet normal 0 0 -1
    outer loop
      vertex -50 36.5 70
      vertex -48.196984976530075 27.674802839756012 70
      vertex -48.20000000298023 27.559663757681847 70
    endloop
  endfacet
  facet normal 0 0 -1
    outer loop
      vertex -50 36.5 70
      vertex -48.180550672113895 27.9883881136775 70
      vertex -48.196984976530075 27.674802839756012 70
    endloop
  endfacet
  facet normal 0 0 -1
    outer loop
      vertex -50 36.5 70
      vertex -48.15648005902767 28.217404760420322 70
      vertex -48.180550672113895 27.9883881136775 70
    endloop
  endfacet
  facet normal 0 0 -1
    outer loop
      vertex -50 36.5 70
      vertex -48.10735718905926 28.52755445986986 70
      vertex -48.15648005902767 28.217404760420322 70
    endloop
  endfacet
  facet normal 0 0 -1
    outer loop
      vertex -50 36.5 70
      vertex -48.05947966128588 28.752800539135933 70
      vertex -48.10735718905926 28.52755445986986 70
    endloop
  endfacet
  facet normal 0 0 -1
    outer loop
      vertex -50 36.5 70
      vertex -47.97820641845465 29.056116454303265 70
      vertex -48.05947966128588 28.752800539135933 70
    endloop
  endfacet
  facet normal 0 0 -1
    outer loop
      vertex -50 36.5 70
      vertex -47.90704656392336 29.27512401342392 70
      vertex -47.97820641845465 29.056116454303265 70
    endloop
  endfacet
  facet normal 0 0 -1
    outer loop
      vertex -50 36.5 70
      vertex -47.794513404369354 29.568282961845398 70
      vertex -47.90704656392336 29.27512401342392 70
    endloop
  endfacet
  facet normal 0.999657324185506 -0.02617697847869946 0
    outer loop
      vertex -48.196984976530075 27.674802839756012 73.1
      vertex -48.20000000298023 27.559663757681847 70
      vertex -48.196984976530075 27.674802839756012 70
    endloop
  endfacet
  facet normal 0.9986295353214477 -0.05233594542634556 0
    outer loop
      vertex -48.180550672113895 27.9883881136775 73.1
      vertex -48.196984976530075 27.674802839756012 70
      vertex -48.180550672113895 27.9883881136775 70
    endloop
  endfacet
  facet normal 0.9945218982722661 -0.10452843563800361 0
    outer loop
      vertex -48.15648005902767 28.217404760420322 73.1
      vertex -48.180550672113895 27.9883881136775 70
      vertex -48.15648005902767 28.217404760420322 70
    endloop
  endfacet
  facet normal 0.9876883487609064 -0.15643441348358827 0
    outer loop
      vertex -48.10735718905926 28.52755445986986 73.1
      vertex -48.15648005902767 28.217404760420322 70
      vertex -48.10735718905926 28.52755445986986 70
    endloop
  endfacet
  facet normal 0.9781476045887806 -0.20791167268152713 0
    outer loop
      vertex -48.05947966128588 28.752800539135933 73.1
      vertex -48.10735718905926 28.52755445986986 70
      vertex -48.05947966128588 28.752800539135933 70
    endloop
  endfacet
  facet normal 0.9659258355954191 -0.25881901037074423 0
    outer loop
      vertex -47.97820641845465 29.056116454303265 73.1
      vertex -48.05947966128588 28.752800539135933 70
      vertex -47.97820641845465 29.056116454303265 70
    endloop
  endfacet
  facet normal 0.9510565355038769 -0.30901693525656937 0
    outer loop
      vertex -47.90704656392336 29.27512401342392 73.1
      vertex -47.97820641845465 29.056116454303265 70
      vertex -47.90704656392336 29.27512401342392 70
    endloop
  endfacet
  facet normal 0.9335804449227313 -0.3583679015451512 0
    outer loop
      vertex -47.794513404369354 29.568282961845398 73.1
      vertex -47.90704656392336 29.27512401342392 70
      vertex -47.794513404369354 29.568282961845398 70
    endloop
  endfacet
  facet normal 0.9135454759946477 -0.4067366018564254 0
    outer loop
      vertex -47.70085081458092 29.778652608394623 73.1
      vertex -47.794513404369354 29.568282961845398 70
      vertex -47.70085081458092 29.778652608394623 70
    endloop
  endfacet
  facet normal 0.8910065404563845 -0.4539904678117651 0
    outer loop
      vertex -47.55829066038132 30.058442689478397 73.1
      vertex -47.70085081458092 29.778652608394623 70
      vertex -47.55829066038132 30.058442689478397 70
    endloop
  endfacet
  facet normal 0.8660254165537549 -0.4999999778828949 0
    outer loop
      vertex -47.44315156340599 30.257869467139244 73.1
      vertex -47.55829066038132 30.058442689478397 70
      vertex -47.44315156340599 30.257869467139244 70
    endloop
  endfacet
  facet normal 0.8386705889475198 -0.5446390026746342 0
    outer loop
      vertex -47.27212633192539 30.52122525125742 73.1
      vertex -47.44315156340599 30.257869467139244 70
      vertex -47.27212633192539 30.52122525125742 70
    endloop
  endfacet
  facet normal 0.8090170126202122 -0.5877852271800196 0
    outer loop
      vertex -47.13677220791578 30.707524232566357 73.1
      vertex -47.27212633192539 30.52122525125742 70
      vertex -47.13677220791578 30.707524232566357 70
    endloop
  endfacet
  facet normal 0.7771459788677832 -0.6293203695492742 0
    outer loop
      vertex -46.93915570527315 30.95156030356884 73.1
      vertex -47.13677220791578 30.707524232566357 70
      vertex -46.93915570527315 30.95156030356884 70
    endloop
  endfacet
  facet normal 0.7431448571046009 -0.6691305712332851 0
    outer loop
      vertex -46.785069547593594 31.122690334916115 73.1
      vertex -46.93915570527315 30.95156030356884 70
      vertex -46.785069547593594 31.122690334916115 70
    endloop
  endfacet
  facet normal 0.7071068167767066 -0.7071067455963868 0
    outer loop
      vertex -46.56302689015865 31.344733014702797 73.1
      vertex -46.785069547593594 31.122690334916115 70
      vertex -46.56302689015865 31.344733014702797 70
    endloop
  endfacet
  facet normal 0.6691306301771538 -0.7431448040313039 0
    outer loop
      vertex -46.39189683645964 31.49881921708584 73.1
      vertex -46.56302689015865 31.344733014702797 70
      vertex -46.39189683645964 31.49881921708584 70
    endloop
  endfacet
  facet normal 0.6293204214174093 -0.777145936865795 0
    outer loop
      vertex -46.147860780358315 31.69643573462963 73.1
      vertex -46.39189683645964 31.49881921708584 70
      vertex -46.147860780358315 31.69643573462963 70
    endloop
  endfacet
  facet normal 0.587785296500131 -0.8090169622562021 0
    outer loop
      vertex -45.9615617915988 31.831789888441563 73.1
      vertex -46.147860780358315 31.69643573462963 70
      vertex -45.9615617915988 31.831789888441563 70
    endloop
  endfacet
  facet normal 0 0 -1
    outer loop
      vertex -50 36.5 70
      vertex -47.70085081458092 29.778652608394623 70
      vertex -47.794513404369354 29.568282961845398 70
    endloop
  endfacet
  facet normal 0 0 -1
    outer loop
      vertex -50 36.5 70
      vertex -47.55829066038132 30.058442689478397 70
      vertex -47.70085081458092 29.778652608394623 70
    endloop
  endfacet
  facet normal 0 0 -1
    outer loop
      vertex -50 36.5 70
      vertex -47.44315156340599 30.257869467139244 70
      vertex -47.55829066038132 30.058442689478397 70
    endloop
  endfacet
  facet normal 0 0 -1
    outer loop
      vertex -50 36.5 70
      vertex -47.27212633192539 30.52122525125742 70
      vertex -47.44315156340599 30.257869467139244 70
    endloop
  endfacet
  facet normal 0 0 -1
    outer loop
      vertex -50 36.5 70
      vertex -47.13677220791578 30.707524232566357 70
      vertex -47.27212633192539 30.52122525125742 70
    endloop
  endfacet
  facet normal 0 0 -1
    outer loop
      vertex -50 36.5 70
      vertex -46.93915570527315 30.95156030356884 70
      vertex -47.13677220791578 30.707524232566357 70
    endloop
  endfacet
  facet normal 0 0 -1
    outer loop
      vertex -50 36.5 70
      vertex -46.785069547593594 31.122690334916115 70
      vertex -46.93915570527315 30.95156030356884 70
    endloop
  endfacet
  facet normal 0 0 -1
    outer loop
      vertex -50 36.5 70
      vertex -46.56302689015865 31.344733014702797 70
      vertex -46.785069547593594 31.122690334916115 70
    endloop
  endfacet
  facet normal 0 0 -1
    outer loop
      vertex -50 36.5 70
      vertex -46.39189683645964 31.49881921708584 70
      vertex -46.56302689015865 31.344733014702797 70
    endloop
  endfacet
  facet normal 0 0 -1
    outer loop
      vertex -50 36.5 70
      vertex -46.147860780358315 31.69643573462963 70
      vertex -46.39189683645964 31.49881921708584 70
    endloop
  endfacet
  facet normal 0 0 -1
    outer loop
      vertex -50 36.5 70
      vertex -49.9671313688159 37.12717077881098 70
      vertex -45.85 36.5 70
    endloop
  endfacet
  facet normal 0 0 -1
    outer loop
      vertex -50 36.5 70
      vertex -45.49668143959365 35.412597283258926 70
      vertex -46.147860780358315 31.69643573462963 70
    endloop
  endfacet
  facet normal 0 0 -1
    outer loop
      vertex -50 36.5 70
      vertex -45.60214699700121 35.575 70
      vertex -45.49668143959365 35.412597283258926 70
    endloop
  endfacet
  facet normal 0 0 -1
    outer loop
      vertex -50 36.5 70
      vertex -45.69005909663881 35.74753721030977 70
      vertex -45.60214699700121 35.575 70
    endloop
  endfacet
  facet normal 0 0 -1
    outer loop
      vertex -50 36.5 70
      vertex -45.80957306135754 36.115363371987144 70
      vertex -45.759454555146036 35.928318560406346 70
    endloop
  endfacet
  facet normal 0 0 -1
    outer loop
      vertex -50 36.5 70
      vertex -45.759454555146036 35.928318560406346 70
      vertex -45.69005909663881 35.74753721030977 70
    endloop
  endfacet
  facet normal 0 0 -1
    outer loop
      vertex -50 36.5 70
      vertex -45.83986550643131 36.30662234295484 70
      vertex -45.80957306135754 36.115363371987144 70
    endloop
  endfacet
  facet normal 0 0 -1
    outer loop
      vertex -50 36.5 70
      vertex -45.85 36.5 70
      vertex -45.83986550643131 36.30662234295484 70
    endloop
  endfacet
  facet normal 0 0 -1
    outer loop
      vertex -49.9671313688159 37.12717077881098 70
      vertex -45.83986550643131 36.69337765704516 70
      vertex -45.85 36.5 70
    endloop
  endfacet
  facet normal 0 0 -1
    outer loop
      vertex -49.9671313688159 37.12717077881098 70
      vertex -45.80957306135754 36.884636628012856 70
      vertex -45.83986550643131 36.69337765704516 70
    endloop
  endfacet
  facet normal 0 0 -1
    outer loop
      vertex -49.9671313688159 37.12717077881098 70
      vertex -45.759454555146036 37.071681439593654 70
      vertex -45.80957306135754 36.884636628012856 70
    endloop
  endfacet
  facet normal 0 0 -1
    outer loop
      vertex -46.147860780358315 31.69643573462963 70
      vertex -45.49668143959365 35.412597283258926 70
      vertex -45.9615617915988 31.831789888441563 70
    endloop
  endfacet
  facet normal 0 0 -1
    outer loop
      vertex -45.9615617915988 31.831789888441563 70
      vertex -45.37481792713318 35.262108378236114 70
      vertex -45.698206037282944 32.00281512737274 70
    endloop
  endfacet
  facet normal 0 0 -1
    outer loop
      vertex -45.698206037282944 32.00281512737274 70
      vertex -45.237891621763886 35.12518207286682 70
      vertex -45.498779252171516 32.11795423924923 70
    endloop
  endfacet
  facet normal 0 0 -1
    outer loop
      vertex -45.37481792713318 35.262108378236114 70
      vertex -45.9615617915988 31.831789888441563 70
      vertex -45.49668143959365 35.412597283258926 70
    endloop
  endfacet
  facet normal 0 0 -1
    outer loop
      vertex -45.237891621763886 35.12518207286682 70
      vertex -45.698206037282944 32.00281512737274 70
      vertex -45.37481792713318 35.262108378236114 70
    endloop
  endfacet
  facet normal 0 0 -1
    outer loop
      vertex -45.498779252171516 32.11795423924923 70
      vertex -45.087402716741074 35.00331856040635 70
      vertex -45.2189891859889 32.26051440834999 70
    endloop
  endfacet
  facet normal 0 0 -1
    outer loop
      vertex -45.2189891859889 32.26051440834999 70
      vertex -44.925 34.89785300299879 70
      vertex -45.008619613945484 32.35417698323727 70
    endloop
  endfacet
  facet normal 0 0 -1
    outer loop
      vertex -45.008619613945484 32.35417698323727 70
      vertex -44.75246278969023 34.80994090336119 70
      vertex -44.715460658073425 32.466710180044174 70
    endloop
  endfacet
  facet normal 0 0 -1
    outer loop
      vertex -44.715460658073425 32.466710180044174 70
      vertex -44.571681439593654 34.740545444853964 70
      vertex -44.49645306915045 32.537870071828365 70
    endloop
  endfacet
  facet normal 0 0 -1
    outer loop
      vertex -45.087402716741074 35.00331856040635 70
      vertex -45.498779252171516 32.11795423924923 70
      vertex -45.237891621763886 35.12518207286682 70
    endloop
  endfacet
  facet normal 0 0 -1
    outer loop
      vertex -44.925 34.89785300299879 70
      vertex -45.2189891859889 32.26051440834999 70
      vertex -45.087402716741074 35.00331856040635 70
    endloop
  endfacet
  facet normal 0 0 -1
    outer loop
      vertex -44.75246278969023 34.80994090336119 70
      vertex -45.008619613945484 32.35417698323727 70
      vertex -44.925 34.89785300299879 70
    endloop
  endfacet
  facet normal 0 0 -1
    outer loop
      vertex -44.571681439593654 34.740545444853964 70
      vertex -44.715460658073425 32.466710180044174 70
      vertex -44.75246278969023 34.80994090336119 70
    endloop
  endfacet
  facet normal 0 0 -1
    outer loop
      vertex -44.49645306915045 32.537870071828365 70
      vertex -44.384636628012856 34.69042693864246 70
      vertex -44.1931371614337 32.61914333701134 70
    endloop
  endfacet
  facet normal 0 0 -1
    outer loop
      vertex -44.1931371614337 32.61914333701134 70
      vertex -44.19337765704516 34.66013449356869 70
      vertex -43.967891067266464 32.66702087968588 70
    endloop
  endfacet
  facet normal 0 0 -1
    outer loop
      vertex -43.80662234295484 34.66013449356869 70
      vertex -43.65774139016867 32.716143772006035 70
      vertex -43.967891067266464 32.66702087968588 70
    endloop
  endfacet
  facet normal 0 0 -1
    outer loop
      vertex -44.384636628012856 34.69042693864246 70
      vertex -44.49645306915045 32.537870071828365 70
      vertex -44.571681439593654 34.740545444853964 70
    endloop
  endfacet
  facet normal 0 0 -1
    outer loop
      vertex -44.19337765704516 34.66013449356869 70
      vertex -44.1931371614337 32.61914333701134 70
      vertex -44.384636628012856 34.69042693864246 70
    endloop
  endfacet
  facet normal 0 0 -1
    outer loop
      vertex -44 34.65 70
      vertex -43.967891067266464 32.66702087968588 70
      vertex -44.19337765704516 34.66013449356869 70
    endloop
  endfacet
  facet normal 0 0 -1
    outer loop
      vertex -43.80662234295484 34.66013449356869 70
      vertex -43.967891067266464 32.66702087968588 70
      vertex -44 34.65 70
    endloop
  endfacet
  facet normal 0 0 -1
    outer loop
      vertex -49.9671313688159 37.12717077881098 70
      vertex -49.86888560652733 37.747470147907734 70
      vertex -45.759454555146036 37.071681439593654 70
    endloop
  endfacet
  facet normal 0 0 -1
    outer loop
      vertex -49.86888560652733 37.747470147907734 70
      vertex -49.706339098513126 38.354101963341236 70
      vertex -45.37481792713318 37.737891621763886 70
    endloop
  endfacet
  facet normal 0 0 -1
    outer loop
      vertex -49.86888560652733 37.747470147907734 70
      vertex -45.69005909663881 37.25246278969023 70
      vertex -45.759454555146036 37.071681439593654 70
    endloop
  endfacet
  facet normal 0 0 -1
    outer loop
      vertex -49.86888560652733 37.747470147907734 70
      vertex -45.60214699700121 37.425 70
      vertex -45.69005909663881 37.25246278969023 70
    endloop
  endfacet
  facet normal 0 0 -1
    outer loop
      vertex -49.86888560652733 37.747470147907734 70
      vertex -45.49668143959365 37.587402716741074 70
      vertex -45.60214699700121 37.425 70
    endloop
  endfacet
  facet normal 0 0 -1
    outer loop
      vertex -49.86888560652733 37.747470147907734 70
      vertex -45.37481792713318 37.737891621763886 70
      vertex -45.49668143959365 37.587402716741074 70
    endloop
  endfacet
  facet normal 0 0 -1
    outer loop
      vertex -49.706339098513126 38.354101963341236 70
      vertex -45.237891621763886 37.87481792713318 70
      vertex -45.37481792713318 37.737891621763886 70
    endloop
  endfacet
  facet normal 0 0 -1
    outer loop
      vertex -49.706339098513126 38.354101963341236 70
      vertex -45.087402716741074 37.99668143959365 70
      vertex -45.237891621763886 37.87481792713318 70
    endloop
  endfacet
  facet normal 0 0 -1
    outer loop
      vertex -49.706339098513126 38.354101963341236 70
      vertex -44.925 38.10214699700121 70
      vertex -45.087402716741074 37.99668143959365 70
    endloop
  endfacet
  facet normal 0 0 -1
    outer loop
      vertex -49.706339098513126 38.354101963341236 70
      vertex -44.75246278969023 38.19005909663881 70
      vertex -44.925 38.10214699700121 70
    endloop
  endfacet
  facet normal 0 0 -1
    outer loop
      vertex -49.706339098513126 38.354101963341236 70
      vertex -44.571681439593654 38.259454555146036 70
      vertex -44.75246278969023 38.19005909663881 70
    endloop
  endfacet
  facet normal 0 0 -1
    outer loop
      vertex -49.706339098513126 38.354101963341236 70
      vertex -44.384636628012856 38.30957306135754 70
      vertex -44.571681439593654 38.259454555146036 70
    endloop
  endfacet
  facet normal 0 0 -1
    outer loop
      vertex -49.706339098513126 38.354101963341236 70
      vertex -44.19337765704516 38.33986550643131 70
      vertex -44.384636628012856 38.30957306135754 70
    endloop
  endfacet
  facet normal 0 0 -1
    outer loop
      vertex -49.706339098513126 38.354101963341236 70
      vertex -44 38.35 70
      vertex -44.19337765704516 38.33986550643131 70
    endloop
  endfacet
  facet normal 0 0 -1
    outer loop
      vertex -49.706339098513126 38.354101963341236 70
      vertex -49.481272742152214 38.94041986018419 70
      vertex -39.33178999274969 38.461561642587185 70
    endloop
  endfacet
  facet normal 0 0 -1
    outer loop
      vertex -49.481272742152214 38.94041986018419 70
      vertex -49.19615242630243 39.5 70
      vertex -38.84473315626383 39.06302673369646 70
    endloop
  endfacet
  facet normal 0 0 -1
    outer loop
      vertex -49.19615242630243 39.5 70
      vertex -48.854101963341236 40.02671151608229 70
      vertex -38.20752438902855 39.636772096157074 70
    endloop
  endfacet
  facet normal 0 0 -1
    outer loop
      vertex -49.706339098513126 38.354101963341236 70
      vertex -39.33178999274969 38.461561642587185 70
      vertex -44 38.35 70
    endloop
  endfacet
  facet normal 0 0 -1
    outer loop
      vertex -48.854101963341236 40.02671151608229 70
      vertex -48.45886895060539 40.51478363573551 70
      vertex -37.55844285339117 40.05829056352377 70
    endloop
  endfacet
  facet normal 0 0 -1
    outer loop
      vertex -48.45886895060539 40.51478363573551 70
      vertex -48.01478363573551 40.95886895060539 70
      vertex -35.71740499138832 40.65648003667593 70
    endloop
  endfacet
  facet normal 0 0 -1
    outer loop
      vertex -45.247470147907734 42.36888560652733 70
      vertex -44.62717077881098 42.4671313688159 70
      vertex -44 42.5 70
    endloop
  endfacet
  facet normal 0 0 -1
    outer loop
      vertex -43.80662234295484 34.66013449356869 70
      vertex -43.62117379158735 32.7209579795599 70
      vertex -43.65774139016867 32.716143772006035 70
    endloop
  endfacet
  facet normal 0 0 -1
    outer loop
      vertex -43.62117379158735 32.7209579795599 70
      vertex -43.615363371987144 34.69042693864246 70
      vertex -43.23117606341839 32.78272754698992 70
    endloop
  endfacet
  facet normal 0 0 -1
    outer loop
      vertex -43.23117606341839 32.78272754698992 70
      vertex -43.615363371987144 34.69042693864246 70
      vertex -43.19040474295616 32.791393756866455 70
    endloop
  endfacet
  facet normal 0 0 -1
    outer loop
      vertex -43.19040474295616 32.791393756866455 70
      vertex -43.428318560406346 34.740545444853964 70
      vertex -42.84682697057724 32.88345514982939 70
    endloop
  endfacet
  facet normal 0 0 -1
    outer loop
      vertex -42.84682697057724 32.88345514982939 70
      vertex -43.428318560406346 34.740545444853964 70
      vertex -42.807184778153896 32.89633567631245 70
    endloop
  endfacet
  facet normal 0 0 -1
    outer loop
      vertex -43.615363371987144 34.69042693864246 70
      vertex -43.62117379158735 32.7209579795599 70
      vertex -43.80662234295484 34.66013449356869 70
    endloop
  endfacet
  facet normal 0 0 -1
    outer loop
      vertex -43.428318560406346 34.740545444853964 70
      vertex -43.19040474295616 32.791393756866455 70
      vertex -43.615363371987144 34.69042693864246 70
    endloop
  endfacet
  facet normal 0 0 -1
    outer loop
      vertex -43.24753721030977 34.80994090336119 70
      vertex -42.807184778153896 32.89633567631245 70
      vertex -43.428318560406346 34.740545444853964 70
    endloop
  endfacet
  facet normal 0 0 -1
    outer loop
      vertex -42.807184778153896 32.89633567631245 70
      vertex -43.24753721030977 34.80994090336119 70
      vertex -42.4751123636961 33.02380633354187 70
    endloop
  endfacet
  facet normal 0 0 -1
    outer loop
      vertex -42.4751123636961 33.02380633354187 70
      vertex -43.24753721030977 34.80994090336119 70
      vertex -42.43703365325928 33.040760070085526 70
    endloop
  endfacet
  facet normal 0 0 -1
    outer loop
      vertex -42.43703365325928 33.040760070085526 70
      vertex -43.075 34.89785300299879 70
      vertex -42.12010455876589 33.20224350690842 70
    endloop
  endfacet
  facet normal 0 0 -1
    outer loop
      vertex -43.075 34.89785300299879 70
      vertex -42.084006763994694 33.22308457642794 70
      vertex -42.12010455876589 33.20224350690842 70
    endloop
  endfacet
  facet normal 0 0 -1
    outer loop
      vertex -43.075 34.89785300299879 70
      vertex -42.43703365325928 33.040760070085526 70
      vertex -43.24753721030977 34.80994090336119 70
    endloop
  endfacet
  facet normal 0 0 -1
    outer loop
      vertex -42.912597283258926 35.00331856040635 70
      vertex -42.084006763994694 33.22308457642794 70
      vertex -43.075 34.89785300299879 70
    endloop
  endfacet
  facet normal 0 0 -1
    outer loop
      vertex -42.912597283258926 35.00331856040635 70
      vertex -41.78569335490465 33.41681157797575 70
      vertex -42.084006763994694 33.22308457642794 70
    endloop
  endfacet
  facet normal 0 0 -1
    outer loop
      vertex -42.762108378236114 35.12518207286682 70
      vertex -41.751972027122974 33.44131155312061 70
      vertex -42.912597283258926 35.00331856040635 70
    endloop
  endfacet
  facet normal 0 0 -1
    outer loop
      vertex -42.912597283258926 35.00331856040635 70
      vertex -41.751972027122974 33.44131155312061 70
      vertex -41.78569335490465 33.41681157797575 70
    endloop
  endfacet
  facet normal 0 0 -1
    outer loop
      vertex -42.762108378236114 35.12518207286682 70
      vertex -41.47554263472557 33.66515966504812 70
      vertex -41.751972027122974 33.44131155312061 70
    endloop
  endfacet
  facet normal 0 0 -1
    outer loop
      vertex -42.762108378236114 35.12518207286682 70
      vertex -41.444566778838634 33.69305045157671 70
      vertex -41.47554263472557 33.66515966504812 70
    endloop
  endfacet
  facet normal 0 0 -1
    outer loop
      vertex -42.62518207286682 35.262108378236114 70
      vertex -41.19305045157671 33.944566778838634 70
      vertex -41.444566778838634 33.69305045157671 70
    endloop
  endfacet
  facet normal 0 0 -1
    outer loop
      vertex -42.62518207286682 35.262108378236114 70
      vertex -41.16515966504812 33.97554263472557 70
      vertex -41.19305045157671 33.944566778838634 70
    endloop
  endfacet
  facet normal 0 0 -1
    outer loop
      vertex -42.62518207286682 35.262108378236114 70
      vertex -41.444566778838634 33.69305045157671 70
      vertex -42.762108378236114 35.12518207286682 70
    endloop
  endfacet
  facet normal 0 0 -1
    outer loop
      vertex -42.50331856040635 35.412597283258926 70
      vertex -41.16515966504812 33.97554263472557 70
      vertex -42.62518207286682 35.262108378236114 70
    endloop
  endfacet
  facet normal 0 0 -1
    outer loop
      vertex -42.39785300299879 35.575 70
      vertex -40.91681148856878 34.2856934890151 70
      vertex -42.50331856040635 35.412597283258926 70
    endloop
  endfacet
  facet normal 0 0 -1
    outer loop
      vertex -42.50331856040635 35.412597283258926 70
      vertex -40.94131160527468 34.25197196006775 70
      vertex -41.16515966504812 33.97554263472557 70
    endloop
  endfacet
  facet normal 0 0 -1
    outer loop
      vertex -42.50331856040635 35.412597283258926 70
      vertex -40.91681148856878 34.2856934890151 70
      vertex -40.94131160527468 34.25197196006775 70
    endloop
  endfacet
  facet normal 0 0 -1
    outer loop
      vertex -42.30994090336119 35.74753721030977 70
      vertex -40.702243492007256 34.62010458111763 70
      vertex -42.39785300299879 35.575 70
    endloop
  endfacet
  facet normal 0 0 -1
    outer loop
      vertex -42.240545444853964 35.928318560406346 70
      vertex -40.52380633354187 34.9751123636961 70
      vertex -42.30994090336119 35.74753721030977 70
    endloop
  endfacet
  facet normal 0 0 -1
    outer loop
      vertex -42.19042693864246 36.115363371987144 70
      vertex -40.38345514982939 35.34682697057724 70
      vertex -42.240545444853964 35.928318560406346 70
    endloop
  endfacet
  facet normal 0 0 -1
    outer loop
      vertex -42.39785300299879 35.575 70
      vertex -40.72308462113142 34.58400668948889 70
      vertex -40.91681148856878 34.2856934890151 70
    endloop
  endfacet
  facet normal 0 0 -1
    outer loop
      vertex -42.39785300299879 35.575 70
      vertex -40.702243492007256 34.62010458111763 70
      vertex -40.72308462113142 34.58400668948889 70
    endloop
  endfacet
  facet normal 0 0 -1
    outer loop
      vertex -42.30994090336119 35.74753721030977 70
      vertex -40.540760070085526 34.9370336458087 70
      vertex -40.702243492007256 34.62010458111763 70
    endloop
  endfacet
  facet normal 0 0 -1
    outer loop
      vertex -42.30994090336119 35.74753721030977 70
      vertex -40.52380633354187 34.9751123636961 70
      vertex -40.540760070085526 34.9370336458087 70
    endloop
  endfacet
  facet normal 0 0 -1
    outer loop
      vertex -42.240545444853964 35.928318560406346 70
      vertex -40.39633567631245 35.307184778153896 70
      vertex -40.52380633354187 34.9751123636961 70
    endloop
  endfacet
  facet normal 0 0 -1
    outer loop
      vertex -42.240545444853964 35.928318560406346 70
      vertex -40.38345514982939 35.34682697057724 70
      vertex -40.39633567631245 35.307184778153896 70
    endloop
  endfacet
  facet normal 0 0 -1
    outer loop
      vertex -42.19042693864246 36.115363371987144 70
      vertex -40.291393756866455 35.69040474295616 70
      vertex -40.38345514982939 35.34682697057724 70
    endloop
  endfacet
  facet normal 0 0 -1
    outer loop
      vertex -42.19042693864246 36.115363371987144 70
      vertex -40.28272756934166 35.73117595911026 70
      vertex -40.291393756866455 35.69040474295616 70
    endloop
  endfacet
  facet normal 0 0 -1
    outer loop
      vertex -42.16013449356869 36.30662234295484 70
      vertex -40.28272756934166 35.73117595911026 70
      vertex -42.19042693864246 36.115363371987144 70
    endloop
  endfacet
  facet normal 0 0 -1
    outer loop
      vertex -42.15 36.5 70
      vertex -40.21614380180836 36.157741226255894 70
      vertex -42.16013449356869 36.30662234295484 70
    endloop
  endfacet
  facet normal 0 0 -1
    outer loop
      vertex -42.16013449356869 36.69337765704516 70
      vertex -40.16702091693878 36.46789091825485 70
      vertex -42.15 36.5 70
    endloop
  endfacet
  facet normal 0 0 -1
    outer loop
      vertex -42.19042693864246 36.884636628012856 70
      vertex -40.11914338171482 36.69313699007034 70
      vertex -42.16013449356869 36.69337765704516 70
    endloop
  endfacet
  facet normal 0 0 -1
    outer loop
      vertex -42.240545444853964 37.071681439593654 70
      vertex -40.03787012398243 36.996452905237675 70
      vertex -42.19042693864246 36.884636628012856 70
    endloop
  endfacet
  facet normal 0 0 -1
    outer loop
      vertex -42.30994090336119 37.25246278969023 70
      vertex -39.9667102470994 37.21546047925949 70
      vertex -42.240545444853964 37.071681439593654 70
    endloop
  endfacet
  facet normal 0 0 -1
    outer loop
      vertex -40.28272756934166 35.73117595911026 70
      vertex -42.16013449356869 36.30662234295484 70
      vertex -40.22095796465874 36.12117391824722 70
    endloop
  endfacet
  facet normal 0 0 -1
    outer loop
      vertex -40.22095796465874 36.12117391824722 70
      vertex -42.16013449356869 36.30662234295484 70
      vertex -40.21614380180836 36.157741226255894 70
    endloop
  endfacet
  facet normal 0 0 -1
    outer loop
      vertex -40.21614380180836 36.157741226255894 70
      vertex -42.15 36.5 70
      vertex -40.16702091693878 36.46789091825485 70
    endloop
  endfacet
  facet normal 0 0 -1
    outer loop
      vertex -40.16702091693878 36.46789091825485 70
      vertex -42.16013449356869 36.69337765704516 70
      vertex -40.11914338171482 36.69313699007034 70
    endloop
  endfacet
  facet normal 0 0 -1
    outer loop
      vertex -42.19042693864246 36.884636628012856 70
      vertex -40.03787012398243 36.996452905237675 70
      vertex -40.11914338171482 36.69313699007034 70
    endloop
  endfacet
  facet normal 0 0 -1
    outer loop
      vertex -42.240545444853964 37.071681439593654 70
      vertex -39.9667102470994 37.21546047925949 70
      vertex -40.03787012398243 36.996452905237675 70
    endloop
  endfacet
  facet normal 0 0 -1
    outer loop
      vertex -39.33178999274969 38.461561642587185 70
      vertex -43.80662234295484 38.33986550643131 70
      vertex -44 38.35 70
    endloop
  endfacet
  facet normal 0 0 -1
    outer loop
      vertex -39.33178999274969 38.461561642587185 70
      vertex -43.615363371987144 38.30957306135754 70
      vertex -43.80662234295484 38.33986550643131 70
    endloop
  endfacet
  facet normal 0 0 -1
    outer loop
      vertex -49.481272742152214 38.94041986018419 70
      vertex -39.1964358612895 38.64786062389612 70
      vertex -39.33178999274969 38.461561642587185 70
    endloop
  endfacet
  facet normal 0 0 -1
    outer loop
      vertex -49.481272742152214 38.94041986018419 70
      vertex -38.99881935119629 38.891896687448025 70
      vertex -39.1964358612895 38.64786062389612 70
    endloop
  endfacet
  facet normal 0 0 -1
    outer loop
      vertex -49.481272742152214 38.94041986018419 70
      vertex -38.84473315626383 39.06302673369646 70
      vertex -38.99881935119629 38.891896687448025 70
    endloop
  endfacet
  facet normal 0 0 -1
    outer loop
      vertex -49.19615242630243 39.5 70
      vertex -38.62269049882889 39.2850693911314 70
      vertex -38.84473315626383 39.06302673369646 70
    endloop
  endfacet
  facet normal 0 0 -1
    outer loop
      vertex -39.9667102470994 37.21546047925949 70
      vertex -42.30994090336119 37.25246278969023 70
      vertex -42.39785300299879 37.425 70
    endloop
  endfacet
  facet normal 0 0 -1
    outer loop
      vertex -42.50331856040635 37.587402716741074 70
      vertex -39.854177072644234 37.50861942023039 70
      vertex -42.39785300299879 37.425 70
    endloop
  endfacet
  facet normal 0 0 -1
    outer loop
      vertex -39.76051449030638 37.71898901462555 70
      vertex -42.50331856040635 37.587402716741074 70
      vertex -42.62518207286682 37.737891621763886 70
    endloop
  endfacet
  facet normal 0 0 -1
    outer loop
      vertex -42.762108378236114 37.87481792713318 70
      vertex -39.76051449030638 37.71898901462555 70
      vertex -42.62518207286682 37.737891621763886 70
    endloop
  endfacet
  facet normal 0 0 -1
    outer loop
      vertex -39.33178999274969 38.461561642587185 70
      vertex -43.428318560406346 38.259454555146036 70
      vertex -43.615363371987144 38.30957306135754 70
    endloop
  endfacet
  facet normal 0 0 -1
    outer loop
      vertex -39.33178999274969 38.461561642587185 70
      vertex -43.24753721030977 38.19005909663881 70
      vertex -43.428318560406346 38.259454555146036 70
    endloop
  endfacet
  facet normal 0 0 -1
    outer loop
      vertex -39.33178999274969 38.461561642587185 70
      vertex -43.075 38.10214699700121 70
      vertex -43.24753721030977 38.19005909663881 70
    endloop
  endfacet
  facet normal 0 0 -1
    outer loop
      vertex -42.912597283258926 37.99668143959365 70
      vertex -39.33178999274969 38.461561642587185 70
      vertex -42.762108378236114 37.87481792713318 70
    endloop
  endfacet
  facet normal 0 0 -1
    outer loop
      vertex -39.33178999274969 38.461561642587185 70
      vertex -42.912597283258926 37.99668143959365 70
      vertex -43.075 38.10214699700121 70
    endloop
  endfacet
  facet normal 0 0 -1
    outer loop
      vertex -39.9667102470994 37.21546047925949 70
      vertex -42.39785300299879 37.425 70
      vertex -39.854177072644234 37.50861942023039 70
    endloop
  endfacet
  facet normal 0 0 -1
    outer loop
      vertex -42.50331856040635 37.587402716741074 70
      vertex -39.76051449030638 37.71898901462555 70
      vertex -39.854177072644234 37.50861942023039 70
    endloop
  endfacet
  facet normal 0 0 -1
    outer loop
      vertex -42.762108378236114 37.87481792713318 70
      vertex -39.6179543286562 37.99877908825874 70
      vertex -39.76051449030638 37.71898901462555 70
    endloop
  endfacet
  facet normal 0 0 -1
    outer loop
      vertex -42.762108378236114 37.87481792713318 70
      vertex -39.50281523168087 38.19820586591959 70
      vertex -39.6179543286562 37.99877908825874 70
    endloop
  endfacet
  facet normal 0 0 -1
    outer loop
      vertex -49.19615242630243 39.5 70
      vertex -38.45156045258045 39.43915558606386 70
      vertex -38.62269049882889 39.2850693911314 70
    endloop
  endfacet
  facet normal 0 0 -1
    outer loop
      vertex -49.19615242630243 39.5 70
      vertex -38.20752438902855 39.636772096157074 70
      vertex -38.45156045258045 39.43915558606386 70
    endloop
  endfacet
  facet normal 0 0 -1
    outer loop
      vertex -48.854101963341236 40.02671151608229 70
      vertex -38.02122538536787 39.772126242518425 70
      vertex -38.20752438902855 39.636772096157074 70
    endloop
  endfacet
  facet normal 0 0 -1
    outer loop
      vertex -48.854101963341236 40.02671151608229 70
      vertex -37.75786963105202 39.94315146654844 70
      vertex -38.02122538536787 39.772126242518425 70
    endloop
  endfacet
  facet normal 0 0 -1
    outer loop
      vertex -48.854101963341236 40.02671151608229 70
      vertex -37.55844285339117 40.05829056352377 70
      vertex -37.75786963105202 39.94315146654844 70
    endloop
  endfacet
  facet normal 0 0 -1
    outer loop
      vertex -48.45886895060539 40.51478363573551 70
      vertex -37.27865277975798 40.20085072517395 70
      vertex -37.55844285339117 40.05829056352377 70
    endloop
  endfacet
  facet normal 0 0 -1
    outer loop
      vertex -48.45886895060539 40.51478363573551 70
      vertex -37.068283185362816 40.29451330751181 70
      vertex -37.27865277975798 40.20085072517395 70
    endloop
  endfacet
  facet normal 0 0 -1
    outer loop
      vertex -48.45886895060539 40.51478363573551 70
      vertex -36.77512424439192 40.40704648196697 70
      vertex -37.068283185362816 40.29451330751181 70
    endloop
  endfacet
  facet normal 0 0 -1
    outer loop
      vertex -42.762108378236114 37.87481792713318 70
      vertex -39.33178999274969 38.461561642587185 70
      vertex -39.50281523168087 38.19820586591959 70
    endloop
  endfacet
  facet normal 0 0 -1
    outer loop
      vertex -48.45886895060539 40.51478363573551 70
      vertex -36.5561166703701 40.47820635885 70
      vertex -36.77512424439192 40.40704648196697 70
    endloop
  endfacet
  facet normal 0 0 -1
    outer loop
      vertex -48.45886895060539 40.51478363573551 70
      vertex -36.25280075520277 40.559479616582394 70
      vertex -36.5561166703701 40.47820635885 70
    endloop
  endfacet
  facet normal 0 0 -1
    outer loop
      vertex -48.45886895060539 40.51478363573551 70
      vertex -36.02755466848612 40.607357151806355 70
      vertex -36.25280075520277 40.559479616582394 70
    endloop
  endfacet
  facet normal 0 0 -1
    outer loop
      vertex -48.45886895060539 40.51478363573551 70
      vertex -35.71740499138832 40.65648003667593 70
      vertex -36.02755466848612 40.607357151806355 70
    endloop
  endfacet
  facet normal 0 0 -1
    outer loop
      vertex -48.01478363573551 40.95886895060539 70
      vertex -35.48838824778795 40.680550664663315 70
      vertex -35.71740499138832 40.65648003667593 70
    endloop
  endfacet
  facet normal 0 0 -1
    outer loop
      vertex -48.01478363573551 40.95886895060539 70
      vertex -35.17480285465717 40.696984976530075 70
      vertex -35.48838824778795 40.680550664663315 70
    endloop
  endfacet
  facet normal 0 0 -1
    outer loop
      vertex -48.01478363573551 40.95886895060539 70
      vertex -35.05966376513243 40.70000000298023 70
      vertex -35.17480285465717 40.696984976530075 70
    endloop
  endfacet
  facet normal 0.8386705679454183 0.5446390350150357 0
    outer loop
      vertex -45.60214699700121 35.575 72.5
      vertex -45.49668143959365 35.412597283258926 70
      vertex -45.60214699700121 35.575 70
    endloop
  endfacet
  facet normal 0.7071067811865476 0.7071067811865476 0
    outer loop
      vertex -45.37481792713318 35.262108378236114 72.5
      vertex -45.237891621763886 35.12518207286682 70
      vertex -45.37481792713318 35.262108378236114 70
    endloop
  endfacet
  facet normal 0.7771459614569735 0.6293203910498343 0
    outer loop
      vertex -45.49668143959365 35.412597283258926 72.5
      vertex -45.37481792713318 35.262108378236114 70
      vertex -45.49668143959365 35.412597283258926 70
    endloop
  endfacet
  facet normal 0.8910065241883708 0.453990499739541 0
    outer loop
      vertex -45.69005909663881 35.74753721030977 72.5
      vertex -45.60214699700121 35.575 70
      vertex -45.69005909663881 35.74753721030977 70
    endloop
  endfacet
  facet normal 0.9335804264971974 0.35836794954531154 0
    outer loop
      vertex -45.759454555146036 35.928318560406346 72.5
      vertex -45.69005909663881 35.74753721030977 70
      vertex -45.759454555146036 35.928318560406346 70
    endloop
  endfacet
  facet normal 0.9659258262890709 0.25881904510251097 0
    outer loop
      vertex -45.80957306135754 36.115363371987144 72.5
      vertex -45.759454555146036 35.928318560406346 70
      vertex -45.80957306135754 36.115363371987144 70
    endloop
  endfacet
  facet normal 0.9876883405951344 0.1564344650402512 0
    outer loop
      vertex -45.83986550643131 36.30662234295484 72.5
      vertex -45.80957306135754 36.115363371987144 70
      vertex -45.83986550643131 36.30662234295484 70
    endloop
  endfacet
  facet normal 0.9986295347545744 0.052335956242933517 0
    outer loop
      vertex -45.85 36.5 72.5
      vertex -45.83986550643131 36.30662234295484 70
      vertex -45.85 36.5 70
    endloop
  endfacet
  facet normal 0.9986295347545744 -0.052335956242933517 0
    outer loop
      vertex -45.83986550643131 36.69337765704516 72.5
      vertex -45.85 36.5 70
      vertex -45.83986550643131 36.69337765704516 70
    endloop
  endfacet
  facet normal 0.9876883405951344 -0.1564344650402512 0
    outer loop
      vertex -45.80957306135754 36.884636628012856 72.5
      vertex -45.83986550643131 36.69337765704516 70
      vertex -45.80957306135754 36.884636628012856 70
    endloop
  endfacet
  facet normal 0.9659258262890709 -0.25881904510251097 0
    outer loop
      vertex -45.759454555146036 37.071681439593654 72.5
      vertex -45.80957306135754 36.884636628012856 70
      vertex -45.759454555146036 37.071681439593654 70
    endloop
  endfacet
  facet normal 0.6293203910498343 0.7771459614569735 0
    outer loop
      vertex -45.237891621763886 35.12518207286682 72.5
      vertex -45.087402716741074 35.00331856040635 70
      vertex -45.237891621763886 35.12518207286682 70
    endloop
  endfacet
  facet normal 0.5446390350150357 0.8386705679454183 0
    outer loop
      vertex -45.087402716741074 35.00331856040635 72.5
      vertex -44.925 34.89785300299879 70
      vertex -45.087402716741074 35.00331856040635 70
    endloop
  endfacet
  facet normal 0.35836794954531154 0.9335804264971974 0
    outer loop
      vertex -44.75246278969023 34.80994090336119 72.5
      vertex -44.571681439593654 34.740545444853964 70
      vertex -44.75246278969023 34.80994090336119 70
    endloop
  endfacet
  facet normal 0.453990499739541 0.8910065241883708 0
    outer loop
      vertex -44.925 34.89785300299879 72.5
      vertex -44.75246278969023 34.80994090336119 70
      vertex -44.925 34.89785300299879 70
    endloop
  endfacet
  facet normal 0.25881904510251097 0.9659258262890709 0
    outer loop
      vertex -44.571681439593654 34.740545444853964 72.5
      vertex -44.384636628012856 34.69042693864246 70
      vertex -44.571681439593654 34.740545444853964 70
    endloop
  endfacet
  facet normal 0.1564344650402512 0.9876883405951344 0
    outer loop
      vertex -44.384636628012856 34.69042693864246 72.5
      vertex -44.19337765704516 34.66013449356869 70
      vertex -44.384636628012856 34.69042693864246 70
    endloop
  endfacet
  facet normal 0.052335956242933517 0.9986295347545744 0
    outer loop
      vertex -44.19337765704516 34.66013449356869 72.5
      vertex -44 34.65 70
      vertex -44.19337765704516 34.66013449356869 70
    endloop
  endfacet
  facet normal -0.052335956242933517 0.9986295347545744 0
    outer loop
      vertex -44 34.65 72.5
      vertex -43.80662234295484 34.66013449356869 70
      vertex -44 34.65 70
    endloop
  endfacet
  facet normal 0.5446390627142673 -0.8386705499573265 0
    outer loop
      vertex -45.698206037282944 32.00281512737274 73.1
      vertex -45.9615617915988 31.831789888441563 70
      vertex -45.698206037282944 32.00281512737274 70
    endloop
  endfacet
  facet normal 0.5000000124049407 -0.8660253966224428 0
    outer loop
      vertex -45.498779252171516 32.11795423924923 73.1
      vertex -45.698206037282944 32.00281512737274 70
      vertex -45.498779252171516 32.11795423924923 70
    endloop
  endfacet
  facet normal 0.4539905246801511 -0.8910065114804947 0
    outer loop
      vertex -45.2189891859889 32.26051440834999 73.1
      vertex -45.498779252171516 32.11795423924923 70
      vertex -45.2189891859889 32.26051440834999 70
    endloop
  endfacet
  facet normal 0.4067366680733278 -0.9135454465129842 0
    outer loop
      vertex -45.008619613945484 32.35417698323727 73.1
      vertex -45.2189891859889 32.26051440834999 70
      vertex -45.008619613945484 32.35417698323727 70
    endloop
  endfacet
  facet normal 0.35836799700500427 -0.9335804082791269 0
    outer loop
      vertex -44.715460658073425 32.466710180044174 73.1
      vertex -45.008619613945484 32.35417698323727 70
      vertex -44.715460658073425 32.466710180044174 70
    endloop
  endfacet
  facet normal 0.3090170435468278 -0.9510565003182397 0
    outer loop
      vertex -44.49645306915045 32.537870071828365 73.1
      vertex -44.715460658073425 32.466710180044174 70
      vertex -44.49645306915045 32.537870071828365 70
    endloop
  endfacet
  facet normal 0.25881908271458365 -0.9659258162109456 0
    outer loop
      vertex -44.1931371614337 32.61914333701134 73.1
      vertex -44.49645306915045 32.537870071828365 70
      vertex -44.1931371614337 32.61914333701134 70
    endloop
  endfacet
  facet normal 0.2079117214338601 -0.9781475942261519 0
    outer loop
      vertex -43.967891067266464 32.66702087968588 73.1
      vertex -44.1931371614337 32.61914333701134 70
      vertex -43.967891067266464 32.66702087968588 70
    endloop
  endfacet
  facet normal 0.1564344939199683 -0.9876883360210363 0
    outer loop
      vertex -43.65774139016867 32.716143772006035 73.1
      vertex -43.967891067266464 32.66702087968588 70
      vertex -43.65774139016867 32.716143772006035 70
    endloop
  endfacet
  facet normal 0.9335804264971974 -0.35836794954531154 0
    outer loop
      vertex -45.69005909663881 37.25246278969023 72.5
      vertex -45.759454555146036 37.071681439593654 70
      vertex -45.69005909663881 37.25246278969023 70
    endloop
  endfacet
  facet normal 0.8910065241883708 -0.453990499739541 0
    outer loop
      vertex -45.60214699700121 37.425 72.5
      vertex -45.69005909663881 37.25246278969023 70
      vertex -45.60214699700121 37.425 70
    endloop
  endfacet
  facet normal 0.8386705679454183 -0.5446390350150357 0
    outer loop
      vertex -45.49668143959365 37.587402716741074 72.5
      vertex -45.60214699700121 37.425 70
      vertex -45.49668143959365 37.587402716741074 70
    endloop
  endfacet
  facet normal 0.7771459614569735 -0.6293203910498343 0
    outer loop
      vertex -45.37481792713318 37.737891621763886 72.5
      vertex -45.49668143959365 37.587402716741074 70
      vertex -45.37481792713318 37.737891621763886 70
    endloop
  endfacet
  facet normal 0.7071067811865476 -0.7071067811865476 0
    outer loop
      vertex -45.237891621763886 37.87481792713318 72.5
      vertex -45.37481792713318 37.737891621763886 70
      vertex -45.237891621763886 37.87481792713318 70
    endloop
  endfacet
  facet normal 0.6293203910498343 -0.7771459614569735 0
    outer loop
      vertex -45.087402716741074 37.99668143959365 72.5
      vertex -45.237891621763886 37.87481792713318 70
      vertex -45.087402716741074 37.99668143959365 70
    endloop
  endfacet
  facet normal 0.5446390350150357 -0.8386705679454183 0
    outer loop
      vertex -44.925 38.10214699700121 72.5
      vertex -45.087402716741074 37.99668143959365 70
      vertex -44.925 38.10214699700121 70
    endloop
  endfacet
  facet normal 0.453990499739541 -0.8910065241883708 0
    outer loop
      vertex -44.75246278969023 38.19005909663881 72.5
      vertex -44.925 38.10214699700121 70
      vertex -44.75246278969023 38.19005909663881 70
    endloop
  endfacet
  facet normal 0.35836794954531154 -0.9335804264971974 0
    outer loop
      vertex -44.571681439593654 38.259454555146036 72.5
      vertex -44.75246278969023 38.19005909663881 70
      vertex -44.571681439593654 38.259454555146036 70
    endloop
  endfacet
  facet normal 0.25881904510251097 -0.9659258262890709 0
    outer loop
      vertex -44.384636628012856 38.30957306135754 72.5
      vertex -44.571681439593654 38.259454555146036 70
      vertex -44.384636628012856 38.30957306135754 70
    endloop
  endfacet
  facet normal 0.1564344650402512 -0.9876883405951344 0
    outer loop
      vertex -44.19337765704516 38.33986550643131 72.5
      vertex -44.384636628012856 38.30957306135754 70
      vertex -44.19337765704516 38.33986550643131 70
    endloop
  endfacet
  facet normal 0.052335956242933517 -0.9986295347545744 0
    outer loop
      vertex -44 38.35 72.5
      vertex -44.19337765704516 38.33986550643131 70
      vertex -44 38.35 70
    endloop
  endfacet
  facet normal -0.052335956242933517 -0.9986295347545744 0
    outer loop
      vertex -43.80662234295484 38.33986550643131 72.5
      vertex -44 38.35 70
      vertex -43.80662234295484 38.33986550643131 70
    endloop
  endfacet
  facet normal -0.1564344650402512 0.9876883405951344 0
    outer loop
      vertex -43.80662234295484 34.66013449356869 72.5
      vertex -43.615363371987144 34.69042693864246 70
      vertex -43.80662234295484 34.66013449356869 70
    endloop
  endfacet
  facet normal -0.25881904510251097 0.9659258262890709 0
    outer loop
      vertex -43.615363371987144 34.69042693864246 72.5
      vertex -43.428318560406346 34.740545444853964 70
      vertex -43.615363371987144 34.69042693864246 70
    endloop
  endfacet
  facet normal -0.35836794954531154 0.9335804264971974 0
    outer loop
      vertex -43.428318560406346 34.740545444853964 72.5
      vertex -43.24753721030977 34.80994090336119 70
      vertex -43.428318560406346 34.740545444853964 70
    endloop
  endfacet
  facet normal -0.453990499739541 0.8910065241883708 0
    outer loop
      vertex -43.24753721030977 34.80994090336119 72.5
      vertex -43.075 34.89785300299879 70
      vertex -43.24753721030977 34.80994090336119 70
    endloop
  endfacet
  facet normal -0.5446390350150357 0.8386705679454183 0
    outer loop
      vertex -43.075 34.89785300299879 72.5
      vertex -42.912597283258926 35.00331856040635 70
      vertex -43.075 34.89785300299879 70
    endloop
  endfacet
  facet normal -0.6293203910498343 0.7771459614569735 0
    outer loop
      vertex -42.912597283258926 35.00331856040635 72.5
      vertex -42.762108378236114 35.12518207286682 70
      vertex -42.912597283258926 35.00331856040635 70
    endloop
  endfacet
  facet normal -0.7071067811865476 0.7071067811865476 0
    outer loop
      vertex -42.762108378236114 35.12518207286682 72.5
      vertex -42.62518207286682 35.262108378236114 70
      vertex -42.762108378236114 35.12518207286682 70
    endloop
  endfacet
  facet normal -0.7771459614569735 0.6293203910498343 0
    outer loop
      vertex -42.62518207286682 35.262108378236114 72.5
      vertex -42.50331856040635 35.412597283258926 70
      vertex -42.62518207286682 35.262108378236114 70
    endloop
  endfacet
  facet normal -0.8386705679454183 0.5446390350150357 0
    outer loop
      vertex -42.50331856040635 35.412597283258926 72.5
      vertex -42.39785300299879 35.575 70
      vertex -42.50331856040635 35.412597283258926 70
    endloop
  endfacet
  facet normal -0.8910065241883708 0.453990499739541 0
    outer loop
      vertex -42.39785300299879 35.575 72.5
      vertex -42.30994090336119 35.74753721030977 70
      vertex -42.39785300299879 35.575 70
    endloop
  endfacet
  facet normal -0.9335804264971974 0.35836794954531154 0
    outer loop
      vertex -42.30994090336119 35.74753721030977 72.5
      vertex -42.240545444853964 35.928318560406346 70
      vertex -42.30994090336119 35.74753721030977 70
    endloop
  endfacet
  facet normal -0.9659258262890709 0.25881904510251097 0
    outer loop
      vertex -42.240545444853964 35.928318560406346 72.5
      vertex -42.19042693864246 36.115363371987144 70
      vertex -42.240545444853964 35.928318560406346 70
    endloop
  endfacet
  facet normal -0.9659258262890709 -0.25881904510251097 0
    outer loop
      vertex -42.19042693864246 36.884636628012856 72.5
      vertex -42.240545444853964 37.071681439593654 70
      vertex -42.19042693864246 36.884636628012856 70
    endloop
  endfacet
  facet normal -0.9335804264971974 -0.35836794954531154 0
    outer loop
      vertex -42.240545444853964 37.071681439593654 72.5
      vertex -42.30994090336119 37.25246278969023 70
      vertex -42.240545444853964 37.071681439593654 70
    endloop
  endfacet
  facet normal -0.9876883405951344 0.1564344650402512 0
    outer loop
      vertex -42.19042693864246 36.115363371987144 72.5
      vertex -42.16013449356869 36.30662234295484 70
      vertex -42.19042693864246 36.115363371987144 70
    endloop
  endfacet
  facet normal -0.9986295347545744 0.052335956242933517 0
    outer loop
      vertex -42.16013449356869 36.30662234295484 72.5
      vertex -42.15 36.5 70
      vertex -42.16013449356869 36.30662234295484 70
    endloop
  endfacet
  facet normal -0.9986295347545744 -0.052335956242933517 0
    outer loop
      vertex -42.15 36.5 72.5
      vertex -42.16013449356869 36.69337765704516 70
      vertex -42.15 36.5 70
    endloop
  endfacet
  facet normal -0.9876883405951344 -0.1564344650402512 0
    outer loop
      vertex -42.16013449356869 36.69337765704516 72.5
      vertex -42.19042693864246 36.884636628012856 70
      vertex -42.16013449356869 36.69337765704516 70
    endloop
  endfacet
  facet normal 0.13052597554580794 -0.9914448898994916 0
    outer loop
      vertex -43.62117379158735 32.7209579795599 73.1
      vertex -43.65774139016867 32.716143772006035 70
      vertex -43.62117379158735 32.7209579795599 70
    endloop
  endfacet
  facet normal 0.15643445398722614 -0.9876883423457615 0
    outer loop
      vertex -43.23117606341839 32.78272754698992 73.1
      vertex -43.62117379158735 32.7209579795599 70
      vertex -43.23117606341839 32.78272754698992 70
    endloop
  endfacet
  facet normal 0.20791164914109106 -0.9781476095924541 0
    outer loop
      vertex -43.19040474295616 32.791393756866455 73.1
      vertex -43.23117606341839 32.78272754698992 70
      vertex -43.19040474295616 32.791393756866455 70
    endloop
  endfacet
  facet normal 0.25881906167157254 -0.965925821849404 0
    outer loop
      vertex -42.84682697057724 32.88345514982939 73.1
      vertex -43.19040474295616 32.791393756866455 70
      vertex -42.84682697057724 32.88345514982939 70
    endloop
  endfacet
  facet normal 0.309016937148793 -0.9510565348890563 0
    outer loop
      vertex -42.807184778153896 32.89633567631245 73.1
      vertex -42.84682697057724 32.88345514982939 70
      vertex -42.807184778153896 32.89633567631245 70
    endloop
  endfacet
  facet normal 0.35836795026005863 -0.9335804262228318 0
    outer loop
      vertex -42.4751123636961 33.02380633354187 73.1
      vertex -42.807184778153896 32.89633567631245 70
      vertex -42.4751123636961 33.02380633354187 70
    endloop
  endfacet
  facet normal 0.40673669028025616 -0.9135454366258215 0
    outer loop
      vertex -42.43703365325928 33.040760070085526 73.1
      vertex -42.4751123636961 33.02380633354187 70
      vertex -42.43703365325928 33.040760070085526 70
    endloop
  endfacet
  facet normal 0.45399049414473436 -0.8910065270390671 0
    outer loop
      vertex -42.12010455876589 33.20224350690842 73.1
      vertex -42.43703365325928 33.040760070085526 70
      vertex -42.12010455876589 33.20224350690842 70
    endloop
  endfacet
  facet normal 0.49999996385536283 -0.8660254246525537 0
    outer loop
      vertex -42.084006763994694 33.22308457642794 73.1
      vertex -42.12010455876589 33.20224350690842 70
      vertex -42.084006763994694 33.22308457642794 70
    endloop
  endfacet
  facet normal 0.5446390518866788 -0.838670556988845 0
    outer loop
      vertex -41.78569335490465 33.41681157797575 73.1
      vertex -42.084006763994694 33.22308457642794 70
      vertex -41.78569335490465 33.41681157797575 70
    endloop
  endfacet
  facet normal 0.5877851959310201 -0.8090170353239369 0
    outer loop
      vertex -41.751972027122974 33.44131155312061 73.1
      vertex -41.78569335490465 33.41681157797575 70
      vertex -41.751972027122974 33.44131155312061 70
    endloop
  endfacet
  facet normal 0.6293203972614194 -0.777145956426931 0
    outer loop
      vertex -41.47554263472557 33.66515966504812 73.1
      vertex -41.751972027122974 33.44131155312061 70
      vertex -41.47554263472557 33.66515966504812 70
    endloop
  endfacet
  facet normal 0.6691306144728455 -0.7431448181715272 0
    outer loop
      vertex -41.444566778838634 33.69305045157671 73.1
      vertex -41.47554263472557 33.66515966504812 70
      vertex -41.444566778838634 33.69305045157671 70
    endloop
  endfacet
  facet normal 0.7071067811865476 -0.7071067811865476 0
    outer loop
      vertex -41.19305045157671 33.944566778838634 73.1
      vertex -41.444566778838634 33.69305045157671 70
      vertex -41.19305045157671 33.944566778838634 70
    endloop
  endfacet
  facet normal 0.7431448181715272 -0.6691306144728455 0
    outer loop
      vertex -41.16515966504812 33.97554263472557 73.1
      vertex -41.19305045157671 33.944566778838634 70
      vertex -41.16515966504812 33.97554263472557 70
    endloop
  endfacet
  facet normal 0.7771459534759897 -0.6293204009055282 0
    outer loop
      vertex -40.94131160527468 34.25197196006775 73.1
      vertex -41.16515966504812 33.97554263472557 70
      vertex -40.94131160527468 34.25197196006775 70
    endloop
  endfacet
  facet normal 0.8090170877385424 -0.5877851237884874 0
    outer loop
      vertex -40.91681148856878 34.2856934890151 73.1
      vertex -40.94131160527468 34.25197196006775 70
      vertex -40.91681148856878 34.2856934890151 70
    endloop
  endfacet
  facet normal 0.8386705552339938 -0.5446390545889127 0
    outer loop
      vertex -40.72308462113142 34.58400668948889 73.1
      vertex -40.91681148856878 34.2856934890151 70
      vertex -40.72308462113142 34.58400668948889 70
    endloop
  endfacet
  facet normal 0.8660253863824631 -0.5000000301411045 0
    outer loop
      vertex -40.702243492007256 34.62010458111763 73.1
      vertex -40.72308462113142 34.58400668948889 70
      vertex -40.702243492007256 34.62010458111763 70
    endloop
  endfacet
  facet normal 0.8910065267162314 -0.4539904947783353 0
    outer loop
      vertex -40.540760070085526 34.9370336458087 73.1
      vertex -40.702243492007256 34.62010458111763 70
      vertex -40.540760070085526 34.9370336458087 70
    endloop
  endfacet
  facet normal 0.9135454661967277 -0.40673662386291654 0
    outer loop
      vertex -40.52380633354187 34.9751123636961 73.1
      vertex -40.540760070085526 34.9370336458087 70
      vertex -40.52380633354187 34.9751123636961 70
    endloop
  endfacet
  facet normal 0.9335804262228318 -0.35836795026005863 0
    outer loop
      vertex -40.39633567631245 35.307184778153896 73.1
      vertex -40.52380633354187 34.9751123636961 70
      vertex -40.39633567631245 35.307184778153896 70
    endloop
  endfacet
  facet normal 0.9510565348890563 -0.309016937148793 0
    outer loop
      vertex -40.38345514982939 35.34682697057724 73.1
      vertex -40.39633567631245 35.307184778153896 70
      vertex -40.38345514982939 35.34682697057724 70
    endloop
  endfacet
  facet normal 0.965925821849404 -0.25881906167157254 0
    outer loop
      vertex -40.291393756866455 35.69040474295616 73.1
      vertex -40.38345514982939 35.34682697057724 70
      vertex -40.291393756866455 35.69040474295616 70
    endloop
  endfacet
  facet normal 0.9781476104724821 -0.20791164500088272 0
    outer loop
      vertex -40.28272756934166 35.73117595911026 73.1
      vertex -40.291393756866455 35.69040474295616 70
      vertex -40.28272756934166 35.73117595911026 70
    endloop
  endfacet
  facet normal 0.9876883420831333 -0.15643445564539588 0
    outer loop
      vertex -40.22095796465874 36.12117391824722 73.1
      vertex -40.28272756934166 35.73117595911026 70
      vertex -40.22095796465874 36.12117391824722 70
    endloop
  endfacet
  facet normal 0.9914449125265851 -0.13052580367556493 0
    outer loop
      vertex -40.21614380180836 36.157741226255894 73.1
      vertex -40.22095796465874 36.12117391824722 70
      vertex -40.21614380180836 36.157741226255894 70
    endloop
  endfacet
  facet normal 0.9876883408482959 -0.15643446344185244 0
    outer loop
      vertex -40.16702091693878 36.46789091825485 73.1
      vertex -40.21614380180836 36.157741226255894 70
      vertex -40.16702091693878 36.46789091825485 70
    endloop
  endfacet
  facet normal 0.978147596610256 -0.2079117102175342 0
    outer loop
      vertex -40.11914338171482 36.69313699007034 73.1
      vertex -40.16702091693878 36.46789091825485 70
      vertex -40.11914338171482 36.69313699007034 70
    endloop
  endfacet
  facet normal 0.9659258237320325 -0.25881905464550803 0
    outer loop
      vertex -40.03787012398243 36.996452905237675 73.1
      vertex -40.11914338171482 36.69313699007034 70
      vertex -40.03787012398243 36.996452905237675 70
    endloop
  endfacet
  facet normal 0.9510565131566553 -0.30901700403425203 0
    outer loop
      vertex -39.9667102470994 37.21546047925949 73.1
      vertex -40.03787012398243 36.996452905237675 70
      vertex -39.9667102470994 37.21546047925949 70
    endloop
  endfacet
  facet normal -0.1564344650402512 -0.9876883405951344 0
    outer loop
      vertex -43.615363371987144 38.30957306135754 72.5
      vertex -43.80662234295484 38.33986550643131 70
      vertex -43.615363371987144 38.30957306135754 70
    endloop
  endfacet
  facet normal -0.25881904510251097 -0.9659258262890709 0
    outer loop
      vertex -43.428318560406346 38.259454555146036 72.5
      vertex -43.615363371987144 38.30957306135754 70
      vertex -43.428318560406346 38.259454555146036 70
    endloop
  endfacet
  facet normal -0.453990499739541 -0.8910065241883708 0
    outer loop
      vertex -43.075 38.10214699700121 72.5
      vertex -43.24753721030977 38.19005909663881 70
      vertex -43.075 38.10214699700121 70
    endloop
  endfacet
  facet normal -0.35836794954531154 -0.9335804264971974 0
    outer loop
      vertex -43.24753721030977 38.19005909663881 72.5
      vertex -43.428318560406346 38.259454555146036 70
      vertex -43.24753721030977 38.19005909663881 70
    endloop
  endfacet
  facet normal -0.7071067811865476 -0.7071067811865476 0
    outer loop
      vertex -42.62518207286682 37.737891621763886 72.5
      vertex -42.762108378236114 37.87481792713318 70
      vertex -42.62518207286682 37.737891621763886 70
    endloop
  endfacet
  facet normal -0.8386705679454183 -0.5446390350150357 0
    outer loop
      vertex -42.39785300299879 37.425 72.5
      vertex -42.50331856040635 37.587402716741074 70
      vertex -42.39785300299879 37.425 70
    endloop
  endfacet
  facet normal -0.8910065241883708 -0.453990499739541 0
    outer loop
      vertex -42.30994090336119 37.25246278969023 72.5
      vertex -42.39785300299879 37.425 70
      vertex -42.30994090336119 37.25246278969023 70
    endloop
  endfacet
  facet normal -0.7771459614569735 -0.6293203910498343 0
    outer loop
      vertex -42.50331856040635 37.587402716741074 72.5
      vertex -42.62518207286682 37.737891621763886 70
      vertex -42.50331856040635 37.587402716741074 70
    endloop
  endfacet
  facet normal -0.6293203910498343 -0.7771459614569735 0
    outer loop
      vertex -42.762108378236114 37.87481792713318 72.5
      vertex -42.912597283258926 37.99668143959365 70
      vertex -42.762108378236114 37.87481792713318 70
    endloop
  endfacet
  facet normal -0.5446390350150357 -0.8386705679454183 0
    outer loop
      vertex -42.912597283258926 37.99668143959365 72.5
      vertex -43.075 38.10214699700121 70
      vertex -42.912597283258926 37.99668143959365 70
    endloop
  endfacet
  facet normal 0.9335804259992488 -0.358367950842512 0
    outer loop
      vertex -39.854177072644234 37.50861942023039 73.1
      vertex -39.9667102470994 37.21546047925949 70
      vertex -39.854177072644234 37.50861942023039 70
    endloop
  endfacet
  facet normal 0.9135454505486409 -0.40673665900909506 0
    outer loop
      vertex -39.76051449030638 37.71898901462555 73.1
      vertex -39.854177072644234 37.50861942023039 70
      vertex -39.76051449030638 37.71898901462555 70
    endloop
  endfacet
  facet normal 0.8910065259684403 -0.45399049624595805 0
    outer loop
      vertex -39.6179543286562 37.99877908825874 73.1
      vertex -39.76051449030638 37.71898901462555 70
      vertex -39.6179543286562 37.99877908825874 70
    endloop
  endfacet
  facet normal 0.8660254165537549 -0.4999999778828949 0
    outer loop
      vertex -39.50281523168087 38.19820586591959 73.1
      vertex -39.6179543286562 37.99877908825874 70
      vertex -39.50281523168087 38.19820586591959 70
    endloop
  endfacet
  facet normal 0.8386705710716652 -0.5446390302010375 0
    outer loop
      vertex -39.33178999274969 38.461561642587185 73.1
      vertex -39.50281523168087 38.19820586591959 70
      vertex -39.33178999274969 38.461561642587185 70
    endloop
  endfacet
  facet normal 0.8090169972346416 -0.5877852483564419 0
    outer loop
      vertex -39.1964358612895 38.64786062389612 73.1
      vertex -39.33178999274969 38.461561642587185 70
      vertex -39.1964358612895 38.64786062389612 70
    endloop
  endfacet
  facet normal 0.7771459578667896 -0.629320395483342 0
    outer loop
      vertex -38.99881935119629 38.891896687448025 73.1
      vertex -39.1964358612895 38.64786062389612 70
      vertex -38.99881935119629 38.891896687448025 70
    endloop
  endfacet
  facet normal 0.7431448056336751 -0.6691306283975405 0
    outer loop
      vertex -38.84473315626383 39.06302673369646 73.1
      vertex -38.99881935119629 38.891896687448025 70
      vertex -38.84473315626383 39.06302673369646 70
    endloop
  endfacet
  facet normal 0.7071067811865476 -0.7071067811865476 0
    outer loop
      vertex -38.62269049882889 39.2850693911314 73.1
      vertex -38.84473315626383 39.06302673369646 70
      vertex -38.62269049882889 39.2850693911314 70
    endloop
  endfacet
  facet normal 0.6691306283975405 -0.7431448056336751 0
    outer loop
      vertex -38.45156045258045 39.43915558606386 73.1
      vertex -38.62269049882889 39.2850693911314 70
      vertex -38.45156045258045 39.43915558606386 70
    endloop
  endfacet
  facet normal 0.629320395483342 -0.7771459578667896 0
    outer loop
      vertex -38.20752438902855 39.636772096157074 73.1
      vertex -38.45156045258045 39.43915558606386 70
      vertex -38.20752438902855 39.636772096157074 70
    endloop
  endfacet
  facet normal 0.5877852445525733 -0.8090169999983138 0
    outer loop
      vertex -38.02122538536787 39.772126242518425 73.1
      vertex -38.20752438902855 39.636772096157074 70
      vertex -38.02122538536787 39.772126242518425 70
    endloop
  endfacet
  facet normal 0.5446390293369446 -0.8386705716328138 0
    outer loop
      vertex -37.75786963105202 39.94315146654844 73.1
      vertex -38.02122538536787 39.772126242518425 70
      vertex -37.75786963105202 39.94315146654844 70
    endloop
  endfacet
  facet normal 0.4999999778828949 -0.8660254165537549 0
    outer loop
      vertex -37.55844285339117 40.05829056352377 73.1
      vertex -37.75786963105202 39.94315146654844 70
      vertex -37.55844285339117 40.05829056352377 70
    endloop
  endfacet
  facet normal 0.45399049624595805 -0.8910065259684403 0
    outer loop
      vertex -37.27865277975798 40.20085072517395 73.1
      vertex -37.55844285339117 40.05829056352377 70
      vertex -37.27865277975798 40.20085072517395 70
    endloop
  endfacet
  facet normal 0.40673665900909506 -0.9135454505486409 0
    outer loop
      vertex -37.068283185362816 40.29451330751181 73.1
      vertex -37.27865277975798 40.20085072517395 70
      vertex -37.068283185362816 40.29451330751181 70
    endloop
  endfacet
  facet normal 0.358367950842512 -0.9335804259992488 0
    outer loop
      vertex -36.77512424439192 40.40704648196697 73.1
      vertex -37.068283185362816 40.29451330751181 70
      vertex -36.77512424439192 40.40704648196697 70
    endloop
  endfacet
  facet normal 0.30901700403425203 -0.9510565131566553 0
    outer loop
      vertex -36.5561166703701 40.47820635885 73.1
      vertex -36.77512424439192 40.40704648196697 70
      vertex -36.5561166703701 40.47820635885 70
    endloop
  endfacet
  facet normal 0.25881905464550803 -0.9659258237320325 0
    outer loop
      vertex -36.25280075520277 40.559479616582394 73.1
      vertex -36.5561166703701 40.47820635885 70
      vertex -36.25280075520277 40.559479616582394 70
    endloop
  endfacet
  facet normal 0.20791169705769463 -0.9781475994074664 0
    outer loop
      vertex -36.02755466848612 40.607357151806355 73.1
      vertex -36.25280075520277 40.559479616582394 70
      vertex -36.02755466848612 40.607357151806355 70
    endloop
  endfacet
  facet normal 0.15643447077382908 -0.9876883396870251 0
    outer loop
      vertex -35.71740499138832 40.65648003667593 73.1
      vertex -36.02755466848612 40.607357151806355 70
      vertex -35.71740499138832 40.65648003667593 70
    endloop
  endfacet
  facet normal 0.10452845591539826 -0.9945218961410265 0
    outer loop
      vertex -35.48838824778795 40.680550664663315 73.1
      vertex -35.71740499138832 40.65648003667593 70
      vertex -35.48838824778795 40.680550664663315 70
    endloop
  endfacet
  facet normal 0.05233594924714904 -0.9986295351212079 0
    outer loop
      vertex -35.17480285465717 40.696984976530075 73.1
      vertex -35.48838824778795 40.680550664663315 70
      vertex -35.17480285465717 40.696984976530075 70
    endloop
  endfacet
  facet normal 0.026176976785963785 -0.9996573242298319 0
    outer loop
      vertex -35.05966376513243 40.70000000298023 73.1
      vertex -35.17480285465717 40.696984976530075 70
      vertex -35.05966376513243 40.70000000298023 70
    endloop
  endfacet
  facet normal 0.999657324185506 -0.02617697847869946 0
    outer loop
      vertex -48.20000000298023 27.559663757681847 73.1
      vertex -48.20000000298023 27.559663757681847 70
      vertex -48.196984976530075 27.674802839756012 73.1
    endloop
  endfacet
  facet normal 0.9986295353214477 -0.05233594542634556 0
    outer loop
      vertex -48.196984976530075 27.674802839756012 73.1
      vertex -48.196984976530075 27.674802839756012 70
      vertex -48.180550672113895 27.9883881136775 73.1
    endloop
  endfacet
  facet normal 0.9945218982722661 -0.10452843563800361 0
    outer loop
      vertex -48.180550672113895 27.9883881136775 73.1
      vertex -48.180550672113895 27.9883881136775 70
      vertex -48.15648005902767 28.217404760420322 73.1
    endloop
  endfacet
  facet normal 0.9876883487609064 -0.15643441348358827 0
    outer loop
      vertex -48.15648005902767 28.217404760420322 73.1
      vertex -48.15648005902767 28.217404760420322 70
      vertex -48.10735718905926 28.52755445986986 73.1
    endloop
  endfacet
  facet normal 0.9781476045887806 -0.20791167268152713 0
    outer loop
      vertex -48.10735718905926 28.52755445986986 73.1
      vertex -48.10735718905926 28.52755445986986 70
      vertex -48.05947966128588 28.752800539135933 73.1
    endloop
  endfacet
  facet normal 0.9659258355954191 -0.25881901037074423 0
    outer loop
      vertex -48.05947966128588 28.752800539135933 73.1
      vertex -48.05947966128588 28.752800539135933 70
      vertex -47.97820641845465 29.056116454303265 73.1
    endloop
  endfacet
  facet normal 0.9510565355038769 -0.30901693525656937 0
    outer loop
      vertex -47.97820641845465 29.056116454303265 73.1
      vertex -47.97820641845465 29.056116454303265 70
      vertex -47.90704656392336 29.27512401342392 73.1
    endloop
  endfacet
  facet normal 0.9335804449227313 -0.3583679015451512 0
    outer loop
      vertex -47.90704656392336 29.27512401342392 73.1
      vertex -47.90704656392336 29.27512401342392 70
      vertex -47.794513404369354 29.568282961845398 73.1
    endloop
  endfacet
  facet normal 0.9135454759946477 -0.4067366018564254 0
    outer loop
      vertex -47.794513404369354 29.568282961845398 73.1
      vertex -47.794513404369354 29.568282961845398 70
      vertex -47.70085081458092 29.778652608394623 73.1
    endloop
  endfacet
  facet normal 0.8910065404563845 -0.4539904678117651 0
    outer loop
      vertex -47.70085081458092 29.778652608394623 73.1
      vertex -47.70085081458092 29.778652608394623 70
      vertex -47.55829066038132 30.058442689478397 73.1
    endloop
  endfacet
  facet normal 0.8660254165537549 -0.4999999778828949 0
    outer loop
      vertex -47.55829066038132 30.058442689478397 73.1
      vertex -47.55829066038132 30.058442689478397 70
      vertex -47.44315156340599 30.257869467139244 73.1
    endloop
  endfacet
  facet normal 0.8386705889475198 -0.5446390026746342 0
    outer loop
      vertex -47.44315156340599 30.257869467139244 73.1
      vertex -47.44315156340599 30.257869467139244 70
      vertex -47.27212633192539 30.52122525125742 73.1
    endloop
  endfacet
  facet normal 0.8090170126202122 -0.5877852271800196 0
    outer loop
      vertex -47.27212633192539 30.52122525125742 73.1
      vertex -47.27212633192539 30.52122525125742 70
      vertex -47.13677220791578 30.707524232566357 73.1
    endloop
  endfacet
  facet normal 0.7771459788677832 -0.6293203695492742 0
    outer loop
      vertex -47.13677220791578 30.707524232566357 73.1
      vertex -47.13677220791578 30.707524232566357 70
      vertex -46.93915570527315 30.95156030356884 73.1
    endloop
  endfacet
  facet normal 0.7431448571046009 -0.6691305712332851 0
    outer loop
      vertex -46.93915570527315 30.95156030356884 73.1
      vertex -46.93915570527315 30.95156030356884 70
      vertex -46.785069547593594 31.122690334916115 73.1
    endloop
  endfacet
  facet normal 0.7071068167767066 -0.7071067455963868 0
    outer loop
      vertex -46.785069547593594 31.122690334916115 73.1
      vertex -46.785069547593594 31.122690334916115 70
      vertex -46.56302689015865 31.344733014702797 73.1
    endloop
  endfacet
  facet normal 0.6691306301771538 -0.7431448040313039 0
    outer loop
      vertex -46.56302689015865 31.344733014702797 73.1
      vertex -46.56302689015865 31.344733014702797 70
      vertex -46.39189683645964 31.49881921708584 73.1
    endloop
  endfacet
  facet normal 0.6293204214174093 -0.777145936865795 0
    outer loop
      vertex -46.39189683645964 31.49881921708584 73.1
      vertex -46.39189683645964 31.49881921708584 70
      vertex -46.147860780358315 31.69643573462963 73.1
    endloop
  endfacet
  facet normal 0.587785296500131 -0.8090169622562021 0
    outer loop
      vertex -46.147860780358315 31.69643573462963 73.1
      vertex -46.147860780358315 31.69643573462963 70
      vertex -45.9615617915988 31.831789888441563 73.1
    endloop
  endfacet
  facet normal -0.9986295344686827 0.052335961698072614 0
    outer loop
      vertex -50 36.5 70
      vertex -49.9671313688159 37.12717077881098 75
      vertex -49.9671313688159 37.12717077881098 70
    endloop
  endfacet
  facet normal 0.9335804264971974 0.35836794954531154 0
    outer loop
      vertex -45.759454555146036 35.928318560406346 72.5
      vertex -45.69005909663881 35.74753721030977 72.5
      vertex -45.69005909663881 35.74753721030977 70
    endloop
  endfacet
  facet normal 0.8386705679454183 0.5446390350150357 0
    outer loop
      vertex -45.60214699700121 35.575 72.5
      vertex -45.49668143959365 35.412597283258926 72.5
      vertex -45.49668143959365 35.412597283258926 70
    endloop
  endfacet
  facet normal 0.7771459614569735 0.6293203910498343 0
    outer loop
      vertex -45.37481792713318 35.262108378236114 72.5
      vertex -45.37481792713318 35.262108378236114 70
      vertex -45.49668143959365 35.412597283258926 72.5
    endloop
  endfacet
  facet normal 0.8910065241883708 0.453990499739541 0
    outer loop
      vertex -45.60214699700121 35.575 72.5
      vertex -45.60214699700121 35.575 70
      vertex -45.69005909663881 35.74753721030977 72.5
    endloop
  endfacet
  facet normal 0.9659258262890709 0.25881904510251097 0
    outer loop
      vertex -45.759454555146036 35.928318560406346 72.5
      vertex -45.759454555146036 35.928318560406346 70
      vertex -45.80957306135754 36.115363371987144 72.5
    endloop
  endfacet
  facet normal 0.9876883405951344 0.1564344650402512 0
    outer loop
      vertex -45.80957306135754 36.115363371987144 72.5
      vertex -45.80957306135754 36.115363371987144 70
      vertex -45.83986550643131 36.30662234295484 72.5
    endloop
  endfacet
  facet normal 0.9986295347545744 0.052335956242933517 0
    outer loop
      vertex -45.83986550643131 36.30662234295484 72.5
      vertex -45.83986550643131 36.30662234295484 70
      vertex -45.85 36.5 72.5
    endloop
  endfacet
  facet normal 0.9986295347545744 -0.052335956242933517 0
    outer loop
      vertex -45.85 36.5 72.5
      vertex -45.85 36.5 70
      vertex -45.83986550643131 36.69337765704516 72.5
    endloop
  endfacet
  facet normal 0.9876883405951344 -0.1564344650402512 0
    outer loop
      vertex -45.83986550643131 36.69337765704516 72.5
      vertex -45.83986550643131 36.69337765704516 70
      vertex -45.80957306135754 36.884636628012856 72.5
    endloop
  endfacet
  facet normal 0.9659258262890709 -0.25881904510251097 0
    outer loop
      vertex -45.80957306135754 36.884636628012856 72.5
      vertex -45.80957306135754 36.884636628012856 70
      vertex -45.759454555146036 37.071681439593654 72.5
    endloop
  endfacet
  facet normal 0.9335804264971974 -0.35836794954531154 0
    outer loop
      vertex -45.759454555146036 37.071681439593654 72.5
      vertex -45.759454555146036 37.071681439593654 70
      vertex -45.69005909663881 37.25246278969023 72.5
    endloop
  endfacet
  facet normal 0.7071067811865476 0.7071067811865476 0
    outer loop
      vertex -45.237891621763886 35.12518207286682 72.5
      vertex -45.237891621763886 35.12518207286682 70
      vertex -45.37481792713318 35.262108378236114 72.5
    endloop
  endfacet
  facet normal 0.6293203910498343 0.7771459614569735 0
    outer loop
      vertex -45.237891621763886 35.12518207286682 72.5
      vertex -45.087402716741074 35.00331856040635 72.5
      vertex -45.087402716741074 35.00331856040635 70
    endloop
  endfacet
  facet normal 0.5446390350150357 0.8386705679454183 0
    outer loop
      vertex -44.925 34.89785300299879 72.5
      vertex -44.925 34.89785300299879 70
      vertex -45.087402716741074 35.00331856040635 72.5
    endloop
  endfacet
  facet normal 0.453990499739541 0.8910065241883708 0
    outer loop
      vertex -44.925 34.89785300299879 72.5
      vertex -44.75246278969023 34.80994090336119 72.5
      vertex -44.75246278969023 34.80994090336119 70
    endloop
  endfacet
  facet normal 0.35836794954531154 0.9335804264971974 0
    outer loop
      vertex -44.75246278969023 34.80994090336119 72.5
      vertex -44.571681439593654 34.740545444853964 72.5
      vertex -44.571681439593654 34.740545444853964 70
    endloop
  endfacet
  facet normal 0.25881904510251097 0.9659258262890709 0
    outer loop
      vertex -44.571681439593654 34.740545444853964 72.5
      vertex -44.384636628012856 34.69042693864246 72.5
      vertex -44.384636628012856 34.69042693864246 70
    endloop
  endfacet
  facet normal 0.1564344650402512 0.9876883405951344 0
    outer loop
      vertex -44.384636628012856 34.69042693864246 72.5
      vertex -44.19337765704516 34.66013449356869 72.5
      vertex -44.19337765704516 34.66013449356869 70
    endloop
  endfacet
  facet normal 0.052335956242933517 0.9986295347545744 0
    outer loop
      vertex -44.19337765704516 34.66013449356869 72.5
      vertex -44 34.65 72.5
      vertex -44 34.65 70
    endloop
  endfacet
  facet normal -0.052335956242933517 0.9986295347545744 0
    outer loop
      vertex -44 34.65 72.5
      vertex -43.80662234295484 34.66013449356869 72.5
      vertex -43.80662234295484 34.66013449356869 70
    endloop
  endfacet
  facet normal -0.9876883421006546 0.15643445553477123 0
    outer loop
      vertex -49.9671313688159 37.12717077881098 70
      vertex -49.86888560652733 37.747470147907734 75
      vertex -49.86888560652733 37.747470147907734 70
    endloop
  endfacet
  facet normal -0.9659258251084867 0.25881904950851087 0
    outer loop
      vertex -49.86888560652733 37.747470147907734 70
      vertex -49.706339098513126 38.354101963341236 75
      vertex -49.706339098513126 38.354101963341236 70
    endloop
  endfacet
  facet normal -0.9335804250773435 0.3583679532441575 0
    outer loop
      vertex -49.706339098513126 38.354101963341236 70
      vertex -49.481272742152214 38.94041986018419 75
      vertex -49.481272742152214 38.94041986018419 70
    endloop
  endfacet
  facet normal -0.8910065283221495 0.4539904916265432 0
    outer loop
      vertex -49.481272742152214 38.94041986018419 70
      vertex -49.19615242630243 39.5 75
      vertex -49.19615242630243 39.5 70
    endloop
  endfacet
  facet normal -0.8386705643141267 0.5446390406067345 0
    outer loop
      vertex -49.19615242630243 39.5 70
      vertex -48.854101963341236 40.02671151608229 75
      vertex -48.854101963341236 40.02671151608229 70
    endloop
  endfacet
  facet normal -0.7771459589704363 0.6293203941204519 0
    outer loop
      vertex -48.854101963341236 40.02671151608229 70
      vertex -48.45886895060539 40.51478363573551 75
      vertex -48.45886895060539 40.51478363573551 70
    endloop
  endfacet
  facet normal -0.7071067811865476 0.7071067811865476 0
    outer loop
      vertex -48.45886895060539 40.51478363573551 70
      vertex -48.01478363573551 40.95886895060539 75
      vertex -48.01478363573551 40.95886895060539 70
    endloop
  endfacet
  facet normal -0.6293203941204519 0.7771459589704363 0
    outer loop
      vertex -48.01478363573551 40.95886895060539 70
      vertex -47.52671151608229 41.354101963341236 75
      vertex -47.52671151608229 41.354101963341236 70
    endloop
  endfacet
  facet normal -0.5446390406067345 0.8386705643141267 0
    outer loop
      vertex -47.52671151608229 41.354101963341236 70
      vertex -47 41.69615242630243 75
      vertex -47 41.69615242630243 70
    endloop
  endfacet
  facet normal 0.8910065241883708 -0.453990499739541 0
    outer loop
      vertex -45.69005909663881 37.25246278969023 72.5
      vertex -45.69005909663881 37.25246278969023 70
      vertex -45.60214699700121 37.425 72.5
    endloop
  endfacet
  facet normal 0.8386705679454183 -0.5446390350150357 0
    outer loop
      vertex -45.60214699700121 37.425 72.5
      vertex -45.60214699700121 37.425 70
      vertex -45.49668143959365 37.587402716741074 72.5
    endloop
  endfacet
  facet normal 0.7771459614569735 -0.6293203910498343 0
    outer loop
      vertex -45.49668143959365 37.587402716741074 72.5
      vertex -45.49668143959365 37.587402716741074 70
      vertex -45.37481792713318 37.737891621763886 72.5
    endloop
  endfacet
  facet normal 0.7071067811865476 -0.7071067811865476 0
    outer loop
      vertex -45.37481792713318 37.737891621763886 72.5
      vertex -45.37481792713318 37.737891621763886 70
      vertex -45.237891621763886 37.87481792713318 72.5
    endloop
  endfacet
  facet normal 0.6293203910498343 -0.7771459614569735 0
    outer loop
      vertex -45.237891621763886 37.87481792713318 72.5
      vertex -45.237891621763886 37.87481792713318 70
      vertex -45.087402716741074 37.99668143959365 72.5
    endloop
  endfacet
  facet normal 0.5446390350150357 -0.8386705679454183 0
    outer loop
      vertex -45.087402716741074 37.99668143959365 72.5
      vertex -45.087402716741074 37.99668143959365 70
      vertex -44.925 38.10214699700121 72.5
    endloop
  endfacet
  facet normal 0.453990499739541 -0.8910065241883708 0
    outer loop
      vertex -44.925 38.10214699700121 72.5
      vertex -44.925 38.10214699700121 70
      vertex -44.75246278969023 38.19005909663881 72.5
    endloop
  endfacet
  facet normal 0.35836794954531154 -0.9335804264971974 0
    outer loop
      vertex -44.75246278969023 38.19005909663881 72.5
      vertex -44.75246278969023 38.19005909663881 70
      vertex -44.571681439593654 38.259454555146036 72.5
    endloop
  endfacet
  facet normal 0.25881904510251097 -0.9659258262890709 0
    outer loop
      vertex -44.571681439593654 38.259454555146036 72.5
      vertex -44.571681439593654 38.259454555146036 70
      vertex -44.384636628012856 38.30957306135754 72.5
    endloop
  endfacet
  facet normal 0.1564344650402512 -0.9876883405951344 0
    outer loop
      vertex -44.384636628012856 38.30957306135754 72.5
      vertex -44.384636628012856 38.30957306135754 70
      vertex -44.19337765704516 38.33986550643131 72.5
    endloop
  endfacet
  facet normal 0.052335956242933517 -0.9986295347545744 0
    outer loop
      vertex -44.19337765704516 38.33986550643131 72.5
      vertex -44.19337765704516 38.33986550643131 70
      vertex -44 38.35 72.5
    endloop
  endfacet
  facet normal -0.052335956242933517 -0.9986295347545744 0
    outer loop
      vertex -44 38.35 72.5
      vertex -44 38.35 70
      vertex -43.80662234295484 38.33986550643131 72.5
    endloop
  endfacet
  facet normal -0.4539904916265432 0.8910065283221495 0
    outer loop
      vertex -47 41.69615242630243 70
      vertex -46.44041986018419 41.981272742152214 75
      vertex -46.44041986018419 41.981272742152214 70
    endloop
  endfacet
  facet normal -0.3583679532441575 0.9335804250773435 0
    outer loop
      vertex -46.44041986018419 41.981272742152214 70
      vertex -45.854101963341236 42.206339098513126 75
      vertex -45.854101963341236 42.206339098513126 70
    endloop
  endfacet
  facet normal -0.25881904950851087 0.9659258251084867 0
    outer loop
      vertex -45.854101963341236 42.206339098513126 70
      vertex -45.247470147907734 42.36888560652733 75
      vertex -45.247470147907734 42.36888560652733 70
    endloop
  endfacet
  facet normal -0.15643445553477123 0.9876883421006546 0
    outer loop
      vertex -45.247470147907734 42.36888560652733 70
      vertex -44.62717077881098 42.4671313688159 75
      vertex -44.62717077881098 42.4671313688159 70
    endloop
  endfacet
  facet normal -0.052335961698072614 0.9986295344686827 0
    outer loop
      vertex -44.62717077881098 42.4671313688159 70
      vertex -44 42.5 75
      vertex -44 42.5 70
    endloop
  endfacet
  facet normal -0.1564344650402512 0.9876883405951344 0
    outer loop
      vertex -43.80662234295484 34.66013449356869 72.5
      vertex -43.615363371987144 34.69042693864246 72.5
      vertex -43.615363371987144 34.69042693864246 70
    endloop
  endfacet
  facet normal -0.25881904510251097 0.9659258262890709 0
    outer loop
      vertex -43.615363371987144 34.69042693864246 72.5
      vertex -43.428318560406346 34.740545444853964 72.5
      vertex -43.428318560406346 34.740545444853964 70
    endloop
  endfacet
  facet normal -0.35836794954531154 0.9335804264971974 0
    outer loop
      vertex -43.428318560406346 34.740545444853964 72.5
      vertex -43.24753721030977 34.80994090336119 72.5
      vertex -43.24753721030977 34.80994090336119 70
    endloop
  endfacet
  facet normal -0.453990499739541 0.8910065241883708 0
    outer loop
      vertex -43.24753721030977 34.80994090336119 72.5
      vertex -43.075 34.89785300299879 72.5
      vertex -43.075 34.89785300299879 70
    endloop
  endfacet
  facet normal -0.5446390350150357 0.8386705679454183 0
    outer loop
      vertex -43.075 34.89785300299879 72.5
      vertex -42.912597283258926 35.00331856040635 72.5
      vertex -42.912597283258926 35.00331856040635 70
    endloop
  endfacet
  facet normal -0.6293203910498343 0.7771459614569735 0
    outer loop
      vertex -42.912597283258926 35.00331856040635 72.5
      vertex -42.762108378236114 35.12518207286682 72.5
      vertex -42.762108378236114 35.12518207286682 70
    endloop
  endfacet
  facet normal -0.7071067811865476 0.7071067811865476 0
    outer loop
      vertex -42.762108378236114 35.12518207286682 72.5
      vertex -42.62518207286682 35.262108378236114 72.5
      vertex -42.62518207286682 35.262108378236114 70
    endloop
  endfacet
  facet normal -0.7771459614569735 0.6293203910498343 0
    outer loop
      vertex -42.62518207286682 35.262108378236114 72.5
      vertex -42.50331856040635 35.412597283258926 72.5
      vertex -42.50331856040635 35.412597283258926 70
    endloop
  endfacet
  facet normal -0.8386705679454183 0.5446390350150357 0
    outer loop
      vertex -42.50331856040635 35.412597283258926 72.5
      vertex -42.39785300299879 35.575 72.5
      vertex -42.39785300299879 35.575 70
    endloop
  endfacet
  facet normal -0.8910065241883708 0.453990499739541 0
    outer loop
      vertex -42.39785300299879 35.575 72.5
      vertex -42.30994090336119 35.74753721030977 72.5
      vertex -42.30994090336119 35.74753721030977 70
    endloop
  endfacet
  facet normal -0.9335804264971974 0.35836794954531154 0
    outer loop
      vertex -42.30994090336119 35.74753721030977 72.5
      vertex -42.240545444853964 35.928318560406346 72.5
      vertex -42.240545444853964 35.928318560406346 70
    endloop
  endfacet
  facet normal -0.9659258262890709 0.25881904510251097 0
    outer loop
      vertex -42.240545444853964 35.928318560406346 72.5
      vertex -42.19042693864246 36.115363371987144 72.5
      vertex -42.19042693864246 36.115363371987144 70
    endloop
  endfacet
  facet normal -0.9659258262890709 -0.25881904510251097 0
    outer loop
      vertex -42.19042693864246 36.884636628012856 72.5
      vertex -42.240545444853964 37.071681439593654 72.5
      vertex -42.240545444853964 37.071681439593654 70
    endloop
  endfacet
  facet normal -0.9876883405951344 0.1564344650402512 0
    outer loop
      vertex -42.19042693864246 36.115363371987144 72.5
      vertex -42.16013449356869 36.30662234295484 72.5
      vertex -42.16013449356869 36.30662234295484 70
    endloop
  endfacet
  facet normal -0.9986295347545744 0.052335956242933517 0
    outer loop
      vertex -42.16013449356869 36.30662234295484 72.5
      vertex -42.15 36.5 72.5
      vertex -42.15 36.5 70
    endloop
  endfacet
  facet normal -0.9986295347545744 -0.052335956242933517 0
    outer loop
      vertex -42.15 36.5 72.5
      vertex -42.16013449356869 36.69337765704516 72.5
      vertex -42.16013449356869 36.69337765704516 70
    endloop
  endfacet
  facet normal -0.9876883405951344 -0.1564344650402512 0
    outer loop
      vertex -42.19042693864246 36.884636628012856 72.5
      vertex -42.19042693864246 36.884636628012856 70
      vertex -42.16013449356869 36.69337765704516 72.5
    endloop
  endfacet
  facet normal -0.1564344650402512 -0.9876883405951344 0
    outer loop
      vertex -43.80662234295484 38.33986550643131 72.5
      vertex -43.80662234295484 38.33986550643131 70
      vertex -43.615363371987144 38.30957306135754 72.5
    endloop
  endfacet
  facet normal -0.25881904510251097 -0.9659258262890709 0
    outer loop
      vertex -43.615363371987144 38.30957306135754 72.5
      vertex -43.615363371987144 38.30957306135754 70
      vertex -43.428318560406346 38.259454555146036 72.5
    endloop
  endfacet
  facet normal -0.35836794954531154 -0.9335804264971974 0
    outer loop
      vertex -43.428318560406346 38.259454555146036 72.5
      vertex -43.428318560406346 38.259454555146036 70
      vertex -43.24753721030977 38.19005909663881 72.5
    endloop
  endfacet
  facet normal -0.453990499739541 -0.8910065241883708 0
    outer loop
      vertex -43.075 38.10214699700121 72.5
      vertex -43.24753721030977 38.19005909663881 72.5
      vertex -43.24753721030977 38.19005909663881 70
    endloop
  endfacet
  facet normal -0.5446390350150357 -0.8386705679454183 0
    outer loop
      vertex -43.075 38.10214699700121 72.5
      vertex -43.075 38.10214699700121 70
      vertex -42.912597283258926 37.99668143959365 72.5
    endloop
  endfacet
  facet normal -0.7071067811865476 -0.7071067811865476 0
    outer loop
      vertex -42.62518207286682 37.737891621763886 72.5
      vertex -42.762108378236114 37.87481792713318 72.5
      vertex -42.762108378236114 37.87481792713318 70
    endloop
  endfacet
  facet normal -0.7771459614569735 -0.6293203910498343 0
    outer loop
      vertex -42.62518207286682 37.737891621763886 72.5
      vertex -42.62518207286682 37.737891621763886 70
      vertex -42.50331856040635 37.587402716741074 72.5
    endloop
  endfacet
  facet normal -0.9335804264971974 -0.35836794954531154 0
    outer loop
      vertex -42.240545444853964 37.071681439593654 72.5
      vertex -42.30994090336119 37.25246278969023 72.5
      vertex -42.30994090336119 37.25246278969023 70
    endloop
  endfacet
  facet normal -0.8910065241883708 -0.453990499739541 0
    outer loop
      vertex -42.39785300299879 37.425 72.5
      vertex -42.39785300299879 37.425 70
      vertex -42.30994090336119 37.25246278969023 72.5
    endloop
  endfacet
  facet normal -0.8386705679454183 -0.5446390350150357 0
    outer loop
      vertex -42.39785300299879 37.425 72.5
      vertex -42.50331856040635 37.587402716741074 72.5
      vertex -42.50331856040635 37.587402716741074 70
    endloop
  endfacet
  facet normal -0.6293203910498343 -0.7771459614569735 0
    outer loop
      vertex -42.912597283258926 37.99668143959365 72.5
      vertex -42.912597283258926 37.99668143959365 70
      vertex -42.762108378236114 37.87481792713318 72.5
    endloop
  endfacet
  facet normal 0.5446390627142673 -0.8386705499573265 0
    outer loop
      vertex -45.9615617915988 31.831789888441563 73.1
      vertex -45.9615617915988 31.831789888441563 70
      vertex -45.698206037282944 32.00281512737274 73.1
    endloop
  endfacet
  facet normal 0.5000000124049407 -0.8660253966224428 0
    outer loop
      vertex -45.698206037282944 32.00281512737274 73.1
      vertex -45.698206037282944 32.00281512737274 70
      vertex -45.498779252171516 32.11795423924923 73.1
    endloop
  endfacet
  facet normal 0.4539905246801511 -0.8910065114804947 0
    outer loop
      vertex -45.498779252171516 32.11795423924923 73.1
      vertex -45.498779252171516 32.11795423924923 70
      vertex -45.2189891859889 32.26051440834999 73.1
    endloop
  endfacet
  facet normal 0.4067366680733278 -0.9135454465129842 0
    outer loop
      vertex -45.2189891859889 32.26051440834999 73.1
      vertex -45.2189891859889 32.26051440834999 70
      vertex -45.008619613945484 32.35417698323727 73.1
    endloop
  endfacet
  facet normal 0.35836799700500427 -0.9335804082791269 0
    outer loop
      vertex -45.008619613945484 32.35417698323727 73.1
      vertex -45.008619613945484 32.35417698323727 70
      vertex -44.715460658073425 32.466710180044174 73.1
    endloop
  endfacet
  facet normal 0.3090170435468278 -0.9510565003182397 0
    outer loop
      vertex -44.715460658073425 32.466710180044174 73.1
      vertex -44.715460658073425 32.466710180044174 70
      vertex -44.49645306915045 32.537870071828365 73.1
    endloop
  endfacet
  facet normal 0.25881908271458365 -0.9659258162109456 0
    outer loop
      vertex -44.49645306915045 32.537870071828365 73.1
      vertex -44.49645306915045 32.537870071828365 70
      vertex -44.1931371614337 32.61914333701134 73.1
    endloop
  endfacet
  facet normal 0.2079117214338601 -0.9781475942261519 0
    outer loop
      vertex -44.1931371614337 32.61914333701134 73.1
      vertex -44.1931371614337 32.61914333701134 70
      vertex -43.967891067266464 32.66702087968588 73.1
    endloop
  endfacet
  facet normal 0.1564344939199683 -0.9876883360210363 0
    outer loop
      vertex -43.967891067266464 32.66702087968588 73.1
      vertex -43.967891067266464 32.66702087968588 70
      vertex -43.65774139016867 32.716143772006035 73.1
    endloop
  endfacet
  facet normal 0.13052597554580794 -0.9914448898994916 0
    outer loop
      vertex -43.62117379158735 32.7209579795599 73.1
      vertex -43.65774139016867 32.716143772006035 73.1
      vertex -43.65774139016867 32.716143772006035 70
    endloop
  endfacet
  facet normal 0.15643445398722614 -0.9876883423457615 0
    outer loop
      vertex -43.62117379158735 32.7209579795599 73.1
      vertex -43.62117379158735 32.7209579795599 70
      vertex -43.23117606341839 32.78272754698992 73.1
    endloop
  endfacet
  facet normal 0.20791164914109106 -0.9781476095924541 0
    outer loop
      vertex -43.23117606341839 32.78272754698992 73.1
      vertex -43.23117606341839 32.78272754698992 70
      vertex -43.19040474295616 32.791393756866455 73.1
    endloop
  endfacet
  facet normal 0.25881906167157254 -0.965925821849404 0
    outer loop
      vertex -43.19040474295616 32.791393756866455 73.1
      vertex -43.19040474295616 32.791393756866455 70
      vertex -42.84682697057724 32.88345514982939 73.1
    endloop
  endfacet
  facet normal 0.309016937148793 -0.9510565348890563 0
    outer loop
      vertex -42.84682697057724 32.88345514982939 73.1
      vertex -42.84682697057724 32.88345514982939 70
      vertex -42.807184778153896 32.89633567631245 73.1
    endloop
  endfacet
  facet normal 0.35836795026005863 -0.9335804262228318 0
    outer loop
      vertex -42.807184778153896 32.89633567631245 73.1
      vertex -42.807184778153896 32.89633567631245 70
      vertex -42.4751123636961 33.02380633354187 73.1
    endloop
  endfacet
  facet normal 0.40673669028025616 -0.9135454366258215 0
    outer loop
      vertex -42.4751123636961 33.02380633354187 73.1
      vertex -42.4751123636961 33.02380633354187 70
      vertex -42.43703365325928 33.040760070085526 73.1
    endloop
  endfacet
  facet normal 0.45399049414473436 -0.8910065270390671 0
    outer loop
      vertex -42.43703365325928 33.040760070085526 73.1
      vertex -42.43703365325928 33.040760070085526 70
      vertex -42.12010455876589 33.20224350690842 73.1
    endloop
  endfacet
  facet normal 0.49999996385536283 -0.8660254246525537 0
    outer loop
      vertex -42.084006763994694 33.22308457642794 73.1
      vertex -42.12010455876589 33.20224350690842 73.1
      vertex -42.12010455876589 33.20224350690842 70
    endloop
  endfacet
  facet normal 0.5446390518866788 -0.838670556988845 0
    outer loop
      vertex -42.084006763994694 33.22308457642794 73.1
      vertex -42.084006763994694 33.22308457642794 70
      vertex -41.78569335490465 33.41681157797575 73.1
    endloop
  endfacet
  facet normal 0.5877851959310201 -0.8090170353239369 0
    outer loop
      vertex -41.751972027122974 33.44131155312061 73.1
      vertex -41.78569335490465 33.41681157797575 73.1
      vertex -41.78569335490465 33.41681157797575 70
    endloop
  endfacet
  facet normal 0.6293203972614194 -0.777145956426931 0
    outer loop
      vertex -41.751972027122974 33.44131155312061 73.1
      vertex -41.751972027122974 33.44131155312061 70
      vertex -41.47554263472557 33.66515966504812 73.1
    endloop
  endfacet
  facet normal 0.6691306144728455 -0.7431448181715272 0
    outer loop
      vertex -41.444566778838634 33.69305045157671 73.1
      vertex -41.47554263472557 33.66515966504812 73.1
      vertex -41.47554263472557 33.66515966504812 70
    endloop
  endfacet
  facet normal 0.7071067811865476 -0.7071067811865476 0
    outer loop
      vertex -41.444566778838634 33.69305045157671 73.1
      vertex -41.444566778838634 33.69305045157671 70
      vertex -41.19305045157671 33.944566778838634 73.1
    endloop
  endfacet
  facet normal 0.7431448181715272 -0.6691306144728455 0
    outer loop
      vertex -41.16515966504812 33.97554263472557 73.1
      vertex -41.19305045157671 33.944566778838634 73.1
      vertex -41.19305045157671 33.944566778838634 70
    endloop
  endfacet
  facet normal 0.7771459534759897 -0.6293204009055282 0
    outer loop
      vertex -41.16515966504812 33.97554263472557 73.1
      vertex -41.16515966504812 33.97554263472557 70
      vertex -40.94131160527468 34.25197196006775 73.1
    endloop
  endfacet
  facet normal 0.8090170877385424 -0.5877851237884874 0
    outer loop
      vertex -40.94131160527468 34.25197196006775 73.1
      vertex -40.94131160527468 34.25197196006775 70
      vertex -40.91681148856878 34.2856934890151 73.1
    endloop
  endfacet
  facet normal 0.8386705552339938 -0.5446390545889127 0
    outer loop
      vertex -40.91681148856878 34.2856934890151 73.1
      vertex -40.91681148856878 34.2856934890151 70
      vertex -40.72308462113142 34.58400668948889 73.1
    endloop
  endfacet
  facet normal 0.8660253863824631 -0.5000000301411045 0
    outer loop
      vertex -40.702243492007256 34.62010458111763 73.1
      vertex -40.72308462113142 34.58400668948889 73.1
      vertex -40.72308462113142 34.58400668948889 70
    endloop
  endfacet
  facet normal 0.8910065267162314 -0.4539904947783353 0
    outer loop
      vertex -40.702243492007256 34.62010458111763 73.1
      vertex -40.702243492007256 34.62010458111763 70
      vertex -40.540760070085526 34.9370336458087 73.1
    endloop
  endfacet
  facet normal 0.9135454661967277 -0.40673662386291654 0
    outer loop
      vertex -40.52380633354187 34.9751123636961 73.1
      vertex -40.540760070085526 34.9370336458087 73.1
      vertex -40.540760070085526 34.9370336458087 70
    endloop
  endfacet
  facet normal 0.9335804262228318 -0.35836795026005863 0
    outer loop
      vertex -40.52380633354187 34.9751123636961 73.1
      vertex -40.52380633354187 34.9751123636961 70
      vertex -40.39633567631245 35.307184778153896 73.1
    endloop
  endfacet
  facet normal 0.9510565348890563 -0.309016937148793 0
    outer loop
      vertex -40.39633567631245 35.307184778153896 73.1
      vertex -40.39633567631245 35.307184778153896 70
      vertex -40.38345514982939 35.34682697057724 73.1
    endloop
  endfacet
  facet normal 0.965925821849404 -0.25881906167157254 0
    outer loop
      vertex -40.38345514982939 35.34682697057724 73.1
      vertex -40.38345514982939 35.34682697057724 70
      vertex -40.291393756866455 35.69040474295616 73.1
    endloop
  endfacet
  facet normal 0.9781476104724821 -0.20791164500088272 0
    outer loop
      vertex -40.291393756866455 35.69040474295616 73.1
      vertex -40.291393756866455 35.69040474295616 70
      vertex -40.28272756934166 35.73117595911026 73.1
    endloop
  endfacet
  facet normal 0.9876883420831333 -0.15643445564539588 0
    outer loop
      vertex -40.28272756934166 35.73117595911026 73.1
      vertex -40.28272756934166 35.73117595911026 70
      vertex -40.22095796465874 36.12117391824722 73.1
    endloop
  endfacet
  facet normal 0.9914449125265851 -0.13052580367556493 0
    outer loop
      vertex -40.21614380180836 36.157741226255894 73.1
      vertex -40.22095796465874 36.12117391824722 73.1
      vertex -40.22095796465874 36.12117391824722 70
    endloop
  endfacet
  facet normal 0.9876883408482959 -0.15643446344185244 0
    outer loop
      vertex -40.21614380180836 36.157741226255894 73.1
      vertex -40.21614380180836 36.157741226255894 70
      vertex -40.16702091693878 36.46789091825485 73.1
    endloop
  endfacet
  facet normal 0.978147596610256 -0.2079117102175342 0
    outer loop
      vertex -40.16702091693878 36.46789091825485 73.1
      vertex -40.16702091693878 36.46789091825485 70
      vertex -40.11914338171482 36.69313699007034 73.1
    endloop
  endfacet
  facet normal 0.9659258237320325 -0.25881905464550803 0
    outer loop
      vertex -40.11914338171482 36.69313699007034 73.1
      vertex -40.11914338171482 36.69313699007034 70
      vertex -40.03787012398243 36.996452905237675 73.1
    endloop
  endfacet
  facet normal 0.9510565131566553 -0.30901700403425203 0
    outer loop
      vertex -40.03787012398243 36.996452905237675 73.1
      vertex -40.03787012398243 36.996452905237675 70
      vertex -39.9667102470994 37.21546047925949 73.1
    endloop
  endfacet
  facet normal 0.9335804259992488 -0.358367950842512 0
    outer loop
      vertex -39.9667102470994 37.21546047925949 73.1
      vertex -39.9667102470994 37.21546047925949 70
      vertex -39.854177072644234 37.50861942023039 73.1
    endloop
  endfacet
  facet normal 0.9135454505486409 -0.40673665900909506 0
    outer loop
      vertex -39.854177072644234 37.50861942023039 73.1
      vertex -39.854177072644234 37.50861942023039 70
      vertex -39.76051449030638 37.71898901462555 73.1
    endloop
  endfacet
  facet normal 0.8910065259684403 -0.45399049624595805 0
    outer loop
      vertex -39.76051449030638 37.71898901462555 73.1
      vertex -39.76051449030638 37.71898901462555 70
      vertex -39.6179543286562 37.99877908825874 73.1
    endloop
  endfacet
  facet normal 0.8660254165537549 -0.4999999778828949 0
    outer loop
      vertex -39.6179543286562 37.99877908825874 73.1
      vertex -39.6179543286562 37.99877908825874 70
      vertex -39.50281523168087 38.19820586591959 73.1
    endloop
  endfacet
  facet normal 0.8386705710716652 -0.5446390302010375 0
    outer loop
      vertex -39.50281523168087 38.19820586591959 73.1
      vertex -39.50281523168087 38.19820586591959 70
      vertex -39.33178999274969 38.461561642587185 73.1
    endloop
  endfacet
  facet normal 0.8090169972346416 -0.5877852483564419 0
    outer loop
      vertex -39.33178999274969 38.461561642587185 73.1
      vertex -39.33178999274969 38.461561642587185 70
      vertex -39.1964358612895 38.64786062389612 73.1
    endloop
  endfacet
  facet normal 0.7771459578667896 -0.629320395483342 0
    outer loop
      vertex -39.1964358612895 38.64786062389612 73.1
      vertex -39.1964358612895 38.64786062389612 70
      vertex -38.99881935119629 38.891896687448025 73.1
    endloop
  endfacet
  facet normal 0.7431448056336751 -0.6691306283975405 0
    outer loop
      vertex -38.99881935119629 38.891896687448025 73.1
      vertex -38.99881935119629 38.891896687448025 70
      vertex -38.84473315626383 39.06302673369646 73.1
    endloop
  endfacet
  facet normal 0.7071067811865476 -0.7071067811865476 0
    outer loop
      vertex -38.84473315626383 39.06302673369646 73.1
      vertex -38.84473315626383 39.06302673369646 70
      vertex -38.62269049882889 39.2850693911314 73.1
    endloop
  endfacet
  facet normal 0.6691306283975405 -0.7431448056336751 0
    outer loop
      vertex -38.62269049882889 39.2850693911314 73.1
      vertex -38.62269049882889 39.2850693911314 70
      vertex -38.45156045258045 39.43915558606386 73.1
    endloop
  endfacet
  facet normal 0.629320395483342 -0.7771459578667896 0
    outer loop
      vertex -38.45156045258045 39.43915558606386 73.1
      vertex -38.45156045258045 39.43915558606386 70
      vertex -38.20752438902855 39.636772096157074 73.1
    endloop
  endfacet
  facet normal 0.5877852445525733 -0.8090169999983138 0
    outer loop
      vertex -38.20752438902855 39.636772096157074 73.1
      vertex -38.20752438902855 39.636772096157074 70
      vertex -38.02122538536787 39.772126242518425 73.1
    endloop
  endfacet
  facet normal 0.5446390293369446 -0.8386705716328138 0
    outer loop
      vertex -38.02122538536787 39.772126242518425 73.1
      vertex -38.02122538536787 39.772126242518425 70
      vertex -37.75786963105202 39.94315146654844 73.1
    endloop
  endfacet
  facet normal 0.4999999778828949 -0.8660254165537549 0
    outer loop
      vertex -37.75786963105202 39.94315146654844 73.1
      vertex -37.75786963105202 39.94315146654844 70
      vertex -37.55844285339117 40.05829056352377 73.1
    endloop
  endfacet
  facet normal 0.45399049624595805 -0.8910065259684403 0
    outer loop
      vertex -37.55844285339117 40.05829056352377 73.1
      vertex -37.55844285339117 40.05829056352377 70
      vertex -37.27865277975798 40.20085072517395 73.1
    endloop
  endfacet
  facet normal 0.40673665900909506 -0.9135454505486409 0
    outer loop
      vertex -37.27865277975798 40.20085072517395 73.1
      vertex -37.27865277975798 40.20085072517395 70
      vertex -37.068283185362816 40.29451330751181 73.1
    endloop
  endfacet
  facet normal 0.358367950842512 -0.9335804259992488 0
    outer loop
      vertex -37.068283185362816 40.29451330751181 73.1
      vertex -37.068283185362816 40.29451330751181 70
      vertex -36.77512424439192 40.40704648196697 73.1
    endloop
  endfacet
  facet normal 0.30901700403425203 -0.9510565131566553 0
    outer loop
      vertex -36.77512424439192 40.40704648196697 73.1
      vertex -36.77512424439192 40.40704648196697 70
      vertex -36.5561166703701 40.47820635885 73.1
    endloop
  endfacet
  facet normal 0.25881905464550803 -0.9659258237320325 0
    outer loop
      vertex -36.5561166703701 40.47820635885 73.1
      vertex -36.5561166703701 40.47820635885 70
      vertex -36.25280075520277 40.559479616582394 73.1
    endloop
  endfacet
  facet normal 0.20791169705769463 -0.9781475994074664 0
    outer loop
      vertex -36.25280075520277 40.559479616582394 73.1
      vertex -36.25280075520277 40.559479616582394 70
      vertex -36.02755466848612 40.607357151806355 73.1
    endloop
  endfacet
  facet normal 0.15643447077382908 -0.9876883396870251 0
    outer loop
      vertex -36.02755466848612 40.607357151806355 73.1
      vertex -36.02755466848612 40.607357151806355 70
      vertex -35.71740499138832 40.65648003667593 73.1
    endloop
  endfacet
  facet normal 0.10452845591539826 -0.9945218961410265 0
    outer loop
      vertex -35.71740499138832 40.65648003667593 73.1
      vertex -35.71740499138832 40.65648003667593 70
      vertex -35.48838824778795 40.680550664663315 73.1
    endloop
  endfacet
  facet normal 0.05233594924714904 -0.9986295351212079 0
    outer loop
      vertex -35.48838824778795 40.680550664663315 73.1
      vertex -35.48838824778795 40.680550664663315 70
      vertex -35.17480285465717 40.696984976530075 73.1
    endloop
  endfacet
  facet normal 0.026176976785963785 -0.9996573242298319 0
    outer loop
      vertex -35.17480285465717 40.696984976530075 73.1
      vertex -35.17480285465717 40.696984976530075 70
      vertex -35.05966376513243 40.70000000298023 73.1
    endloop
  endfacet
  facet normal 0 0 -1
    outer loop
      vertex -48.01478363573551 40.95886895060539 70
      vertex -47.52671151608229 41.354101963341236 70
      vertex 46.44041986018419 41.981272742152214 70
    endloop
  endfacet
  facet normal 0 0 -1
    outer loop
      vertex -47.52671151608229 41.354101963341236 70
      vertex -47 41.69615242630243 70
      vertex 45.854101963341236 42.206339098513126 70
    endloop
  endfacet
  facet normal 0 0 -1
    outer loop
      vertex -47 41.69615242630243 70
      vertex -46.44041986018419 41.981272742152214 70
      vertex 45.247470147907734 42.36888560652733 70
    endloop
  endfacet
  facet normal 0 0 -1
    outer loop
      vertex -46.44041986018419 41.981272742152214 70
      vertex -45.854101963341236 42.206339098513126 70
      vertex 44.62717077881098 42.4671313688159 70
    endloop
  endfacet
  facet normal 0 0 -1
    outer loop
      vertex -45.854101963341236 42.206339098513126 70
      vertex -45.247470147907734 42.36888560652733 70
      vertex 44 42.5 70
    endloop
  endfacet
  facet normal 0 0 -1
    outer loop
      vertex -45.247470147907734 42.36888560652733 70
      vertex -44 42.5 70
      vertex 44 42.5 70
    endloop
  endfacet
  facet normal 0 0 -1
    outer loop
      vertex -48.01478363573551 40.95886895060539 70
      vertex 47 41.69615242630243 70
      vertex -35.05966376513243 40.70000000298023 70
    endloop
  endfacet
  facet normal 0 -1 0
    outer loop
      vertex -35.05966376513243 40.70000000298023 73.1
      vertex -35.05966376513243 40.70000000298023 70
      vertex 35.059663876891136 40.70000000298023 73.1
    endloop
  endfacet
  facet normal 0 0 1
    outer loop
      vertex -50 -36.5 75
      vertex -47.771456837076855 36.103603913301534 75
      vertex -50 36.5 75
    endloop
  endfacet
  facet normal 0 0 1
    outer loop
      vertex -47.06797938683583 -34.270982500419954 75
      vertex -47.28416844857457 34.6038844621514 75
      vertex -47.464375473534304 34.95756066250319 75
    endloop
  endfacet
  facet normal 0 0 1
    outer loop
      vertex -47.06797938683583 -34.270982500419954 75
      vertex -47.06797938683583 34.270982500419954 75
      vertex -47.28416844857457 34.6038844621514 75
    endloop
  endfacet
  facet normal 0 0 1
    outer loop
      vertex -47.06797938683583 -34.270982500419954 75
      vertex -46.81817690091896 33.96250212086582 75
      vertex -47.06797938683583 34.270982500419954 75
    endloop
  endfacet
  facet normal 0 0 1
    outer loop
      vertex -47.06797938683583 -34.270982500419954 75
      vertex -47.60662607583881 35.32813615101277 75
      vertex -47.70936172812141 35.71155082508014 75
    endloop
  endfacet
  facet normal 0 0 1
    outer loop
      vertex -47.06797938683583 -34.270982500419954 75
      vertex -47.464375473534304 34.95756066250319 75
      vertex -47.60662607583881 35.32813615101277 75
    endloop
  endfacet
  facet normal 0 0 1
    outer loop
      vertex -47.06797938683583 -34.270982500419954 75
      vertex -47.70936172812141 35.71155082508014 75
      vertex -47.771456837076855 36.103603913301534 75
    endloop
  endfacet
  facet normal 0 0 1
    outer loop
      vertex -46.229017499580046 -33.43202061316417 75
      vertex -46.229017499580046 33.43202061316417 75
      vertex -46.53749787913418 33.68182309908104 75
    endloop
  endfacet
  facet normal 0 0 1
    outer loop
      vertex -46.53749787913418 -33.68182309908104 75
      vertex -46.53749787913418 33.68182309908104 75
      vertex -46.81817690091896 33.96250212086582 75
    endloop
  endfacet
  facet normal 0 0 1
    outer loop
      vertex -45.8961155378486 -33.21583155142543 75
      vertex -45.8961155378486 33.21583155142543 75
      vertex -46.229017499580046 33.43202061316417 75
    endloop
  endfacet
  facet normal 0 0 1
    outer loop
      vertex -45.54243933749681 -33.035624526465696 75
      vertex -45.54243933749681 33.035624526465696 75
      vertex -45.8961155378486 33.21583155142543 75
    endloop
  endfacet
  facet normal 0 0 1
    outer loop
      vertex -45.54243933749681 -33.035624526465696 75
      vertex -45.17186384898723 32.89337392416119 75
      vertex -45.54243933749681 33.035624526465696 75
    endloop
  endfacet
  facet normal 0 0 1
    outer loop
      vertex -45.17186384898723 -32.89337392416119 75
      vertex -44.78844917491986 32.79063827187859 75
      vertex -45.17186384898723 32.89337392416119 75
    endloop
  endfacet
  facet normal 0 0 1
    outer loop
      vertex -45.17186384898723 -32.89337392416119 75
      vertex -44.396396086698466 32.728543162923145 75
      vertex -44.78844917491986 32.79063827187859 75
    endloop
  endfacet
  facet normal 0 0 1
    outer loop
      vertex -44.78844917491986 -32.79063827187859 75
      vertex -44 32.70776892430279 75
      vertex -44.396396086698466 32.728543162923145 75
    endloop
  endfacet
  facet normal 0 0 1
    outer loop
      vertex -44.78844917491986 -32.79063827187859 75
      vertex -43.603603913301534 32.728543162923145 75
      vertex -44 32.70776892430279 75
    endloop
  endfacet
  facet normal -0.9986295344686827 0.052335961698072614 0
    outer loop
      vertex -50 36.5 70
      vertex -50 36.5 75
      vertex -49.9671313688159 37.12717077881098 75
    endloop
  endfacet
  facet normal 0.4303183736365819 0.6626321868486302 0.6129801646570379
    outer loop
      vertex -44.925 34.89785300299879 72.5
      vertex -45.087402716741074 35.00331856040635 72.5
      vertex -46.229017499580046 33.43202061316417 75
    endloop
  endfacet
  facet normal 0.2831459063663291 0.7376203043877123 0.6129801646570374
    outer loop
      vertex -44.75246278969023 34.80994090336119 72.5
      vertex -45.54243933749681 33.035624526465696 75
      vertex -44.571681439593654 34.740545444853964 72.5
    endloop
  endfacet
  facet normal 0.35869712035786316 0.703982736708799 0.6129801646570356
    outer loop
      vertex -44.925 34.89785300299879 72.5
      vertex -45.8961155378486 33.21583155142543 75
      vertex -44.75246278969023 34.80994090336119 72.5
    endloop
  endfacet
  facet normal 0.20449248657252617 0.763176349654795 0.6129801646570364
    outer loop
      vertex -44.571681439593654 34.740545444853964 72.5
      vertex -45.17186384898723 32.89337392416119 75
      vertex -44.384636628012856 34.69042693864246 72.5
    endloop
  endfacet
  facet normal 0.12359860430307058 0.780370875130129 0.612980164657038
    outer loop
      vertex -44.384636628012856 34.69042693864246 72.5
      vertex -44.78844917491986 32.79063827187859 75
      vertex -44.19337765704516 34.66013449356869 72.5
    endloop
  endfacet
  facet normal 0.04135054986015237 0.7890154939944439 0.6129801646570358
    outer loop
      vertex -44.19337765704516 34.66013449356869 72.5
      vertex -44.396396086698466 32.728543162923145 75
      vertex -44 34.65 72.5
    endloop
  endfacet
  facet normal -0.04135054986015233 0.7890154939944433 0.6129801646570366
    outer loop
      vertex -44 34.65 72.5
      vertex -44 32.70776892430279 75
      vertex -43.80662234295484 34.66013449356869 72.5
    endloop
  endfacet
  facet normal 0.6626321868486317 0.4303183736365828 0.6129801646570355
    outer loop
      vertex -45.60214699700121 35.575 72.5
      vertex -47.28416844857457 34.6038844621514 75
      vertex -45.49668143959365 35.412597283258926 72.5
    endloop
  endfacet
  facet normal 0.7039827367087977 0.3586971203578626 0.6129801646570372
    outer loop
      vertex -45.60214699700121 35.575 72.5
      vertex -45.69005909663881 35.74753721030977 72.5
      vertex -47.464375473534304 34.95756066250319 75
    endloop
  endfacet
  facet normal 0.737620304387713 0.2831459063663293 0.6129801646570363
    outer loop
      vertex -45.759454555146036 35.928318560406346 72.5
      vertex -47.60662607583881 35.32813615101277 75
      vertex -45.69005909663881 35.74753721030977 72.5
    endloop
  endfacet
  facet normal 0.5586838630822585 0.5586838630822585 0.6129801646570373
    outer loop
      vertex -45.237891621763886 35.12518207286682 72.5
      vertex -45.37481792713318 35.262108378236114 72.5
      vertex -46.81817690091896 33.96250212086582 75
    endloop
  endfacet
  facet normal 0.6140217000846631 0.49722496876380934 0.6129801646570378
    outer loop
      vertex -45.37481792713318 35.262108378236114 72.5
      vertex -45.49668143959365 35.412597283258926 72.5
      vertex -47.06797938683583 34.270982500419954 75
    endloop
  endfacet
  facet normal 0.4972249687638095 0.6140217000846633 0.6129801646570373
    outer loop
      vertex -45.237891621763886 35.12518207286682 72.5
      vertex -46.53749787913418 33.68182309908104 75
      vertex -45.087402716741074 35.00331856040635 72.5
    endloop
  endfacet
  facet normal 0.7890154939944433 0.04135054986015233 0.6129801646570366
    outer loop
      vertex -45.83986550643131 36.30662234295484 72.5
      vertex -45.85 36.5 72.5
      vertex -47.79223107569721 36.5 75
    endloop
  endfacet
  facet normal 0.7631763496547938 0.20449248657252583 0.6129801646570378
    outer loop
      vertex -45.759454555146036 35.928318560406346 72.5
      vertex -45.80957306135754 36.115363371987144 72.5
      vertex -47.70936172812141 35.71155082508014 75
    endloop
  endfacet
  facet normal 0.780370875130131 0.12359860430307089 0.6129801646570354
    outer loop
      vertex -45.80957306135754 36.115363371987144 72.5
      vertex -45.83986550643131 36.30662234295484 72.5
      vertex -47.771456837076855 36.103603913301534 75
    endloop
  endfacet
  facet normal 0.7890154939944439 -0.04135054986015237 0.6129801646570358
    outer loop
      vertex -45.85 36.5 72.5
      vertex -45.83986550643131 36.69337765704516 72.5
      vertex -47.771456837076855 36.896396086698466 75
    endloop
  endfacet
  facet normal 0.780370875130129 -0.12359860430307058 0.612980164657038
    outer loop
      vertex -45.83986550643131 36.69337765704516 72.5
      vertex -45.80957306135754 36.884636628012856 72.5
      vertex -47.70936172812141 37.28844917491986 75
    endloop
  endfacet
  facet normal -0.9876883421006546 0.15643445553477123 0
    outer loop
      vertex -49.9671313688159 37.12717077881098 70
      vertex -49.9671313688159 37.12717077881098 75
      vertex -49.86888560652733 37.747470147907734 75
    endloop
  endfacet
  facet normal -0.9659258251084867 0.25881904950851087 0
    outer loop
      vertex -49.86888560652733 37.747470147907734 70
      vertex -49.86888560652733 37.747470147907734 75
      vertex -49.706339098513126 38.354101963341236 75
    endloop
  endfacet
  facet normal -0.9335804250773435 0.3583679532441575 0
    outer loop
      vertex -49.706339098513126 38.354101963341236 70
      vertex -49.706339098513126 38.354101963341236 75
      vertex -49.481272742152214 38.94041986018419 75
    endloop
  endfacet
  facet normal -0.8910065283221495 0.4539904916265432 0
    outer loop
      vertex -49.481272742152214 38.94041986018419 70
      vertex -49.481272742152214 38.94041986018419 75
      vertex -49.19615242630243 39.5 75
    endloop
  endfacet
  facet normal -0.8386705643141267 0.5446390406067345 0
    outer loop
      vertex -49.19615242630243 39.5 70
      vertex -49.19615242630243 39.5 75
      vertex -48.854101963341236 40.02671151608229 75
    endloop
  endfacet
  facet normal -0.7771459589704363 0.6293203941204519 0
    outer loop
      vertex -48.854101963341236 40.02671151608229 70
      vertex -48.854101963341236 40.02671151608229 75
      vertex -48.45886895060539 40.51478363573551 75
    endloop
  endfacet
  facet normal -0.7071067811865476 0.7071067811865476 0
    outer loop
      vertex -48.45886895060539 40.51478363573551 70
      vertex -48.45886895060539 40.51478363573551 75
      vertex -48.01478363573551 40.95886895060539 75
    endloop
  endfacet
  facet normal -0.6293203941204519 0.7771459589704363 0
    outer loop
      vertex -48.01478363573551 40.95886895060539 70
      vertex -48.01478363573551 40.95886895060539 75
      vertex -47.52671151608229 41.354101963341236 75
    endloop
  endfacet
  facet normal -0.5446390406067345 0.8386705643141267 0
    outer loop
      vertex -47.52671151608229 41.354101963341236 70
      vertex -47.52671151608229 41.354101963341236 75
      vertex -47 41.69615242630243 75
    endloop
  endfacet
  facet normal 0.763176349654795 -0.20449248657252617 0.6129801646570364
    outer loop
      vertex -45.80957306135754 36.884636628012856 72.5
      vertex -45.759454555146036 37.071681439593654 72.5
      vertex -47.60662607583881 37.67186384898723 75
    endloop
  endfacet
  facet normal 0.7376203043877123 -0.2831459063663291 0.6129801646570374
    outer loop
      vertex -45.759454555146036 37.071681439593654 72.5
      vertex -45.69005909663881 37.25246278969023 72.5
      vertex -47.464375473534304 38.04243933749681 75
    endloop
  endfacet
  facet normal 0.703982736708799 -0.35869712035786316 0.6129801646570356
    outer loop
      vertex -45.69005909663881 37.25246278969023 72.5
      vertex -45.60214699700121 37.425 72.5
      vertex -47.28416844857457 38.3961155378486 75
    endloop
  endfacet
  facet normal 0.6626321868486302 -0.4303183736365819 0.6129801646570379
    outer loop
      vertex -45.60214699700121 37.425 72.5
      vertex -45.49668143959365 37.587402716741074 72.5
      vertex -47.06797938683583 38.729017499580046 75
    endloop
  endfacet
  facet normal 0.6140217000846633 -0.4972249687638095 0.6129801646570373
    outer loop
      vertex -45.49668143959365 37.587402716741074 72.5
      vertex -45.37481792713318 37.737891621763886 72.5
      vertex -46.81817690091896 39.03749787913418 75
    endloop
  endfacet
  facet normal 0.5586838630822585 -0.5586838630822585 0.6129801646570373
    outer loop
      vertex -45.37481792713318 37.737891621763886 72.5
      vertex -45.237891621763886 37.87481792713318 72.5
      vertex -46.53749787913418 39.31817690091896 75
    endloop
  endfacet
  facet normal 0.49722496876380934 -0.6140217000846631 0.6129801646570378
    outer loop
      vertex -45.237891621763886 37.87481792713318 72.5
      vertex -45.087402716741074 37.99668143959365 72.5
      vertex -46.229017499580046 39.56797938683583 75
    endloop
  endfacet
  facet normal 0.4303183736365828 -0.6626321868486317 0.6129801646570355
    outer loop
      vertex -45.087402716741074 37.99668143959365 72.5
      vertex -44.925 38.10214699700121 72.5
      vertex -45.8961155378486 39.78416844857457 75
    endloop
  endfacet
  facet normal 0.3586971203578626 -0.7039827367087977 0.6129801646570372
    outer loop
      vertex -44.925 38.10214699700121 72.5
      vertex -44.75246278969023 38.19005909663881 72.5
      vertex -45.54243933749681 39.964375473534304 75
    endloop
  endfacet
  facet normal 0.2831459063663293 -0.737620304387713 0.6129801646570363
    outer loop
      vertex -44.75246278969023 38.19005909663881 72.5
      vertex -44.571681439593654 38.259454555146036 72.5
      vertex -45.17186384898723 40.10662607583881 75
    endloop
  endfacet
  facet normal 0.20449248657252583 -0.7631763496547938 0.6129801646570378
    outer loop
      vertex -44.571681439593654 38.259454555146036 72.5
      vertex -44.384636628012856 38.30957306135754 72.5
      vertex -44.78844917491986 40.20936172812141 75
    endloop
  endfacet
  facet normal 0.12359860430307089 -0.780370875130131 0.6129801646570354
    outer loop
      vertex -44.384636628012856 38.30957306135754 72.5
      vertex -44.19337765704516 38.33986550643131 72.5
      vertex -44.396396086698466 40.271456837076855 75
    endloop
  endfacet
  facet normal 0.04135054986015233 -0.7890154939944433 0.6129801646570366
    outer loop
      vertex -44.19337765704516 38.33986550643131 72.5
      vertex -44 38.35 72.5
      vertex -44 40.29223107569721 75
    endloop
  endfacet
  facet normal -0.04135054986015237 -0.7890154939944439 0.6129801646570358
    outer loop
      vertex -44 38.35 72.5
      vertex -43.80662234295484 38.33986550643131 72.5
      vertex -43.603603913301534 40.271456837076855 75
    endloop
  endfacet
  facet normal -0.4539904916265432 0.8910065283221495 0
    outer loop
      vertex -47 41.69615242630243 70
      vertex -47 41.69615242630243 75
      vertex -46.44041986018419 41.981272742152214 75
    endloop
  endfacet
  facet normal -0.3583679532441575 0.9335804250773435 0
    outer loop
      vertex -46.44041986018419 41.981272742152214 70
      vertex -46.44041986018419 41.981272742152214 75
      vertex -45.854101963341236 42.206339098513126 75
    endloop
  endfacet
  facet normal -0.25881904950851087 0.9659258251084867 0
    outer loop
      vertex -45.854101963341236 42.206339098513126 70
      vertex -45.854101963341236 42.206339098513126 75
      vertex -45.247470147907734 42.36888560652733 75
    endloop
  endfacet
  facet normal -0.15643445553477123 0.9876883421006546 0
    outer loop
      vertex -45.247470147907734 42.36888560652733 70
      vertex -45.247470147907734 42.36888560652733 75
      vertex -44.62717077881098 42.4671313688159 75
    endloop
  endfacet
  facet normal -0.052335961698072614 0.9986295344686827 0
    outer loop
      vertex -44.62717077881098 42.4671313688159 70
      vertex -44.62717077881098 42.4671313688159 75
      vertex -44 42.5 75
    endloop
  endfacet
  facet normal -0.12359860430307089 0.780370875130131 0.6129801646570354
    outer loop
      vertex -43.80662234295484 34.66013449356869 72.5
      vertex -43.603603913301534 32.728543162923145 75
      vertex -43.615363371987144 34.69042693864246 72.5
    endloop
  endfacet
  facet normal -0.20449248657252583 0.7631763496547938 0.6129801646570378
    outer loop
      vertex -43.615363371987144 34.69042693864246 72.5
      vertex -43.21155082508014 32.79063827187859 75
      vertex -43.428318560406346 34.740545444853964 72.5
    endloop
  endfacet
  facet normal -0.2831459063663293 0.737620304387713 0.6129801646570363
    outer loop
      vertex -43.428318560406346 34.740545444853964 72.5
      vertex -42.82813615101277 32.89337392416119 75
      vertex -43.24753721030977 34.80994090336119 72.5
    endloop
  endfacet
  facet normal -0.3586971203578626 0.7039827367087977 0.6129801646570372
    outer loop
      vertex -43.24753721030977 34.80994090336119 72.5
      vertex -42.45756066250319 33.035624526465696 75
      vertex -43.075 34.89785300299879 72.5
    endloop
  endfacet
  facet normal -0.4303183736365828 0.6626321868486317 0.6129801646570355
    outer loop
      vertex -43.075 34.89785300299879 72.5
      vertex -42.1038844621514 33.21583155142543 75
      vertex -42.912597283258926 35.00331856040635 72.5
    endloop
  endfacet
  facet normal -0.49722496876380934 0.6140217000846631 0.6129801646570378
    outer loop
      vertex -42.912597283258926 35.00331856040635 72.5
      vertex -41.770982500419954 33.43202061316417 75
      vertex -42.762108378236114 35.12518207286682 72.5
    endloop
  endfacet
  facet normal -0.5586838630822585 0.5586838630822585 0.6129801646570373
    outer loop
      vertex -42.762108378236114 35.12518207286682 72.5
      vertex -41.46250212086582 33.68182309908104 75
      vertex -42.62518207286682 35.262108378236114 72.5
    endloop
  endfacet
  facet normal -0.6140217000846633 0.4972249687638095 0.6129801646570373
    outer loop
      vertex -42.62518207286682 35.262108378236114 72.5
      vertex -41.18182309908104 33.96250212086582 75
      vertex -42.50331856040635 35.412597283258926 72.5
    endloop
  endfacet
  facet normal -0.6626321868486301 0.43031837363658176 0.6129801646570378
    outer loop
      vertex -42.50331856040635 35.412597283258926 72.5
      vertex -40.93202061316417 34.270982500419954 75
      vertex -42.39785300299879 35.575 72.5
    endloop
  endfacet
  facet normal -0.703982736708799 0.35869712035786316 0.6129801646570356
    outer loop
      vertex -42.39785300299879 35.575 72.5
      vertex -40.71583155142543 34.6038844621514 75
      vertex -42.30994090336119 35.74753721030977 72.5
    endloop
  endfacet
  facet normal -0.7376203043877123 0.2831459063663291 0.6129801646570374
    outer loop
      vertex -42.30994090336119 35.74753721030977 72.5
      vertex -40.535624526465696 34.95756066250319 75
      vertex -42.240545444853964 35.928318560406346 72.5
    endloop
  endfacet
  facet normal -0.763176349654795 0.20449248657252617 0.6129801646570364
    outer loop
      vertex -42.240545444853964 35.928318560406346 72.5
      vertex -40.39337392416119 35.32813615101277 75
      vertex -42.19042693864246 36.115363371987144 72.5
    endloop
  endfacet
  facet normal -0.780370875130129 0.12359860430307058 0.612980164657038
    outer loop
      vertex -42.19042693864246 36.115363371987144 72.5
      vertex -40.29063827187859 35.71155082508014 75
      vertex -42.16013449356869 36.30662234295484 72.5
    endloop
  endfacet
  facet normal -0.7890154939944439 0.04135054986015237 0.6129801646570358
    outer loop
      vertex -42.16013449356869 36.30662234295484 72.5
      vertex -40.228543162923145 36.103603913301534 75
      vertex -42.15 36.5 72.5
    endloop
  endfacet
  facet normal -0.7890154939944433 -0.04135054986015233 0.6129801646570366
    outer loop
      vertex -42.15 36.5 72.5
      vertex -40.20776892430279 36.5 75
      vertex -42.16013449356869 36.69337765704516 72.5
    endloop
  endfacet
  facet normal -0.780370875130131 -0.12359860430307089 0.6129801646570354
    outer loop
      vertex -42.19042693864246 36.884636628012856 72.5
      vertex -42.16013449356869 36.69337765704516 72.5
      vertex -40.228543162923145 36.896396086698466 75
    endloop
  endfacet
  facet normal -0.7631763496547938 -0.20449248657252583 0.6129801646570378
    outer loop
      vertex -42.19042693864246 36.884636628012856 72.5
      vertex -40.29063827187859 37.28844917491986 75
      vertex -42.240545444853964 37.071681439593654 72.5
    endloop
  endfacet
  facet normal -0.5586838630822585 -0.5586838630822585 0.6129801646570373
    outer loop
      vertex -42.62518207286682 37.737891621763886 72.5
      vertex -41.18182309908104 39.03749787913418 75
      vertex -42.762108378236114 37.87481792713318 72.5
    endloop
  endfacet
  facet normal -0.4972249687638095 -0.6140217000846633 0.6129801646570373
    outer loop
      vertex -42.912597283258926 37.99668143959365 72.5
      vertex -42.762108378236114 37.87481792713318 72.5
      vertex -41.46250212086582 39.31817690091896 75
    endloop
  endfacet
  facet normal -0.12359860430307058 -0.780370875130129 0.612980164657038
    outer loop
      vertex -43.80662234295484 38.33986550643131 72.5
      vertex -43.615363371987144 38.30957306135754 72.5
      vertex -43.21155082508014 40.20936172812141 75
    endloop
  endfacet
  facet normal -0.2831459063663291 -0.7376203043877123 0.6129801646570374
    outer loop
      vertex -43.428318560406346 38.259454555146036 72.5
      vertex -43.24753721030977 38.19005909663881 72.5
      vertex -42.45756066250319 39.964375473534304 75
    endloop
  endfacet
  facet normal -0.20449248657252625 -0.7631763496547952 0.612980164657036
    outer loop
      vertex -43.615363371987144 38.30957306135754 72.5
      vertex -43.428318560406346 38.259454555146036 72.5
      vertex -42.82813615101278 40.10662607583881 75
    endloop
  endfacet
  facet normal -0.35869712035786316 -0.703982736708799 0.6129801646570356
    outer loop
      vertex -43.075 38.10214699700121 72.5
      vertex -42.1038844621514 39.78416844857457 75
      vertex -43.24753721030977 38.19005909663881 72.5
    endloop
  endfacet
  facet normal -0.4303183736365819 -0.6626321868486302 0.6129801646570379
    outer loop
      vertex -43.075 38.10214699700121 72.5
      vertex -42.912597283258926 37.99668143959365 72.5
      vertex -41.770982500419954 39.56797938683583 75
    endloop
  endfacet
  facet normal -0.6626321868486317 -0.4303183736365828 0.6129801646570355
    outer loop
      vertex -42.39785300299879 37.425 72.5
      vertex -40.71583155142543 38.3961155378486 75
      vertex -42.50331856040635 37.587402716741074 72.5
    endloop
  endfacet
  facet normal -0.737620304387713 -0.2831459063663293 0.6129801646570363
    outer loop
      vertex -42.240545444853964 37.071681439593654 72.5
      vertex -40.39337392416119 37.67186384898723 75
      vertex -42.30994090336119 37.25246278969023 72.5
    endloop
  endfacet
  facet normal -0.7039827367087977 -0.3586971203578626 0.6129801646570372
    outer loop
      vertex -42.39785300299879 37.425 72.5
      vertex -42.30994090336119 37.25246278969023 72.5
      vertex -40.535624526465696 38.04243933749681 75
    endloop
  endfacet
  facet normal -0.6140217000846631 -0.49722496876380934 0.6129801646570378
    outer loop
      vertex -42.62518207286682 37.737891621763886 72.5
      vertex -42.50331856040635 37.587402716741074 72.5
      vertex -40.93202061316417 38.729017499580046 75
    endloop
  endfacet
  facet normal 0.7376203043877161 0.2831459063663196 0.6129801646570372
    outer loop
      vertex -45.69005909663881 35.74753721030977 72.5
      vertex -47.60662607583881 35.32813615101277 75
      vertex -47.464375473534304 34.95756066250319 75
    endloop
  endfacet
  facet normal 0.7631763496547908 0.20449248657254052 0.6129801646570368
    outer loop
      vertex -45.759454555146036 35.928318560406346 72.5
      vertex -47.70936172812141 35.71155082508014 75
      vertex -47.60662607583881 35.32813615101277 75
    endloop
  endfacet
  facet normal 0.7803708751301337 0.12359860430304473 0.6129801646570373
    outer loop
      vertex -45.80957306135754 36.115363371987144 72.5
      vertex -47.771456837076855 36.103603913301534 75
      vertex -47.70936172812141 35.71155082508014 75
    endloop
  endfacet
  facet normal 0.7890154939944433 0.041350549860161276 0.612980164657036
    outer loop
      vertex -45.83986550643131 36.30662234295484 72.5
      vertex -47.79223107569721 36.5 75
      vertex -47.771456837076855 36.103603913301534 75
    endloop
  endfacet
  facet normal 0.789015493994443 -0.04135054986016126 0.6129801646570364
    outer loop
      vertex -45.85 36.5 72.5
      vertex -47.771456837076855 36.896396086698466 75
      vertex -47.79223107569721 36.5 75
    endloop
  endfacet
  facet normal 0.7803708751301347 -0.12359860430304488 0.6129801646570361
    outer loop
      vertex -45.83986550643131 36.69337765704516 72.5
      vertex -47.70936172812141 37.28844917491986 75
      vertex -47.771456837076855 36.896396086698466 75
    endloop
  endfacet
  facet normal 0.6140217000846602 0.49722496876381317 0.6129801646570373
    outer loop
      vertex -45.37481792713318 35.262108378236114 72.5
      vertex -47.06797938683583 34.270982500419954 75
      vertex -46.81817690091896 33.96250212086582 75
    endloop
  endfacet
  facet normal 0.5586838630822585 0.5586838630822585 0.6129801646570372
    outer loop
      vertex -45.237891621763886 35.12518207286682 72.5
      vertex -46.81817690091896 33.96250212086582 75
      vertex -46.53749787913418 33.68182309908104 75
    endloop
  endfacet
  facet normal 0.4303183736365638 0.6626321868486437 0.6129801646570361
    outer loop
      vertex -44.925 34.89785300299879 72.5
      vertex -46.229017499580046 33.43202061316417 75
      vertex -45.8961155378486 33.21583155142543 75
    endloop
  endfacet
  facet normal 0.35869712035787743 0.7039827367087906 0.6129801646570368
    outer loop
      vertex -44.75246278969023 34.80994090336119 72.5
      vertex -45.8961155378486 33.21583155142543 75
      vertex -45.54243933749681 33.035624526465696 75
    endloop
  endfacet
  facet normal 0.497224968763813 0.61402170008466 0.6129801646570378
    outer loop
      vertex -45.087402716741074 35.00331856040635 72.5
      vertex -46.53749787913418 33.68182309908104 75
      vertex -46.229017499580046 33.43202061316417 75
    endloop
  endfacet
  facet normal 0.28314590636631976 0.7376203043877165 0.6129801646570366
    outer loop
      vertex -44.571681439593654 34.740545444853964 72.5
      vertex -45.54243933749681 33.035624526465696 75
      vertex -45.17186384898723 32.89337392416119 75
    endloop
  endfacet
  facet normal 0.2044924865725404 0.7631763496547903 0.6129801646570374
    outer loop
      vertex -44.384636628012856 34.69042693864246 72.5
      vertex -45.17186384898723 32.89337392416119 75
      vertex -44.78844917491986 32.79063827187859 75
    endloop
  endfacet
  facet normal 0.12359860430304488 0.7803708751301347 0.6129801646570361
    outer loop
      vertex -44.19337765704516 34.66013449356869 72.5
      vertex -44.78844917491986 32.79063827187859 75
      vertex -44.396396086698466 32.728543162923145 75
    endloop
  endfacet
  facet normal 0.04135054986016126 0.789015493994443 0.6129801646570364
    outer loop
      vertex -44 34.65 72.5
      vertex -44.396396086698466 32.728543162923145 75
      vertex -44 32.70776892430279 75
    endloop
  endfacet
  facet normal -0.041350549860161276 0.7890154939944433 0.612980164657036
    outer loop
      vertex -43.80662234295484 34.66013449356869 72.5
      vertex -44 32.70776892430279 75
      vertex -43.603603913301534 32.728543162923145 75
    endloop
  endfacet
  facet normal 0.6626321868486429 0.43031837363656333 0.6129801646570372
    outer loop
      vertex -45.49668143959365 35.412597283258926 72.5
      vertex -47.28416844857457 34.6038844621514 75
      vertex -47.06797938683583 34.270982500419954 75
    endloop
  endfacet
  facet normal 0.7039827367087911 0.35869712035787765 0.612980164657036
    outer loop
      vertex -45.60214699700121 35.575 72.5
      vertex -47.464375473534304 34.95756066250319 75
      vertex -47.28416844857457 34.6038844621514 75
    endloop
  endfacet
  facet normal 0.7631763496547903 -0.2044924865725404 0.6129801646570374
    outer loop
      vertex -45.80957306135754 36.884636628012856 72.5
      vertex -47.60662607583881 37.67186384898723 75
      vertex -47.70936172812141 37.28844917491986 75
    endloop
  endfacet
  facet normal 0.7376203043877165 -0.28314590636631976 0.6129801646570366
    outer loop
      vertex -45.759454555146036 37.071681439593654 72.5
      vertex -47.464375473534304 38.04243933749681 75
      vertex -47.60662607583881 37.67186384898723 75
    endloop
  endfacet
  facet normal 0.7039827367087906 -0.35869712035787743 0.6129801646570368
    outer loop
      vertex -45.69005909663881 37.25246278969023 72.5
      vertex -47.28416844857457 38.3961155378486 75
      vertex -47.464375473534304 38.04243933749681 75
    endloop
  endfacet
  facet normal 0.6626321868486437 -0.4303183736365638 0.6129801646570361
    outer loop
      vertex -45.60214699700121 37.425 72.5
      vertex -47.06797938683583 38.729017499580046 75
      vertex -47.28416844857457 38.3961155378486 75
    endloop
  endfacet
  facet normal 0.61402170008466 -0.497224968763813 0.6129801646570378
    outer loop
      vertex -45.49668143959365 37.587402716741074 72.5
      vertex -46.81817690091896 39.03749787913418 75
      vertex -47.06797938683583 38.729017499580046 75
    endloop
  endfacet
  facet normal 0.5586838630822585 -0.5586838630822585 0.6129801646570372
    outer loop
      vertex -45.37481792713318 37.737891621763886 72.5
      vertex -46.53749787913418 39.31817690091896 75
      vertex -46.81817690091896 39.03749787913418 75
    endloop
  endfacet
  facet normal 0.49722496876381317 -0.6140217000846602 0.6129801646570373
    outer loop
      vertex -45.237891621763886 37.87481792713318 72.5
      vertex -46.229017499580046 39.56797938683583 75
      vertex -46.53749787913418 39.31817690091896 75
    endloop
  endfacet
  facet normal 0.43031837363656333 -0.6626321868486429 0.6129801646570372
    outer loop
      vertex -45.087402716741074 37.99668143959365 72.5
      vertex -45.8961155378486 39.78416844857457 75
      vertex -46.229017499580046 39.56797938683583 75
    endloop
  endfacet
  facet normal 0.35869712035787765 -0.7039827367087911 0.612980164657036
    outer loop
      vertex -44.925 38.10214699700121 72.5
      vertex -45.54243933749681 39.964375473534304 75
      vertex -45.8961155378486 39.78416844857457 75
    endloop
  endfacet
  facet normal 0.2831459063663196 -0.7376203043877161 0.6129801646570372
    outer loop
      vertex -44.75246278969023 38.19005909663881 72.5
      vertex -45.17186384898723 40.10662607583881 75
      vertex -45.54243933749681 39.964375473534304 75
    endloop
  endfacet
  facet normal 0.20449248657254052 -0.7631763496547908 0.6129801646570368
    outer loop
      vertex -44.571681439593654 38.259454555146036 72.5
      vertex -44.78844917491986 40.20936172812141 75
      vertex -45.17186384898723 40.10662607583881 75
    endloop
  endfacet
  facet normal 0.12359860430304473 -0.7803708751301337 0.6129801646570373
    outer loop
      vertex -44.384636628012856 38.30957306135754 72.5
      vertex -44.396396086698466 40.271456837076855 75
      vertex -44.78844917491986 40.20936172812141 75
    endloop
  endfacet
  facet normal 0.041350549860161276 -0.7890154939944433 0.612980164657036
    outer loop
      vertex -44.19337765704516 38.33986550643131 72.5
      vertex -44 40.29223107569721 75
      vertex -44.396396086698466 40.271456837076855 75
    endloop
  endfacet
  facet normal -0.04135054986016126 -0.789015493994443 0.6129801646570364
    outer loop
      vertex -44 38.35 72.5
      vertex -43.603603913301534 40.271456837076855 75
      vertex -44 40.29223107569721 75
    endloop
  endfacet
  facet normal -0.12359860430304473 0.7803708751301337 0.6129801646570373
    outer loop
      vertex -43.615363371987144 34.69042693864246 72.5
      vertex -43.603603913301534 32.728543162923145 75
      vertex -43.21155082508014 32.79063827187859 75
    endloop
  endfacet
  facet normal -0.20449248657254052 0.7631763496547908 0.6129801646570368
    outer loop
      vertex -43.428318560406346 34.740545444853964 72.5
      vertex -43.21155082508014 32.79063827187859 75
      vertex -42.82813615101277 32.89337392416119 75
    endloop
  endfacet
  facet normal -0.2831459063663196 0.7376203043877161 0.6129801646570372
    outer loop
      vertex -43.24753721030977 34.80994090336119 72.5
      vertex -42.82813615101277 32.89337392416119 75
      vertex -42.45756066250319 33.035624526465696 75
    endloop
  endfacet
  facet normal -0.35869712035787765 0.7039827367087911 0.612980164657036
    outer loop
      vertex -43.075 34.89785300299879 72.5
      vertex -42.45756066250319 33.035624526465696 75
      vertex -42.1038844621514 33.21583155142543 75
    endloop
  endfacet
  facet normal -0.43031837363656333 0.6626321868486429 0.6129801646570372
    outer loop
      vertex -42.912597283258926 35.00331856040635 72.5
      vertex -42.1038844621514 33.21583155142543 75
      vertex -41.770982500419954 33.43202061316417 75
    endloop
  endfacet
  facet normal -0.49722496876381317 0.6140217000846602 0.6129801646570373
    outer loop
      vertex -42.762108378236114 35.12518207286682 72.5
      vertex -41.770982500419954 33.43202061316417 75
      vertex -41.46250212086582 33.68182309908104 75
    endloop
  endfacet
  facet normal -0.5586838630822585 0.5586838630822585 0.6129801646570372
    outer loop
      vertex -42.62518207286682 35.262108378236114 72.5
      vertex -41.46250212086582 33.68182309908104 75
      vertex -41.18182309908104 33.96250212086582 75
    endloop
  endfacet
  facet normal -0.61402170008466 0.497224968763813 0.6129801646570378
    outer loop
      vertex -42.50331856040635 35.412597283258926 72.5
      vertex -41.18182309908104 33.96250212086582 75
      vertex -40.93202061316417 34.270982500419954 75
    endloop
  endfacet
  facet normal -0.6626321868486437 0.4303183736365638 0.6129801646570361
    outer loop
      vertex -42.39785300299879 35.575 72.5
      vertex -40.93202061316417 34.270982500419954 75
      vertex -40.71583155142543 34.6038844621514 75
    endloop
  endfacet
  facet normal -0.7039827367087906 0.35869712035787743 0.6129801646570368
    outer loop
      vertex -42.30994090336119 35.74753721030977 72.5
      vertex -40.71583155142543 34.6038844621514 75
      vertex -40.535624526465696 34.95756066250319 75
    endloop
  endfacet
  facet normal -0.7376203043877165 0.28314590636631976 0.6129801646570366
    outer loop
      vertex -42.240545444853964 35.928318560406346 72.5
      vertex -40.535624526465696 34.95756066250319 75
      vertex -40.39337392416119 35.32813615101277 75
    endloop
  endfacet
  facet normal -0.7631763496547903 0.2044924865725404 0.6129801646570374
    outer loop
      vertex -42.19042693864246 36.115363371987144 72.5
      vertex -40.39337392416119 35.32813615101277 75
      vertex -40.29063827187859 35.71155082508014 75
    endloop
  endfacet
  facet normal -0.7803708751301347 0.12359860430304488 0.6129801646570361
    outer loop
      vertex -42.16013449356869 36.30662234295484 72.5
      vertex -40.29063827187859 35.71155082508014 75
      vertex -40.228543162923145 36.103603913301534 75
    endloop
  endfacet
  facet normal -0.789015493994443 0.04135054986016126 0.6129801646570364
    outer loop
      vertex -42.15 36.5 72.5
      vertex -40.228543162923145 36.103603913301534 75
      vertex -40.20776892430279 36.5 75
    endloop
  endfacet
  facet normal -0.7890154939944433 -0.041350549860161276 0.612980164657036
    outer loop
      vertex -42.16013449356869 36.69337765704516 72.5
      vertex -40.20776892430279 36.5 75
      vertex -40.228543162923145 36.896396086698466 75
    endloop
  endfacet
  facet normal -0.7803708751301337 -0.12359860430304473 0.6129801646570373
    outer loop
      vertex -42.19042693864246 36.884636628012856 72.5
      vertex -40.228543162923145 36.896396086698466 75
      vertex -40.29063827187859 37.28844917491986 75
    endloop
  endfacet
  facet normal -0.12359860430304488 -0.7803708751301347 0.6129801646570361
    outer loop
      vertex -43.80662234295484 38.33986550643131 72.5
      vertex -43.21155082508014 40.20936172812141 75
      vertex -43.603603913301534 40.271456837076855 75
    endloop
  endfacet
  facet normal -0.20449248657254393 -0.7631763496547893 0.6129801646570374
    outer loop
      vertex -43.615363371987144 38.30957306135754 72.5
      vertex -42.82813615101278 40.10662607583881 75
      vertex -43.21155082508014 40.20936172812141 75
    endloop
  endfacet
  facet normal -0.4303183736365638 -0.6626321868486437 0.6129801646570361
    outer loop
      vertex -43.075 38.10214699700121 72.5
      vertex -41.770982500419954 39.56797938683583 75
      vertex -42.1038844621514 39.78416844857457 75
    endloop
  endfacet
  facet normal -0.2831459063663151 -0.7376203043877185 0.6129801646570362
    outer loop
      vertex -43.428318560406346 38.259454555146036 72.5
      vertex -42.45756066250319 39.964375473534304 75
      vertex -42.82813615101278 40.10662607583881 75
    endloop
  endfacet
  facet normal -0.35869712035787743 -0.7039827367087906 0.6129801646570368
    outer loop
      vertex -43.24753721030977 38.19005909663881 72.5
      vertex -42.1038844621514 39.78416844857457 75
      vertex -42.45756066250319 39.964375473534304 75
    endloop
  endfacet
  facet normal -0.6140217000846602 -0.49722496876381317 0.6129801646570373
    outer loop
      vertex -42.62518207286682 37.737891621763886 72.5
      vertex -40.93202061316417 38.729017499580046 75
      vertex -41.18182309908104 39.03749787913418 75
    endloop
  endfacet
  facet normal -0.7376203043877161 -0.2831459063663196 0.6129801646570372
    outer loop
      vertex -42.30994090336119 37.25246278969023 72.5
      vertex -40.39337392416119 37.67186384898723 75
      vertex -40.535624526465696 38.04243933749681 75
    endloop
  endfacet
  facet normal -0.7631763496547908 -0.20449248657254052 0.6129801646570368
    outer loop
      vertex -42.240545444853964 37.071681439593654 72.5
      vertex -40.29063827187859 37.28844917491986 75
      vertex -40.39337392416119 37.67186384898723 75
    endloop
  endfacet
  facet normal -0.7039827367087911 -0.35869712035787765 0.612980164657036
    outer loop
      vertex -42.39785300299879 37.425 72.5
      vertex -40.535624526465696 38.04243933749681 75
      vertex -40.71583155142543 38.3961155378486 75
    endloop
  endfacet
  facet normal -0.6626321868486429 -0.43031837363656333 0.6129801646570372
    outer loop
      vertex -42.50331856040635 37.587402716741074 72.5
      vertex -40.71583155142543 38.3961155378486 75
      vertex -40.93202061316417 38.729017499580046 75
    endloop
  endfacet
  facet normal -0.5586838630822585 -0.5586838630822585 0.6129801646570372
    outer loop
      vertex -42.762108378236114 37.87481792713318 72.5
      vertex -41.18182309908104 39.03749787913418 75
      vertex -41.46250212086582 39.31817690091896 75
    endloop
  endfacet
  facet normal -0.497224968763813 -0.61402170008466 0.6129801646570378
    outer loop
      vertex -42.912597283258926 37.99668143959365 72.5
      vertex -41.46250212086582 39.31817690091896 75
      vertex -41.770982500419954 39.56797938683583 75
    endloop
  endfacet
  facet normal 0 0 1
    outer loop
      vertex -50 36.5 75
      vertex -47.771456837076855 36.896396086698466 75
      vertex -49.9671313688159 37.12717077881098 75
    endloop
  endfacet
  facet normal 0 0 1
    outer loop
      vertex -50 36.5 75
      vertex -47.771456837076855 36.103603913301534 75
      vertex -47.79223107569721 36.5 75
    endloop
  endfacet
  facet normal 0 0 1
    outer loop
      vertex -50 36.5 75
      vertex -47.79223107569721 36.5 75
      vertex -47.771456837076855 36.896396086698466 75
    endloop
  endfacet
  facet normal 0 0 1
    outer loop
      vertex -49.9671313688159 37.12717077881098 75
      vertex -47.771456837076855 36.896396086698466 75
      vertex -47.70936172812141 37.28844917491986 75
    endloop
  endfacet
  facet normal 0 0 1
    outer loop
      vertex -49.9671313688159 37.12717077881098 75
      vertex -47.70936172812141 37.28844917491986 75
      vertex -49.86888560652733 37.747470147907734 75
    endloop
  endfacet
  facet normal 0 0 1
    outer loop
      vertex -49.86888560652733 37.747470147907734 75
      vertex -47.464375473534304 38.04243933749681 75
      vertex -49.706339098513126 38.354101963341236 75
    endloop
  endfacet
  facet normal 0 0 1
    outer loop
      vertex -49.706339098513126 38.354101963341236 75
      vertex -47.28416844857457 38.3961155378486 75
      vertex -49.481272742152214 38.94041986018419 75
    endloop
  endfacet
  facet normal 0 0 1
    outer loop
      vertex -49.481272742152214 38.94041986018419 75
      vertex -46.81817690091896 39.03749787913418 75
      vertex -49.19615242630243 39.5 75
    endloop
  endfacet
  facet normal 0 0 1
    outer loop
      vertex -49.86888560652733 37.747470147907734 75
      vertex -47.70936172812141 37.28844917491986 75
      vertex -47.60662607583881 37.67186384898723 75
    endloop
  endfacet
  facet normal 0 0 1
    outer loop
      vertex -49.86888560652733 37.747470147907734 75
      vertex -47.60662607583881 37.67186384898723 75
      vertex -47.464375473534304 38.04243933749681 75
    endloop
  endfacet
  facet normal 0 0 1
    outer loop
      vertex -49.706339098513126 38.354101963341236 75
      vertex -47.464375473534304 38.04243933749681 75
      vertex -47.28416844857457 38.3961155378486 75
    endloop
  endfacet
  facet normal 0 0 1
    outer loop
      vertex -49.481272742152214 38.94041986018419 75
      vertex -47.28416844857457 38.3961155378486 75
      vertex -47.06797938683583 38.729017499580046 75
    endloop
  endfacet
  facet normal 0 0 1
    outer loop
      vertex -49.481272742152214 38.94041986018419 75
      vertex -47.06797938683583 38.729017499580046 75
      vertex -46.81817690091896 39.03749787913418 75
    endloop
  endfacet
  facet normal 0 0 1
    outer loop
      vertex -49.19615242630243 39.5 75
      vertex -46.229017499580046 39.56797938683583 75
      vertex -48.854101963341236 40.02671151608229 75
    endloop
  endfacet
  facet normal 0 0 1
    outer loop
      vertex -49.19615242630243 39.5 75
      vertex -46.81817690091896 39.03749787913418 75
      vertex -46.53749787913418 39.31817690091896 75
    endloop
  endfacet
  facet normal 0 0 1
    outer loop
      vertex -49.19615242630243 39.5 75
      vertex -46.53749787913418 39.31817690091896 75
      vertex -46.229017499580046 39.56797938683583 75
    endloop
  endfacet
  facet normal 0 0 1
    outer loop
      vertex -48.854101963341236 40.02671151608229 75
      vertex -46.229017499580046 39.56797938683583 75
      vertex -45.8961155378486 39.78416844857457 75
    endloop
  endfacet
  facet normal 0 0 1
    outer loop
      vertex -48.854101963341236 40.02671151608229 75
      vertex -45.17186384898723 40.10662607583881 75
      vertex -48.45886895060539 40.51478363573551 75
    endloop
  endfacet
  facet normal 0 0 1
    outer loop
      vertex -48.854101963341236 40.02671151608229 75
      vertex -45.8961155378486 39.78416844857457 75
      vertex -45.54243933749681 39.964375473534304 75
    endloop
  endfacet
  facet normal 0 0 1
    outer loop
      vertex -48.854101963341236 40.02671151608229 75
      vertex -45.54243933749681 39.964375473534304 75
      vertex -45.17186384898723 40.10662607583881 75
    endloop
  endfacet
  facet normal 0 0 1
    outer loop
      vertex -48.45886895060539 40.51478363573551 75
      vertex -45.17186384898723 40.10662607583881 75
      vertex -44.78844917491986 40.20936172812141 75
    endloop
  endfacet
  facet normal 0 0 1
    outer loop
      vertex -48.45886895060539 40.51478363573551 75
      vertex -44.78844917491986 40.20936172812141 75
      vertex -44.396396086698466 40.271456837076855 75
    endloop
  endfacet
  facet normal 0 0 1
    outer loop
      vertex -48.45886895060539 40.51478363573551 75
      vertex -44.396396086698466 40.271456837076855 75
      vertex -44 40.29223107569721 75
    endloop
  endfacet
  facet normal 0 0 1
    outer loop
      vertex -45.247470147907734 42.36888560652733 75
      vertex -44 42.5 75
      vertex -44.62717077881098 42.4671313688159 75
    endloop
  endfacet
  facet normal 0 0 -1
    outer loop
      vertex -48.20000000298023 -27.559663757681847 73.1
      vertex -48.20000000298023 27.559663757681847 73.1
      vertex 43.6211738884449 32.72095795720816 73.1
    endloop
  endfacet
  facet normal 0 0 1
    outer loop
      vertex -44.78844917491986 -32.79063827187859 75
      vertex 40.71583155142543 34.6038844621514 75
      vertex -43.603603913301534 32.728543162923145 75
    endloop
  endfacet
  facet normal 0 0 -1
    outer loop
      vertex -48.20000000298023 27.559663757681847 73.1
      vertex -48.196984976530075 27.674802839756012 73.1
      vertex 43.6211738884449 32.72095795720816 73.1
    endloop
  endfacet
  facet normal 0 0 -1
    outer loop
      vertex -48.196984976530075 27.674802839756012 73.1
      vertex -48.180550672113895 27.9883881136775 73.1
      vertex 43.6211738884449 32.72095795720816 73.1
    endloop
  endfacet
  facet normal 0 0 -1
    outer loop
      vertex -48.180550672113895 27.9883881136775 73.1
      vertex -48.15648005902767 28.217404760420322 73.1
      vertex 43.6211738884449 32.72095795720816 73.1
    endloop
  endfacet
  facet normal 0 0 -1
    outer loop
      vertex -48.15648005902767 28.217404760420322 73.1
      vertex -48.10735718905926 28.52755445986986 73.1
      vertex 43.6211738884449 32.72095795720816 73.1
    endloop
  endfacet
  facet normal 0 0 -1
    outer loop
      vertex -48.10735718905926 28.52755445986986 73.1
      vertex -48.05947966128588 28.752800539135933 73.1
      vertex 43.6211738884449 32.72095795720816 73.1
    endloop
  endfacet
  facet normal 0 0 -1
    outer loop
      vertex -48.05947966128588 28.752800539135933 73.1
      vertex -47.97820641845465 29.056116454303265 73.1
      vertex 43.6211738884449 32.72095795720816 73.1
    endloop
  endfacet
  facet normal 0 0 -1
    outer loop
      vertex -47.97820641845465 29.056116454303265 73.1
      vertex -47.90704656392336 29.27512401342392 73.1
      vertex 43.6211738884449 32.72095795720816 73.1
    endloop
  endfacet
  facet normal 0 0 -1
    outer loop
      vertex -47.90704656392336 29.27512401342392 73.1
      vertex -47.794513404369354 29.568282961845398 73.1
      vertex 43.6211738884449 32.72095795720816 73.1
    endloop
  endfacet
  facet normal 0 0 -1
    outer loop
      vertex -47.794513404369354 29.568282961845398 73.1
      vertex -47.70085081458092 29.778652608394623 73.1
      vertex 43.6211738884449 32.72095795720816 73.1
    endloop
  endfacet
  facet normal 0 0 -1
    outer loop
      vertex -47.70085081458092 29.778652608394623 73.1
      vertex -47.55829066038132 30.058442689478397 73.1
      vertex 43.6211738884449 32.72095795720816 73.1
    endloop
  endfacet
  facet normal 0 0 -1
    outer loop
      vertex -47.55829066038132 30.058442689478397 73.1
      vertex -47.44315156340599 30.257869467139244 73.1
      vertex 43.6211738884449 32.72095795720816 73.1
    endloop
  endfacet
  facet normal 0 0 -1
    outer loop
      vertex -47.44315156340599 30.257869467139244 73.1
      vertex -47.27212633192539 30.52122525125742 73.1
      vertex 43.6211738884449 32.72095795720816 73.1
    endloop
  endfacet
  facet normal 0 0 -1
    outer loop
      vertex -47.27212633192539 30.52122525125742 73.1
      vertex -47.13677220791578 30.707524232566357 73.1
      vertex 43.6211738884449 32.72095795720816 73.1
    endloop
  endfacet
  facet normal 0 0 -1
    outer loop
      vertex -47.13677220791578 30.707524232566357 73.1
      vertex -46.93915570527315 30.95156030356884 73.1
      vertex 43.6211738884449 32.72095795720816 73.1
    endloop
  endfacet
  facet normal 0 0 -1
    outer loop
      vertex -46.93915570527315 30.95156030356884 73.1
      vertex -46.785069547593594 31.122690334916115 73.1
      vertex 43.6211738884449 32.72095795720816 73.1
    endloop
  endfacet
  facet normal 0 0 -1
    outer loop
      vertex -46.785069547593594 31.122690334916115 73.1
      vertex -46.56302689015865 31.344733014702797 73.1
      vertex 43.6211738884449 32.72095795720816 73.1
    endloop
  endfacet
  facet normal 0 0 -1
    outer loop
      vertex -46.56302689015865 31.344733014702797 73.1
      vertex -46.39189683645964 31.49881921708584 73.1
      vertex 43.6211738884449 32.72095795720816 73.1
    endloop
  endfacet
  facet normal 0 0 -1
    outer loop
      vertex -46.39189683645964 31.49881921708584 73.1
      vertex -46.147860780358315 31.69643573462963 73.1
      vertex 43.6211738884449 32.72095795720816 73.1
    endloop
  endfacet
  facet normal 0 0 -1
    outer loop
      vertex -46.147860780358315 31.69643573462963 73.1
      vertex -45.9615617915988 31.831789888441563 73.1
      vertex 43.6211738884449 32.72095795720816 73.1
    endloop
  endfacet
  facet normal 0 0 -1
    outer loop
      vertex -45.9615617915988 31.831789888441563 73.1
      vertex -45.698206037282944 32.00281512737274 73.1
      vertex 43.6211738884449 32.72095795720816 73.1
    endloop
  endfacet
  facet normal 0 0 -1
    outer loop
      vertex -45.698206037282944 32.00281512737274 73.1
      vertex -45.498779252171516 32.11795423924923 73.1
      vertex 43.6211738884449 32.72095795720816 73.1
    endloop
  endfacet
  facet normal 0 0 -1
    outer loop
      vertex -45.498779252171516 32.11795423924923 73.1
      vertex -45.2189891859889 32.26051440834999 73.1
      vertex 43.6211738884449 32.72095795720816 73.1
    endloop
  endfacet
  facet normal 0 0 -1
    outer loop
      vertex -45.2189891859889 32.26051440834999 73.1
      vertex -45.008619613945484 32.35417698323727 73.1
      vertex 43.6211738884449 32.72095795720816 73.1
    endloop
  endfacet
  facet normal 0 0 -1
    outer loop
      vertex -45.008619613945484 32.35417698323727 73.1
      vertex -44.715460658073425 32.466710180044174 73.1
      vertex 43.6211738884449 32.72095795720816 73.1
    endloop
  endfacet
  facet normal 0 0 -1
    outer loop
      vertex -44.715460658073425 32.466710180044174 73.1
      vertex -44.49645306915045 32.537870071828365 73.1
      vertex 43.6211738884449 32.72095795720816 73.1
    endloop
  endfacet
  facet normal 0 0 -1
    outer loop
      vertex -44.49645306915045 32.537870071828365 73.1
      vertex -44.1931371614337 32.61914333701134 73.1
      vertex 43.6211738884449 32.72095795720816 73.1
    endloop
  endfacet
  facet normal 0 0 -1
    outer loop
      vertex -44.1931371614337 32.61914333701134 73.1
      vertex -43.967891067266464 32.66702087968588 73.1
      vertex 43.6211738884449 32.72095795720816 73.1
    endloop
  endfacet
  facet normal 0 0 -1
    outer loop
      vertex -43.967891067266464 32.66702087968588 73.1
      vertex -43.65774139016867 32.716143772006035 73.1
      vertex 43.6211738884449 32.72095795720816 73.1
    endloop
  endfacet
  facet normal 0 0 -1
    outer loop
      vertex -43.62117379158735 32.7209579795599 73.1
      vertex 43.6211738884449 32.72095795720816 73.1
      vertex -43.65774139016867 32.716143772006035 73.1
    endloop
  endfacet
  facet normal 0 0 -1
    outer loop
      vertex -43.62117379158735 32.7209579795599 73.1
      vertex -43.23117606341839 32.78272754698992 73.1
      vertex 43.6211738884449 32.72095795720816 73.1
    endloop
  endfacet
  facet normal 0 0 -1
    outer loop
      vertex -43.23117606341839 32.78272754698992 73.1
      vertex -43.19040474295616 32.791393756866455 73.1
      vertex 43.23117606341839 32.78272754698992 73.1
    endloop
  endfacet
  facet normal 0 0 -1
    outer loop
      vertex -43.19040474295616 32.791393756866455 73.1
      vertex -42.84682697057724 32.88345514982939 73.1
      vertex 43.19040474295616 32.791393756866455 73.1
    endloop
  endfacet
  facet normal 0 0 -1
    outer loop
      vertex -42.84682697057724 32.88345514982939 73.1
      vertex -42.807184778153896 32.89633567631245 73.1
      vertex 43.19040474295616 32.791393756866455 73.1
    endloop
  endfacet
  facet normal 0 0 -1
    outer loop
      vertex -42.807184778153896 32.89633567631245 73.1
      vertex -42.4751123636961 33.02380633354187 73.1
      vertex 43.19040474295616 32.791393756866455 73.1
    endloop
  endfacet
  facet normal 0 0 -1
    outer loop
      vertex -42.4751123636961 33.02380633354187 73.1
      vertex -42.43703365325928 33.040760070085526 73.1
      vertex 43.19040474295616 32.791393756866455 73.1
    endloop
  endfacet
  facet normal 0 0 -1
    outer loop
      vertex -42.43703365325928 33.040760070085526 73.1
      vertex -42.12010455876589 33.20224350690842 73.1
      vertex 43.19040474295616 32.791393756866455 73.1
    endloop
  endfacet
  facet normal 0 0 -1
    outer loop
      vertex -42.084006763994694 33.22308457642794 73.1
      vertex 43.19040474295616 32.791393756866455 73.1
      vertex -42.12010455876589 33.20224350690842 73.1
    endloop
  endfacet
  facet normal 0 0 -1
    outer loop
      vertex -42.084006763994694 33.22308457642794 73.1
      vertex -41.78569335490465 33.41681157797575 73.1
      vertex 43.19040474295616 32.791393756866455 73.1
    endloop
  endfacet
  facet normal 0 0 -1
    outer loop
      vertex -41.751972027122974 33.44131155312061 73.1
      vertex 43.19040474295616 32.791393756866455 73.1
      vertex -41.78569335490465 33.41681157797575 73.1
    endloop
  endfacet
  facet normal 0 0 -1
    outer loop
      vertex -41.751972027122974 33.44131155312061 73.1
      vertex -41.47554263472557 33.66515966504812 73.1
      vertex 43.19040474295616 32.791393756866455 73.1
    endloop
  endfacet
  facet normal 0 0 -1
    outer loop
      vertex -41.444566778838634 33.69305045157671 73.1
      vertex 43.19040474295616 32.791393756866455 73.1
      vertex -41.47554263472557 33.66515966504812 73.1
    endloop
  endfacet
  facet normal 0 0 -1
    outer loop
      vertex -41.444566778838634 33.69305045157671 73.1
      vertex -41.19305045157671 33.944566778838634 73.1
      vertex 43.19040474295616 32.791393756866455 73.1
    endloop
  endfacet
  facet normal 0 0 -1
    outer loop
      vertex -41.16515966504812 33.97554263472557 73.1
      vertex 43.19040474295616 32.791393756866455 73.1
      vertex -41.19305045157671 33.944566778838634 73.1
    endloop
  endfacet
  facet normal 0 0 -1
    outer loop
      vertex -41.16515966504812 33.97554263472557 73.1
      vertex -40.94131160527468 34.25197196006775 73.1
      vertex 43.19040474295616 32.791393756866455 73.1
    endloop
  endfacet
  facet normal 0 0 -1
    outer loop
      vertex -40.94131160527468 34.25197196006775 73.1
      vertex -40.91681148856878 34.2856934890151 73.1
      vertex 43.19040474295616 32.791393756866455 73.1
    endloop
  endfacet
  facet normal 0 0 -1
    outer loop
      vertex -40.91681148856878 34.2856934890151 73.1
      vertex -40.72308462113142 34.58400668948889 73.1
      vertex 43.19040474295616 32.791393756866455 73.1
    endloop
  endfacet
  facet normal 0 0 -1
    outer loop
      vertex -40.702243492007256 34.62010458111763 73.1
      vertex 43.19040474295616 32.791393756866455 73.1
      vertex -40.72308462113142 34.58400668948889 73.1
    endloop
  endfacet
  facet normal 0 0 -1
    outer loop
      vertex -40.702243492007256 34.62010458111763 73.1
      vertex -40.540760070085526 34.9370336458087 73.1
      vertex 43.19040474295616 32.791393756866455 73.1
    endloop
  endfacet
  facet normal 0 0 -1
    outer loop
      vertex -40.52380633354187 34.9751123636961 73.1
      vertex 43.19040474295616 32.791393756866455 73.1
      vertex -40.540760070085526 34.9370336458087 73.1
    endloop
  endfacet
  facet normal 0 0 -1
    outer loop
      vertex -40.52380633354187 34.9751123636961 73.1
      vertex -40.39633567631245 35.307184778153896 73.1
      vertex 43.19040474295616 32.791393756866455 73.1
    endloop
  endfacet
  facet normal 0 0 -1
    outer loop
      vertex -40.39633567631245 35.307184778153896 73.1
      vertex -40.38345514982939 35.34682697057724 73.1
      vertex 43.19040474295616 32.791393756866455 73.1
    endloop
  endfacet
  facet normal 0 1 0
    outer loop
      vertex -44 42.5 70
      vertex -44 42.5 75
      vertex 44 42.5 75
    endloop
  endfacet
  facet normal 0 0 -1
    outer loop
      vertex -40.38345514982939 35.34682697057724 73.1
      vertex -40.291393756866455 35.69040474295616 73.1
      vertex 43.19040474295616 32.791393756866455 73.1
    endloop
  endfacet
  facet normal 0 0 -1
    outer loop
      vertex -40.291393756866455 35.69040474295616 73.1
      vertex -40.28272756934166 35.73117595911026 73.1
      vertex 43.19040474295616 32.791393756866455 73.1
    endloop
  endfacet
  facet normal 0 0 -1
    outer loop
      vertex -40.28272756934166 35.73117595911026 73.1
      vertex -40.22095796465874 36.12117391824722 73.1
      vertex 43.19040474295616 32.791393756866455 73.1
    endloop
  endfacet
  facet normal 0 0 -1
    outer loop
      vertex -40.21614380180836 36.157741226255894 73.1
      vertex 43.19040474295616 32.791393756866455 73.1
      vertex -40.22095796465874 36.12117391824722 73.1
    endloop
  endfacet
  facet normal 0 0 -1
    outer loop
      vertex -40.21614380180836 36.157741226255894 73.1
      vertex -40.16702091693878 36.46789091825485 73.1
      vertex 43.19040474295616 32.791393756866455 73.1
    endloop
  endfacet
  facet normal 0 0 -1
    outer loop
      vertex -40.16702091693878 36.46789091825485 73.1
      vertex -40.11914338171482 36.69313699007034 73.1
      vertex 43.19040474295616 32.791393756866455 73.1
    endloop
  endfacet
  facet normal 0 0 -1
    outer loop
      vertex -40.11914338171482 36.69313699007034 73.1
      vertex -40.03787012398243 36.996452905237675 73.1
      vertex 43.19040474295616 32.791393756866455 73.1
    endloop
  endfacet
  facet normal 0 0 -1
    outer loop
      vertex -40.03787012398243 36.996452905237675 73.1
      vertex -39.9667102470994 37.21546047925949 73.1
      vertex 43.19040474295616 32.791393756866455 73.1
    endloop
  endfacet
  facet normal 0 0 -1
    outer loop
      vertex -39.9667102470994 37.21546047925949 73.1
      vertex -39.854177072644234 37.50861942023039 73.1
      vertex 43.19040474295616 32.791393756866455 73.1
    endloop
  endfacet
  facet normal 0 0 -1
    outer loop
      vertex -39.854177072644234 37.50861942023039 73.1
      vertex -39.76051449030638 37.71898901462555 73.1
      vertex 43.19040474295616 32.791393756866455 73.1
    endloop
  endfacet
  facet normal 0 0 -1
    outer loop
      vertex -39.76051449030638 37.71898901462555 73.1
      vertex -39.6179543286562 37.99877908825874 73.1
      vertex 43.19040474295616 32.791393756866455 73.1
    endloop
  endfacet
  facet normal 0 0 -1
    outer loop
      vertex -39.6179543286562 37.99877908825874 73.1
      vertex -39.50281523168087 38.19820586591959 73.1
      vertex 43.19040474295616 32.791393756866455 73.1
    endloop
  endfacet
  facet normal 0 0 -1
    outer loop
      vertex -39.50281523168087 38.19820586591959 73.1
      vertex -39.33178999274969 38.461561642587185 73.1
      vertex 43.19040474295616 32.791393756866455 73.1
    endloop
  endfacet
  facet normal 0 0 -1
    outer loop
      vertex -39.33178999274969 38.461561642587185 73.1
      vertex -39.1964358612895 38.64786062389612 73.1
      vertex 43.19040474295616 32.791393756866455 73.1
    endloop
  endfacet
  facet normal 0 0 -1
    outer loop
      vertex -39.1964358612895 38.64786062389612 73.1
      vertex -38.99881935119629 38.891896687448025 73.1
      vertex 43.19040474295616 32.791393756866455 73.1
    endloop
  endfacet
  facet normal 0 0 -1
    outer loop
      vertex -38.99881935119629 38.891896687448025 73.1
      vertex -38.84473315626383 39.06302673369646 73.1
      vertex 43.19040474295616 32.791393756866455 73.1
    endloop
  endfacet
  facet normal 0 0 -1
    outer loop
      vertex -38.84473315626383 39.06302673369646 73.1
      vertex -38.62269049882889 39.2850693911314 73.1
      vertex 43.19040474295616 32.791393756866455 73.1
    endloop
  endfacet
  facet normal 0 0 -1
    outer loop
      vertex -38.62269049882889 39.2850693911314 73.1
      vertex -38.45156045258045 39.43915558606386 73.1
      vertex 43.19040474295616 32.791393756866455 73.1
    endloop
  endfacet
  facet normal 0 0 -1
    outer loop
      vertex -38.45156045258045 39.43915558606386 73.1
      vertex -38.20752438902855 39.636772096157074 73.1
      vertex 43.19040474295616 32.791393756866455 73.1
    endloop
  endfacet
  facet normal 0 0 -1
    outer loop
      vertex -38.20752438902855 39.636772096157074 73.1
      vertex -38.02122538536787 39.772126242518425 73.1
      vertex 43.19040474295616 32.791393756866455 73.1
    endloop
  endfacet
  facet normal 0 0 -1
    outer loop
      vertex -38.02122538536787 39.772126242518425 73.1
      vertex -37.75786963105202 39.94315146654844 73.1
      vertex 43.19040474295616 32.791393756866455 73.1
    endloop
  endfacet
  facet normal 0 0 -1
    outer loop
      vertex -37.75786963105202 39.94315146654844 73.1
      vertex -37.55844285339117 40.05829056352377 73.1
      vertex 43.19040474295616 32.791393756866455 73.1
    endloop
  endfacet
  facet normal 0 0 -1
    outer loop
      vertex -37.55844285339117 40.05829056352377 73.1
      vertex -37.27865277975798 40.20085072517395 73.1
      vertex 43.19040474295616 32.791393756866455 73.1
    endloop
  endfacet
  facet normal 0 0 -1
    outer loop
      vertex -37.27865277975798 40.20085072517395 73.1
      vertex -37.068283185362816 40.29451330751181 73.1
      vertex 43.19040474295616 32.791393756866455 73.1
    endloop
  endfacet
  facet normal 0 0 -1
    outer loop
      vertex -37.068283185362816 40.29451330751181 73.1
      vertex -36.77512424439192 40.40704648196697 73.1
      vertex 43.19040474295616 32.791393756866455 73.1
    endloop
  endfacet
  facet normal 0 0 -1
    outer loop
      vertex -36.77512424439192 40.40704648196697 73.1
      vertex -36.5561166703701 40.47820635885 73.1
      vertex 43.19040474295616 32.791393756866455 73.1
    endloop
  endfacet
  facet normal 0 0 -1
    outer loop
      vertex -36.5561166703701 40.47820635885 73.1
      vertex -36.25280075520277 40.559479616582394 73.1
      vertex 43.19040474295616 32.791393756866455 73.1
    endloop
  endfacet
  facet normal 0 0 -1
    outer loop
      vertex -36.25280075520277 40.559479616582394 73.1
      vertex -36.02755466848612 40.607357151806355 73.1
      vertex 43.19040474295616 32.791393756866455 73.1
    endloop
  endfacet
  facet normal 0 0 -1
    outer loop
      vertex -36.02755466848612 40.607357151806355 73.1
      vertex -35.71740499138832 40.65648003667593 73.1
      vertex 43.19040474295616 32.791393756866455 73.1
    endloop
  endfacet
  facet normal 0 0 -1
    outer loop
      vertex -35.71740499138832 40.65648003667593 73.1
      vertex -35.48838824778795 40.680550664663315 73.1
      vertex 43.19040474295616 32.791393756866455 73.1
    endloop
  endfacet
  facet normal 0 0 -1
    outer loop
      vertex -35.48838824778795 40.680550664663315 73.1
      vertex -35.17480285465717 40.696984976530075 73.1
      vertex 43.19040474295616 32.791393756866455 73.1
    endloop
  endfacet
  facet normal 0 0 -1
    outer loop
      vertex -35.17480285465717 40.696984976530075 73.1
      vertex -35.05966376513243 40.70000000298023 73.1
      vertex 43.19040474295616 32.791393756866455 73.1
    endloop
  endfacet
  facet normal 0 0 1
    outer loop
      vertex -43.603603913301534 32.728543162923145 75
      vertex 40.71583155142543 34.6038844621514 75
      vertex -43.21155082508014 32.79063827187859 75
    endloop
  endfacet
  facet normal 0 0 1
    outer loop
      vertex -43.21155082508014 32.79063827187859 75
      vertex 40.71583155142543 34.6038844621514 75
      vertex -42.82813615101277 32.89337392416119 75
    endloop
  endfacet
  facet normal 0 0 1
    outer loop
      vertex -42.82813615101277 32.89337392416119 75
      vertex 40.71583155142543 34.6038844621514 75
      vertex -42.45756066250319 33.035624526465696 75
    endloop
  endfacet
  facet normal 0 0 1
    outer loop
      vertex -42.45756066250319 33.035624526465696 75
      vertex 40.71583155142543 34.6038844621514 75
      vertex -42.1038844621514 33.21583155142543 75
    endloop
  endfacet
  facet normal 0 0 1
    outer loop
      vertex -42.1038844621514 33.21583155142543 75
      vertex 40.71583155142543 34.6038844621514 75
      vertex -41.770982500419954 33.43202061316417 75
    endloop
  endfacet
  facet normal 0 0 1
    outer loop
      vertex -41.770982500419954 33.43202061316417 75
      vertex 40.71583155142543 34.6038844621514 75
      vertex -41.46250212086582 33.68182309908104 75
    endloop
  endfacet
  facet normal 0 0 1
    outer loop
      vertex -41.46250212086582 33.68182309908104 75
      vertex 40.71583155142543 34.6038844621514 75
      vertex -41.18182309908104 33.96250212086582 75
    endloop
  endfacet
  facet normal 0 0 1
    outer loop
      vertex -40.93202061316417 34.270982500419954 75
      vertex -41.18182309908104 33.96250212086582 75
      vertex 40.71583155142543 34.6038844621514 75
    endloop
  endfacet
  facet normal 0 0 1
    outer loop
      vertex -40.71583155142543 34.6038844621514 75
      vertex -40.93202061316417 34.270982500419954 75
      vertex 40.71583155142543 34.6038844621514 75
    endloop
  endfacet
  facet normal 0 0 1
    outer loop
      vertex -40.535624526465696 34.95756066250319 75
      vertex -40.71583155142543 34.6038844621514 75
      vertex 40.535624526465696 34.95756066250319 75
    endloop
  endfacet
  facet normal 0 0 1
    outer loop
      vertex -40.39337392416119 35.32813615101277 75
      vertex -40.535624526465696 34.95756066250319 75
      vertex 40.39337392416119 35.32813615101277 75
    endloop
  endfacet
  facet normal 0 0 1
    outer loop
      vertex -40.29063827187859 35.71155082508014 75
      vertex -40.39337392416119 35.32813615101277 75
      vertex 40.29063827187859 35.71155082508014 75
    endloop
  endfacet
  facet normal 0 0 1
    outer loop
      vertex -40.228543162923145 36.103603913301534 75
      vertex -40.29063827187859 35.71155082508014 75
      vertex 40.228543162923145 36.103603913301534 75
    endloop
  endfacet
  facet normal 0 0 1
    outer loop
      vertex -40.20776892430279 36.5 75
      vertex -40.228543162923145 36.103603913301534 75
      vertex 40.20776892430279 36.5 75
    endloop
  endfacet
  facet normal 0 0 1
    outer loop
      vertex -48.45886895060539 40.51478363573551 75
      vertex 47 41.69615242630243 75
      vertex -48.01478363573551 40.95886895060539 75
    endloop
  endfacet
  facet normal 0 0 1
    outer loop
      vertex -48.01478363573551 40.95886895060539 75
      vertex 46.44041986018419 41.981272742152214 75
      vertex -47.52671151608229 41.354101963341236 75
    endloop
  endfacet
  facet normal 0 0 1
    outer loop
      vertex -47.52671151608229 41.354101963341236 75
      vertex 45.854101963341236 42.206339098513126 75
      vertex -47 41.69615242630243 75
    endloop
  endfacet
  facet normal 0 0 1
    outer loop
      vertex -47 41.69615242630243 75
      vertex 45.247470147907734 42.36888560652733 75
      vertex -46.44041986018419 41.981272742152214 75
    endloop
  endfacet
  facet normal 0 0 1
    outer loop
      vertex -46.44041986018419 41.981272742152214 75
      vertex 44.62717077881098 42.4671313688159 75
      vertex -45.854101963341236 42.206339098513126 75
    endloop
  endfacet
  facet normal 0 0 1
    outer loop
      vertex -45.854101963341236 42.206339098513126 75
      vertex 44 42.5 75
      vertex -45.247470147907734 42.36888560652733 75
    endloop
  endfacet
  facet normal 0 0 1
    outer loop
      vertex -40.20776892430279 36.5 75
      vertex 40.71583155142543 38.3961155378486 75
      vertex -40.228543162923145 36.896396086698466 75
    endloop
  endfacet
  facet normal 0 0 1
    outer loop
      vertex -40.228543162923145 36.896396086698466 75
      vertex 40.71583155142543 38.3961155378486 75
      vertex -40.29063827187859 37.28844917491986 75
    endloop
  endfacet
  facet normal 0 0 1
    outer loop
      vertex -40.29063827187859 37.28844917491986 75
      vertex 41.18182309908104 39.03749787913418 75
      vertex -40.39337392416119 37.67186384898723 75
    endloop
  endfacet
  facet normal 0 0 1
    outer loop
      vertex -40.39337392416119 37.67186384898723 75
      vertex 41.770982500419954 39.56797938683583 75
      vertex -40.535624526465696 38.04243933749681 75
    endloop
  endfacet
  facet normal 0 0 1
    outer loop
      vertex 41.770982500419954 39.56797938683583 75
      vertex -40.71583155142543 38.3961155378486 75
      vertex -40.535624526465696 38.04243933749681 75
    endloop
  endfacet
  facet normal 0 0 1
    outer loop
      vertex -40.71583155142543 38.3961155378486 75
      vertex 42.457560662503184 39.964375473534304 75
      vertex -40.93202061316417 38.729017499580046 75
    endloop
  endfacet
  facet normal 0 0 1
    outer loop
      vertex -48.45886895060539 40.51478363573551 75
      vertex -44 40.29223107569721 75
      vertex 47.52671151608229 41.354101963341236 75
    endloop
  endfacet
  facet normal 0 0 1
    outer loop
      vertex -45.247470147907734 42.36888560652733 75
      vertex 44 42.5 75
      vertex -44 42.5 75
    endloop
  endfacet
  facet normal 0 0 1
    outer loop
      vertex 47.52671151608229 41.354101963341236 75
      vertex -44 40.29223107569721 75
      vertex -43.603603913301534 40.271456837076855 75
    endloop
  endfacet
  facet normal 0 0 1
    outer loop
      vertex 47.52671151608229 41.354101963341236 75
      vertex -42.82813615101278 40.10662607583881 75
      vertex -42.45756066250319 39.964375473534304 75
    endloop
  endfacet
  facet normal 0 0 1
    outer loop
      vertex 47.52671151608229 41.354101963341236 75
      vertex -43.603603913301534 40.271456837076855 75
      vertex -43.21155082508014 40.20936172812141 75
    endloop
  endfacet
  facet normal 0 0 1
    outer loop
      vertex 47.52671151608229 41.354101963341236 75
      vertex -43.21155082508014 40.20936172812141 75
      vertex -42.82813615101278 40.10662607583881 75
    endloop
  endfacet
  facet normal 0 0 1
    outer loop
      vertex 48.45886895060539 40.51478363573551 75
      vertex -41.770982500419954 39.56797938683583 75
      vertex -41.46250212086582 39.31817690091896 75
    endloop
  endfacet
  facet normal 0 0 1
    outer loop
      vertex 48.45886895060539 40.51478363573551 75
      vertex -41.46250212086582 39.31817690091896 75
      vertex -41.18182309908104 39.03749787913418 75
    endloop
  endfacet
  facet normal 0 0 1
    outer loop
      vertex 48.45886895060539 40.51478363573551 75
      vertex -41.18182309908104 39.03749787913418 75
      vertex -40.93202061316417 38.729017499580046 75
    endloop
  endfacet
  facet normal 0 0 1
    outer loop
      vertex 48.01478363573551 40.95886895060539 75
      vertex -42.45756066250319 39.964375473534304 75
      vertex -42.1038844621514 39.78416844857457 75
    endloop
  endfacet
  facet normal 0 0 1
    outer loop
      vertex 48.01478363573551 40.95886895060539 75
      vertex -42.1038844621514 39.78416844857457 75
      vertex -41.770982500419954 39.56797938683583 75
    endloop
  endfacet
  facet normal 0 0 -1
    outer loop
      vertex -47 -41.69615242630243 70
      vertex 35.05966376513243 -40.70000000298023 70
      vertex 48.01478363573551 -40.95886895060539 70
    endloop
  endfacet
  facet normal 0 0 -1
    outer loop
      vertex -44 -42.5 70
      vertex 45.247470147907734 -42.36888560652733 70
      vertex 44 -42.5 70
    endloop
  endfacet
  facet normal 0 0 -1
    outer loop
      vertex -44 -42.5 70
      vertex 45.854101963341236 -42.206339098513126 70
      vertex 45.247470147907734 -42.36888560652733 70
    endloop
  endfacet
  facet normal 0 0 -1
    outer loop
      vertex -44.62717077881098 -42.4671313688159 70
      vertex 46.44041986018419 -41.981272742152214 70
      vertex 45.854101963341236 -42.206339098513126 70
    endloop
  endfacet
  facet normal 0 0 -1
    outer loop
      vertex -45.247470147907734 -42.36888560652733 70
      vertex 47 -41.69615242630243 70
      vertex 46.44041986018419 -41.981272742152214 70
    endloop
  endfacet
  facet normal 0 0 -1
    outer loop
      vertex -45.854101963341236 -42.206339098513126 70
      vertex 47.52671151608229 -41.354101963341236 70
      vertex 47 -41.69615242630243 70
    endloop
  endfacet
  facet normal 0 0 -1
    outer loop
      vertex -46.44041986018419 -41.981272742152214 70
      vertex 48.01478363573551 -40.95886895060539 70
      vertex 47.52671151608229 -41.354101963341236 70
    endloop
  endfacet
  facet normal 0 1 0
    outer loop
      vertex -35.059663876891136 -40.70000000298023 73.1
      vertex 35.05966376513243 -40.70000000298023 73.1
      vertex 35.05966376513243 -40.70000000298023 70
    endloop
  endfacet
  facet normal -0.026176976785963785 0.9996573242298319 0
    outer loop
      vertex 35.05966376513243 -40.70000000298023 73.1
      vertex 35.17480285465717 -40.696984976530075 70
      vertex 35.05966376513243 -40.70000000298023 70
    endloop
  endfacet
  facet normal -0.05233594924714904 0.9986295351212079 0
    outer loop
      vertex 35.17480285465717 -40.696984976530075 73.1
      vertex 35.48838824778795 -40.680550664663315 70
      vertex 35.17480285465717 -40.696984976530075 70
    endloop
  endfacet
  facet normal -0.10452845591539826 0.9945218961410265 0
    outer loop
      vertex 35.48838824778795 -40.680550664663315 73.1
      vertex 35.71740499138832 -40.65648003667593 70
      vertex 35.48838824778795 -40.680550664663315 70
    endloop
  endfacet
  facet normal -0.15643447077382908 0.9876883396870251 0
    outer loop
      vertex 35.71740499138832 -40.65648003667593 73.1
      vertex 36.02755466848612 -40.607357151806355 70
      vertex 35.71740499138832 -40.65648003667593 70
    endloop
  endfacet
  facet normal -0.20791169705769463 0.9781475994074664 0
    outer loop
      vertex 36.02755466848612 -40.607357151806355 73.1
      vertex 36.25280075520277 -40.559479616582394 70
      vertex 36.02755466848612 -40.607357151806355 70
    endloop
  endfacet
  facet normal -0.25881905464550803 0.9659258237320325 0
    outer loop
      vertex 36.25280075520277 -40.559479616582394 73.1
      vertex 36.5561166703701 -40.47820635885 70
      vertex 36.25280075520277 -40.559479616582394 70
    endloop
  endfacet
  facet normal -0.30901700403425203 0.9510565131566553 0
    outer loop
      vertex 36.5561166703701 -40.47820635885 73.1
      vertex 36.77512424439192 -40.40704648196697 70
      vertex 36.5561166703701 -40.47820635885 70
    endloop
  endfacet
  facet normal -0.358367950842512 0.9335804259992488 0
    outer loop
      vertex 36.77512424439192 -40.40704648196697 73.1
      vertex 37.068283185362816 -40.29451330751181 70
      vertex 36.77512424439192 -40.40704648196697 70
    endloop
  endfacet
  facet normal -0.40673665900909506 0.9135454505486409 0
    outer loop
      vertex 37.068283185362816 -40.29451330751181 73.1
      vertex 37.27865277975798 -40.20085072517395 70
      vertex 37.068283185362816 -40.29451330751181 70
    endloop
  endfacet
  facet normal -0.45399049624595805 0.8910065259684403 0
    outer loop
      vertex 37.27865277975798 -40.20085072517395 73.1
      vertex 37.55844285339117 -40.05829056352377 70
      vertex 37.27865277975798 -40.20085072517395 70
    endloop
  endfacet
  facet normal 0 0 -1
    outer loop
      vertex 48.01478363573551 -40.95886895060539 70
      vertex 35.05966376513243 -40.70000000298023 70
      vertex 35.17480285465717 -40.696984976530075 70
    endloop
  endfacet
  facet normal 0 0 -1
    outer loop
      vertex 48.01478363573551 -40.95886895060539 70
      vertex 35.17480285465717 -40.696984976530075 70
      vertex 35.48838824778795 -40.680550664663315 70
    endloop
  endfacet
  facet normal 0 0 -1
    outer loop
      vertex 48.01478363573551 -40.95886895060539 70
      vertex 35.48838824778795 -40.680550664663315 70
      vertex 35.71740499138832 -40.65648003667593 70
    endloop
  endfacet
  facet normal 0 0 -1
    outer loop
      vertex 48.45886895060539 -40.51478363573551 70
      vertex 35.71740499138832 -40.65648003667593 70
      vertex 36.02755466848612 -40.607357151806355 70
    endloop
  endfacet
  facet normal 0 0 -1
    outer loop
      vertex 48.45886895060539 -40.51478363573551 70
      vertex 36.02755466848612 -40.607357151806355 70
      vertex 36.25280075520277 -40.559479616582394 70
    endloop
  endfacet
  facet normal 0 0 -1
    outer loop
      vertex 48.45886895060539 -40.51478363573551 70
      vertex 36.25280075520277 -40.559479616582394 70
      vertex 36.5561166703701 -40.47820635885 70
    endloop
  endfacet
  facet normal 0 0 -1
    outer loop
      vertex 48.45886895060539 -40.51478363573551 70
      vertex 36.5561166703701 -40.47820635885 70
      vertex 36.77512424439192 -40.40704648196697 70
    endloop
  endfacet
  facet normal 0 0 -1
    outer loop
      vertex 42.762108378236114 -37.87481792713318 70
      vertex 39.33178999274969 -38.461561642587185 70
      vertex 39.50281523168087 -38.19820586591959 70
    endloop
  endfacet
  facet normal 0 0 -1
    outer loop
      vertex 48.45886895060539 -40.51478363573551 70
      vertex 36.77512424439192 -40.40704648196697 70
      vertex 37.068283185362816 -40.29451330751181 70
    endloop
  endfacet
  facet normal 0 0 -1
    outer loop
      vertex 48.45886895060539 -40.51478363573551 70
      vertex 37.068283185362816 -40.29451330751181 70
      vertex 37.27865277975798 -40.20085072517395 70
    endloop
  endfacet
  facet normal 0 0 -1
    outer loop
      vertex 48.45886895060539 -40.51478363573551 70
      vertex 37.27865277975798 -40.20085072517395 70
      vertex 37.55844285339117 -40.05829056352377 70
    endloop
  endfacet
  facet normal 0 0 -1
    outer loop
      vertex 48.854101963341236 -40.02671151608229 70
      vertex 37.55844285339117 -40.05829056352377 70
      vertex 37.75786963105202 -39.94315146654844 70
    endloop
  endfacet
  facet normal 0 0 -1
    outer loop
      vertex 48.854101963341236 -40.02671151608229 70
      vertex 37.75786963105202 -39.94315146654844 70
      vertex 38.02122538536787 -39.772126242518425 70
    endloop
  endfacet
  facet normal 0 0 -1
    outer loop
      vertex 48.854101963341236 -40.02671151608229 70
      vertex 38.02122538536787 -39.772126242518425 70
      vertex 38.20752438902855 -39.636772096157074 70
    endloop
  endfacet
  facet normal 0 0 -1
    outer loop
      vertex 49.19615242630243 -39.5 70
      vertex 38.20752438902855 -39.636772096157074 70
      vertex 38.45156045258045 -39.43915558606386 70
    endloop
  endfacet
  facet normal 0 0 -1
    outer loop
      vertex 49.19615242630243 -39.5 70
      vertex 38.45156045258045 -39.43915558606386 70
      vertex 38.62269049882889 -39.2850693911314 70
    endloop
  endfacet
  facet normal 0 0 -1
    outer loop
      vertex 42.762108378236114 -37.87481792713318 70
      vertex 39.50281523168087 -38.19820586591959 70
      vertex 39.6179543286562 -37.99877908825874 70
    endloop
  endfacet
  facet normal 0 0 -1
    outer loop
      vertex 39.76051449030638 -37.71898901462555 70
      vertex 42.762108378236114 -37.87481792713318 70
      vertex 39.6179543286562 -37.99877908825874 70
    endloop
  endfacet
  facet normal 0 0 -1
    outer loop
      vertex 42.50331856040635 -37.587402716741074 70
      vertex 39.76051449030638 -37.71898901462555 70
      vertex 39.854177072644234 -37.50861942023039 70
    endloop
  endfacet
  facet normal 0 0 -1
    outer loop
      vertex 39.9667102470994 -37.21546047925949 70
      vertex 42.39785300299879 -37.425 70
      vertex 39.854177072644234 -37.50861942023039 70
    endloop
  endfacet
  facet normal 0 0 -1
    outer loop
      vertex 39.33178999274969 -38.461561642587185 70
      vertex 42.912597283258926 -37.99668143959365 70
      vertex 43.075 -38.10214699700121 70
    endloop
  endfacet
  facet normal 0 0 -1
    outer loop
      vertex 42.912597283258926 -37.99668143959365 70
      vertex 39.33178999274969 -38.461561642587185 70
      vertex 42.762108378236114 -37.87481792713318 70
    endloop
  endfacet
  facet normal 0 0 -1
    outer loop
      vertex 39.33178999274969 -38.461561642587185 70
      vertex 43.075 -38.10214699700121 70
      vertex 43.24753721030977 -38.19005909663881 70
    endloop
  endfacet
  facet normal 0 0 -1
    outer loop
      vertex 39.33178999274969 -38.461561642587185 70
      vertex 43.24753721030977 -38.19005909663881 70
      vertex 43.428318560406346 -38.259454555146036 70
    endloop
  endfacet
  facet normal 0 0 -1
    outer loop
      vertex 39.33178999274969 -38.461561642587185 70
      vertex 43.428318560406346 -38.259454555146036 70
      vertex 43.615363371987144 -38.30957306135754 70
    endloop
  endfacet
  facet normal 0 0 -1
    outer loop
      vertex 42.762108378236114 -37.87481792713318 70
      vertex 39.76051449030638 -37.71898901462555 70
      vertex 42.62518207286682 -37.737891621763886 70
    endloop
  endfacet
  facet normal 0 0 -1
    outer loop
      vertex 39.76051449030638 -37.71898901462555 70
      vertex 42.50331856040635 -37.587402716741074 70
      vertex 42.62518207286682 -37.737891621763886 70
    endloop
  endfacet
  facet normal 0 0 -1
    outer loop
      vertex 42.50331856040635 -37.587402716741074 70
      vertex 39.854177072644234 -37.50861942023039 70
      vertex 42.39785300299879 -37.425 70
    endloop
  endfacet
  facet normal 0 0 -1
    outer loop
      vertex 39.9667102470994 -37.21546047925949 70
      vertex 42.30994090336119 -37.25246278969023 70
      vertex 42.39785300299879 -37.425 70
    endloop
  endfacet
  facet normal 0 0 -1
    outer loop
      vertex 49.19615242630243 -39.5 70
      vertex 38.62269049882889 -39.2850693911314 70
      vertex 38.84473315626383 -39.06302673369646 70
    endloop
  endfacet
  facet normal 0 0 -1
    outer loop
      vertex 49.481272742152214 -38.94041986018419 70
      vertex 38.84473315626383 -39.06302673369646 70
      vertex 38.99881935119629 -38.891896687448025 70
    endloop
  endfacet
  facet normal 0 0 -1
    outer loop
      vertex 49.481272742152214 -38.94041986018419 70
      vertex 38.99881935119629 -38.891896687448025 70
      vertex 39.1964358612895 -38.64786062389612 70
    endloop
  endfacet
  facet normal 0 0 -1
    outer loop
      vertex 49.481272742152214 -38.94041986018419 70
      vertex 39.1964358612895 -38.64786062389612 70
      vertex 39.33178999274969 -38.461561642587185 70
    endloop
  endfacet
  facet normal 0 0 -1
    outer loop
      vertex 39.33178999274969 -38.461561642587185 70
      vertex 43.615363371987144 -38.30957306135754 70
      vertex 43.80662234295484 -38.33986550643131 70
    endloop
  endfacet
  facet normal 0 0 -1
    outer loop
      vertex 39.33178999274969 -38.461561642587185 70
      vertex 43.80662234295484 -38.33986550643131 70
      vertex 44 -38.35 70
    endloop
  endfacet
  facet normal 0 0 -1
    outer loop
      vertex 40.03787012398243 -36.996452905237675 70
      vertex 42.240545444853964 -37.071681439593654 70
      vertex 39.9667102470994 -37.21546047925949 70
    endloop
  endfacet
  facet normal 0 0 -1
    outer loop
      vertex 40.11914338171482 -36.69313699007034 70
      vertex 42.19042693864246 -36.884636628012856 70
      vertex 40.03787012398243 -36.996452905237675 70
    endloop
  endfacet
  facet normal 0 0 -1
    outer loop
      vertex 40.16702091693878 -36.46789091825485 70
      vertex 42.16013449356869 -36.69337765704516 70
      vertex 40.11914338171482 -36.69313699007034 70
    endloop
  endfacet
  facet normal 0 0 -1
    outer loop
      vertex 40.21614380180836 -36.157741226255894 70
      vertex 42.15 -36.5 70
      vertex 40.16702091693878 -36.46789091825485 70
    endloop
  endfacet
  facet normal 0 0 -1
    outer loop
      vertex 40.22095796465874 -36.12117391824722 70
      vertex 42.16013449356869 -36.30662234295484 70
      vertex 40.21614380180836 -36.157741226255894 70
    endloop
  endfacet
  facet normal 0 0 -1
    outer loop
      vertex 40.28272756934166 -35.73117595911026 70
      vertex 42.16013449356869 -36.30662234295484 70
      vertex 40.22095796465874 -36.12117391824722 70
    endloop
  endfacet
  facet normal 0 0 -1
    outer loop
      vertex 42.30994090336119 -37.25246278969023 70
      vertex 39.9667102470994 -37.21546047925949 70
      vertex 42.240545444853964 -37.071681439593654 70
    endloop
  endfacet
  facet normal 0 0 -1
    outer loop
      vertex 42.240545444853964 -37.071681439593654 70
      vertex 40.03787012398243 -36.996452905237675 70
      vertex 42.19042693864246 -36.884636628012856 70
    endloop
  endfacet
  facet normal 0 0 -1
    outer loop
      vertex 42.19042693864246 -36.884636628012856 70
      vertex 40.11914338171482 -36.69313699007034 70
      vertex 42.16013449356869 -36.69337765704516 70
    endloop
  endfacet
  facet normal 0 0 -1
    outer loop
      vertex 42.16013449356869 -36.69337765704516 70
      vertex 40.16702091693878 -36.46789091825485 70
      vertex 42.15 -36.5 70
    endloop
  endfacet
  facet normal 0 0 -1
    outer loop
      vertex 42.15 -36.5 70
      vertex 40.21614380180836 -36.157741226255894 70
      vertex 42.16013449356869 -36.30662234295484 70
    endloop
  endfacet
  facet normal 0 0 -1
    outer loop
      vertex 42.16013449356869 -36.30662234295484 70
      vertex 40.28272756934166 -35.73117595911026 70
      vertex 42.19042693864246 -36.115363371987144 70
    endloop
  endfacet
  facet normal 0 0 -1
    outer loop
      vertex 40.291393756866455 -35.69040474295616 70
      vertex 42.19042693864246 -36.115363371987144 70
      vertex 40.28272756934166 -35.73117595911026 70
    endloop
  endfacet
  facet normal 0 0 -1
    outer loop
      vertex 40.38345514982939 -35.34682697057724 70
      vertex 42.19042693864246 -36.115363371987144 70
      vertex 40.291393756866455 -35.69040474295616 70
    endloop
  endfacet
  facet normal 0 0 -1
    outer loop
      vertex 40.39633567631245 -35.307184778153896 70
      vertex 42.240545444853964 -35.928318560406346 70
      vertex 40.38345514982939 -35.34682697057724 70
    endloop
  endfacet
  facet normal 0 0 -1
    outer loop
      vertex 40.52380633354187 -34.9751123636961 70
      vertex 42.240545444853964 -35.928318560406346 70
      vertex 40.39633567631245 -35.307184778153896 70
    endloop
  endfacet
  facet normal 0 0 -1
    outer loop
      vertex 40.540760070085526 -34.9370336458087 70
      vertex 42.30994090336119 -35.74753721030977 70
      vertex 40.52380633354187 -34.9751123636961 70
    endloop
  endfacet
  facet normal 0 0 -1
    outer loop
      vertex 40.702243492007256 -34.62010458111763 70
      vertex 42.30994090336119 -35.74753721030977 70
      vertex 40.540760070085526 -34.9370336458087 70
    endloop
  endfacet
  facet normal 0 0 -1
    outer loop
      vertex 40.72308462113142 -34.58400668948889 70
      vertex 42.39785300299879 -35.575 70
      vertex 40.702243492007256 -34.62010458111763 70
    endloop
  endfacet
  facet normal 0 0 -1
    outer loop
      vertex 40.91681148856878 -34.2856934890151 70
      vertex 42.39785300299879 -35.575 70
      vertex 40.72308462113142 -34.58400668948889 70
    endloop
  endfacet
  facet normal 0 0 -1
    outer loop
      vertex 42.19042693864246 -36.115363371987144 70
      vertex 40.38345514982939 -35.34682697057724 70
      vertex 42.240545444853964 -35.928318560406346 70
    endloop
  endfacet
  facet normal 0 0 -1
    outer loop
      vertex 42.240545444853964 -35.928318560406346 70
      vertex 40.52380633354187 -34.9751123636961 70
      vertex 42.30994090336119 -35.74753721030977 70
    endloop
  endfacet
  facet normal 0 0 -1
    outer loop
      vertex 42.30994090336119 -35.74753721030977 70
      vertex 40.702243492007256 -34.62010458111763 70
      vertex 42.39785300299879 -35.575 70
    endloop
  endfacet
  facet normal 0 0 -1
    outer loop
      vertex 40.94131160527468 -34.25197196006775 70
      vertex 42.50331856040635 -35.412597283258926 70
      vertex 40.91681148856878 -34.2856934890151 70
    endloop
  endfacet
  facet normal 0 0 -1
    outer loop
      vertex 41.16515966504812 -33.97554263472557 70
      vertex 42.50331856040635 -35.412597283258926 70
      vertex 40.94131160527468 -34.25197196006775 70
    endloop
  endfacet
  facet normal 0 0 -1
    outer loop
      vertex 42.39785300299879 -35.575 70
      vertex 40.91681148856878 -34.2856934890151 70
      vertex 42.50331856040635 -35.412597283258926 70
    endloop
  endfacet
  facet normal 0 0 -1
    outer loop
      vertex 42.50331856040635 -35.412597283258926 70
      vertex 41.16515966504812 -33.97554263472557 70
      vertex 42.62518207286682 -35.262108378236114 70
    endloop
  endfacet
  facet normal 0 0 -1
    outer loop
      vertex 42.62518207286682 -35.262108378236114 70
      vertex 41.444566778838634 -33.69305045157671 70
      vertex 42.762108378236114 -35.12518207286682 70
    endloop
  endfacet
  facet normal 0 0 -1
    outer loop
      vertex 41.19305045157671 -33.944566778838634 70
      vertex 42.62518207286682 -35.262108378236114 70
      vertex 41.16515966504812 -33.97554263472557 70
    endloop
  endfacet
  facet normal 0 0 -1
    outer loop
      vertex 41.444566778838634 -33.69305045157671 70
      vertex 42.62518207286682 -35.262108378236114 70
      vertex 41.19305045157671 -33.944566778838634 70
    endloop
  endfacet
  facet normal 0 0 -1
    outer loop
      vertex 41.47554263472557 -33.66515966504812 70
      vertex 42.762108378236114 -35.12518207286682 70
      vertex 41.444566778838634 -33.69305045157671 70
    endloop
  endfacet
  facet normal 0 0 -1
    outer loop
      vertex 41.751972027122974 -33.44131155312061 70
      vertex 42.762108378236114 -35.12518207286682 70
      vertex 41.47554263472557 -33.66515966504812 70
    endloop
  endfacet
  facet normal 0 0 -1
    outer loop
      vertex 41.78569335490465 -33.41681157797575 70
      vertex 42.912597283258926 -35.00331856040635 70
      vertex 41.751972027122974 -33.44131155312061 70
    endloop
  endfacet
  facet normal 0 0 -1
    outer loop
      vertex 42.762108378236114 -35.12518207286682 70
      vertex 41.751972027122974 -33.44131155312061 70
      vertex 42.912597283258926 -35.00331856040635 70
    endloop
  endfacet
  facet normal 0 0 -1
    outer loop
      vertex 42.084006763994694 -33.22308457642794 70
      vertex 42.912597283258926 -35.00331856040635 70
      vertex 41.78569335490465 -33.41681157797575 70
    endloop
  endfacet
  facet normal 0 0 -1
    outer loop
      vertex 42.912597283258926 -35.00331856040635 70
      vertex 42.084006763994694 -33.22308457642794 70
      vertex 43.075 -34.89785300299879 70
    endloop
  endfacet
  facet normal 0 0 -1
    outer loop
      vertex 43.075 -34.89785300299879 70
      vertex 42.43703365325928 -33.040760070085526 70
      vertex 43.24753721030977 -34.80994090336119 70
    endloop
  endfacet
  facet normal 0 0 -1
    outer loop
      vertex 42.12010455876589 -33.20224350690842 70
      vertex 43.075 -34.89785300299879 70
      vertex 42.084006763994694 -33.22308457642794 70
    endloop
  endfacet
  facet normal 0 0 -1
    outer loop
      vertex 42.43703365325928 -33.040760070085526 70
      vertex 43.075 -34.89785300299879 70
      vertex 42.12010455876589 -33.20224350690842 70
    endloop
  endfacet
  facet normal 0 0 -1
    outer loop
      vertex 42.4751123636961 -33.02380633354187 70
      vertex 43.24753721030977 -34.80994090336119 70
      vertex 42.43703365325928 -33.040760070085526 70
    endloop
  endfacet
  facet normal 0 0 -1
    outer loop
      vertex 42.807184778153896 -32.89633567631245 70
      vertex 43.24753721030977 -34.80994090336119 70
      vertex 42.4751123636961 -33.02380633354187 70
    endloop
  endfacet
  facet normal 0 0 -1
    outer loop
      vertex 43.24753721030977 -34.80994090336119 70
      vertex 42.807184778153896 -32.89633567631245 70
      vertex 43.428318560406346 -34.740545444853964 70
    endloop
  endfacet
  facet normal 0 0 -1
    outer loop
      vertex 43.428318560406346 -34.740545444853964 70
      vertex 43.19040474295616 -32.791393756866455 70
      vertex 43.615363371987144 -34.69042693864246 70
    endloop
  endfacet
  facet normal 0 0 -1
    outer loop
      vertex 43.615363371987144 -34.69042693864246 70
      vertex 43.62117379158735 -32.7209579795599 70
      vertex 43.80662234295484 -34.66013449356869 70
    endloop
  endfacet
  facet normal 0 0 -1
    outer loop
      vertex 42.84682697057724 -32.88345514982939 70
      vertex 43.428318560406346 -34.740545444853964 70
      vertex 42.807184778153896 -32.89633567631245 70
    endloop
  endfacet
  facet normal 0 0 -1
    outer loop
      vertex 43.19040474295616 -32.791393756866455 70
      vertex 43.428318560406346 -34.740545444853964 70
      vertex 42.84682697057724 -32.88345514982939 70
    endloop
  endfacet
  facet normal 0 0 -1
    outer loop
      vertex 43.23117606341839 -32.78272754698992 70
      vertex 43.615363371987144 -34.69042693864246 70
      vertex 43.19040474295616 -32.791393756866455 70
    endloop
  endfacet
  facet normal 0 0 -1
    outer loop
      vertex 43.62117379158735 -32.7209579795599 70
      vertex 43.615363371987144 -34.69042693864246 70
      vertex 43.23117606341839 -32.78272754698992 70
    endloop
  endfacet
  facet normal 0 0 -1
    outer loop
      vertex 43.80662234295484 -34.66013449356869 70
      vertex 43.62117379158735 -32.7209579795599 70
      vertex 43.65774139016867 -32.716143772006035 70
    endloop
  endfacet
  facet normal 0 0 -1
    outer loop
      vertex 44 -42.5 70
      vertex 45.247470147907734 -42.36888560652733 70
      vertex 44.62717077881098 -42.4671313688159 70
    endloop
  endfacet
  facet normal 0 0 -1
    outer loop
      vertex 48.01478363573551 -40.95886895060539 70
      vertex 35.71740499138832 -40.65648003667593 70
      vertex 48.45886895060539 -40.51478363573551 70
    endloop
  endfacet
  facet normal 0 0 -1
    outer loop
      vertex 48.45886895060539 -40.51478363573551 70
      vertex 37.55844285339117 -40.05829056352377 70
      vertex 48.854101963341236 -40.02671151608229 70
    endloop
  endfacet
  facet normal 0 0 -1
    outer loop
      vertex 49.706339098513126 -38.354101963341236 70
      vertex 39.33178999274969 -38.461561642587185 70
      vertex 44 -38.35 70
    endloop
  endfacet
  facet normal 0 0 -1
    outer loop
      vertex 48.854101963341236 -40.02671151608229 70
      vertex 38.20752438902855 -39.636772096157074 70
      vertex 49.19615242630243 -39.5 70
    endloop
  endfacet
  facet normal 0 0 -1
    outer loop
      vertex 49.19615242630243 -39.5 70
      vertex 38.84473315626383 -39.06302673369646 70
      vertex 49.481272742152214 -38.94041986018419 70
    endloop
  endfacet
  facet normal 0 0 -1
    outer loop
      vertex 49.481272742152214 -38.94041986018419 70
      vertex 39.33178999274969 -38.461561642587185 70
      vertex 49.706339098513126 -38.354101963341236 70
    endloop
  endfacet
  facet normal 0 0 -1
    outer loop
      vertex 49.706339098513126 -38.354101963341236 70
      vertex 44 -38.35 70
      vertex 44.19337765704516 -38.33986550643131 70
    endloop
  endfacet
  facet normal 0 0 -1
    outer loop
      vertex 49.706339098513126 -38.354101963341236 70
      vertex 44.19337765704516 -38.33986550643131 70
      vertex 44.384636628012856 -38.30957306135754 70
    endloop
  endfacet
  facet normal 0 0 -1
    outer loop
      vertex 49.706339098513126 -38.354101963341236 70
      vertex 44.384636628012856 -38.30957306135754 70
      vertex 44.571681439593654 -38.259454555146036 70
    endloop
  endfacet
  facet normal 0 0 -1
    outer loop
      vertex 49.706339098513126 -38.354101963341236 70
      vertex 44.571681439593654 -38.259454555146036 70
      vertex 44.75246278969023 -38.19005909663881 70
    endloop
  endfacet
  facet normal 0 0 -1
    outer loop
      vertex 49.706339098513126 -38.354101963341236 70
      vertex 44.75246278969023 -38.19005909663881 70
      vertex 44.925 -38.10214699700121 70
    endloop
  endfacet
  facet normal 0 0 -1
    outer loop
      vertex 49.706339098513126 -38.354101963341236 70
      vertex 44.925 -38.10214699700121 70
      vertex 45.087402716741074 -37.99668143959365 70
    endloop
  endfacet
  facet normal 0 0 -1
    outer loop
      vertex 49.706339098513126 -38.354101963341236 70
      vertex 45.087402716741074 -37.99668143959365 70
      vertex 45.237891621763886 -37.87481792713318 70
    endloop
  endfacet
  facet normal 0 0 -1
    outer loop
      vertex 49.706339098513126 -38.354101963341236 70
      vertex 45.237891621763886 -37.87481792713318 70
      vertex 45.37481792713318 -37.737891621763886 70
    endloop
  endfacet
  facet normal 0 0 -1
    outer loop
      vertex 49.86888560652733 -37.747470147907734 70
      vertex 45.37481792713318 -37.737891621763886 70
      vertex 45.49668143959365 -37.587402716741074 70
    endloop
  endfacet
  facet normal 0 0 -1
    outer loop
      vertex 49.86888560652733 -37.747470147907734 70
      vertex 45.49668143959365 -37.587402716741074 70
      vertex 45.60214699700121 -37.425 70
    endloop
  endfacet
  facet normal 0 0 -1
    outer loop
      vertex 49.86888560652733 -37.747470147907734 70
      vertex 45.60214699700121 -37.425 70
      vertex 45.69005909663881 -37.25246278969023 70
    endloop
  endfacet
  facet normal 0 0 -1
    outer loop
      vertex 49.86888560652733 -37.747470147907734 70
      vertex 45.69005909663881 -37.25246278969023 70
      vertex 45.759454555146036 -37.071681439593654 70
    endloop
  endfacet
  facet normal 0 0 -1
    outer loop
      vertex 49.706339098513126 -38.354101963341236 70
      vertex 45.37481792713318 -37.737891621763886 70
      vertex 49.86888560652733 -37.747470147907734 70
    endloop
  endfacet
  facet normal 0 0 -1
    outer loop
      vertex 49.86888560652733 -37.747470147907734 70
      vertex 45.759454555146036 -37.071681439593654 70
      vertex 49.9671313688159 -37.12717077881098 70
    endloop
  endfacet
  facet normal 0 0 -1
    outer loop
      vertex 43.80662234295484 -34.66013449356869 70
      vertex 43.967891067266464 -32.66702087968588 70
      vertex 44 -34.65 70
    endloop
  endfacet
  facet normal 0 0 -1
    outer loop
      vertex 44 -34.65 70
      vertex 43.967891067266464 -32.66702087968588 70
      vertex 44.19337765704516 -34.66013449356869 70
    endloop
  endfacet
  facet normal 0 0 -1
    outer loop
      vertex 44.19337765704516 -34.66013449356869 70
      vertex 44.1931371614337 -32.61914333701134 70
      vertex 44.384636628012856 -34.69042693864246 70
    endloop
  endfacet
  facet normal 0 0 -1
    outer loop
      vertex 44.384636628012856 -34.69042693864246 70
      vertex 44.49645306915045 -32.537870071828365 70
      vertex 44.571681439593654 -34.740545444853964 70
    endloop
  endfacet
  facet normal 0 0 -1
    outer loop
      vertex 43.80662234295484 -34.66013449356869 70
      vertex 43.65774139016867 -32.716143772006035 70
      vertex 43.967891067266464 -32.66702087968588 70
    endloop
  endfacet
  facet normal 0 0 -1
    outer loop
      vertex 44.1931371614337 -32.61914333701134 70
      vertex 44.19337765704516 -34.66013449356869 70
      vertex 43.967891067266464 -32.66702087968588 70
    endloop
  endfacet
  facet normal 0 0 -1
    outer loop
      vertex 44.49645306915045 -32.537870071828365 70
      vertex 44.384636628012856 -34.69042693864246 70
      vertex 44.1931371614337 -32.61914333701134 70
    endloop
  endfacet
  facet normal 0 0 -1
    outer loop
      vertex 44.571681439593654 -34.740545444853964 70
      vertex 44.715460658073425 -32.466710180044174 70
      vertex 44.75246278969023 -34.80994090336119 70
    endloop
  endfacet
  facet normal 0 0 -1
    outer loop
      vertex 44.75246278969023 -34.80994090336119 70
      vertex 45.008619613945484 -32.35417698323727 70
      vertex 44.925 -34.89785300299879 70
    endloop
  endfacet
  facet normal 0 0 -1
    outer loop
      vertex 44.925 -34.89785300299879 70
      vertex 45.2189891859889 -32.26051440834999 70
      vertex 45.087402716741074 -35.00331856040635 70
    endloop
  endfacet
  facet normal 0 0 -1
    outer loop
      vertex 45.087402716741074 -35.00331856040635 70
      vertex 45.498779252171516 -32.11795423924923 70
      vertex 45.237891621763886 -35.12518207286682 70
    endloop
  endfacet
  facet normal 0 0 -1
    outer loop
      vertex 44.715460658073425 -32.466710180044174 70
      vertex 44.571681439593654 -34.740545444853964 70
      vertex 44.49645306915045 -32.537870071828365 70
    endloop
  endfacet
  facet normal 0 0 -1
    outer loop
      vertex 45.008619613945484 -32.35417698323727 70
      vertex 44.75246278969023 -34.80994090336119 70
      vertex 44.715460658073425 -32.466710180044174 70
    endloop
  endfacet
  facet normal 0 0 -1
    outer loop
      vertex 45.2189891859889 -32.26051440834999 70
      vertex 44.925 -34.89785300299879 70
      vertex 45.008619613945484 -32.35417698323727 70
    endloop
  endfacet
  facet normal 0 0 -1
    outer loop
      vertex 45.498779252171516 -32.11795423924923 70
      vertex 45.087402716741074 -35.00331856040635 70
      vertex 45.2189891859889 -32.26051440834999 70
    endloop
  endfacet
  facet normal 0 0 -1
    outer loop
      vertex 45.237891621763886 -35.12518207286682 70
      vertex 45.698206037282944 -32.00281512737274 70
      vertex 45.37481792713318 -35.262108378236114 70
    endloop
  endfacet
  facet normal 0 0 -1
    outer loop
      vertex 45.37481792713318 -35.262108378236114 70
      vertex 45.9615617915988 -31.831789888441563 70
      vertex 45.49668143959365 -35.412597283258926 70
    endloop
  endfacet
  facet normal 0 0 -1
    outer loop
      vertex 45.698206037282944 -32.00281512737274 70
      vertex 45.237891621763886 -35.12518207286682 70
      vertex 45.498779252171516 -32.11795423924923 70
    endloop
  endfacet
  facet normal 0 0 -1
    outer loop
      vertex 45.9615617915988 -31.831789888441563 70
      vertex 45.37481792713318 -35.262108378236114 70
      vertex 45.698206037282944 -32.00281512737274 70
    endloop
  endfacet
  facet normal 0 0 -1
    outer loop
      vertex 46.147860780358315 -31.69643573462963 70
      vertex 45.49668143959365 -35.412597283258926 70
      vertex 45.9615617915988 -31.831789888441563 70
    endloop
  endfacet
  facet normal 0 0 -1
    outer loop
      vertex 49.9671313688159 -37.12717077881098 70
      vertex 45.759454555146036 -37.071681439593654 70
      vertex 45.80957306135754 -36.884636628012856 70
    endloop
  endfacet
  facet normal 0 0 -1
    outer loop
      vertex 49.9671313688159 -37.12717077881098 70
      vertex 45.80957306135754 -36.884636628012856 70
      vertex 45.83986550643131 -36.69337765704516 70
    endloop
  endfacet
  facet normal 0 0 -1
    outer loop
      vertex 49.9671313688159 -37.12717077881098 70
      vertex 45.83986550643131 -36.69337765704516 70
      vertex 45.85 -36.5 70
    endloop
  endfacet
  facet normal 0 0 -1
    outer loop
      vertex 50 -36.5 70
      vertex 45.85 -36.5 70
      vertex 45.83986550643131 -36.30662234295484 70
    endloop
  endfacet
  facet normal 0 0 -1
    outer loop
      vertex 50 -36.5 70
      vertex 45.83986550643131 -36.30662234295484 70
      vertex 45.80957306135754 -36.115363371987144 70
    endloop
  endfacet
  facet normal 0 0 -1
    outer loop
      vertex 50 -36.5 70
      vertex 45.759454555146036 -35.928318560406346 70
      vertex 45.69005909663881 -35.74753721030977 70
    endloop
  endfacet
  facet normal 0 0 -1
    outer loop
      vertex 50 -36.5 70
      vertex 45.80957306135754 -36.115363371987144 70
      vertex 45.759454555146036 -35.928318560406346 70
    endloop
  endfacet
  facet normal 0 0 -1
    outer loop
      vertex 50 -36.5 70
      vertex 45.69005909663881 -35.74753721030977 70
      vertex 45.60214699700121 -35.575 70
    endloop
  endfacet
  facet normal 0 0 -1
    outer loop
      vertex 50 -36.5 70
      vertex 45.60214699700121 -35.575 70
      vertex 45.49668143959365 -35.412597283258926 70
    endloop
  endfacet
  facet normal 0 0 -1
    outer loop
      vertex 50 -36.5 70
      vertex 45.49668143959365 -35.412597283258926 70
      vertex 46.147860780358315 -31.69643573462963 70
    endloop
  endfacet
  facet normal 0 0 -1
    outer loop
      vertex 49.9671313688159 -37.12717077881098 70
      vertex 45.85 -36.5 70
      vertex 50 -36.5 70
    endloop
  endfacet
  facet normal 0 0 -1
    outer loop
      vertex 50 -36.5 70
      vertex 46.147860780358315 -31.69643573462963 70
      vertex 46.39189683645964 -31.49881921708584 70
    endloop
  endfacet
  facet normal 0 0 -1
    outer loop
      vertex 50 -36.5 70
      vertex 46.39189683645964 -31.49881921708584 70
      vertex 46.56302689015865 -31.344733014702797 70
    endloop
  endfacet
  facet normal 0 0 -1
    outer loop
      vertex 50 -36.5 70
      vertex 46.56302689015865 -31.344733014702797 70
      vertex 46.785069547593594 -31.122690334916115 70
    endloop
  endfacet
  facet normal 0 0 -1
    outer loop
      vertex 50 -36.5 70
      vertex 46.785069547593594 -31.122690334916115 70
      vertex 46.93915570527315 -30.95156030356884 70
    endloop
  endfacet
  facet normal 0 0 -1
    outer loop
      vertex 50 -36.5 70
      vertex 46.93915570527315 -30.95156030356884 70
      vertex 47.13677220791578 -30.707524232566357 70
    endloop
  endfacet
  facet normal 0 0 -1
    outer loop
      vertex 50 -36.5 70
      vertex 47.13677220791578 -30.707524232566357 70
      vertex 47.27212633192539 -30.52122525125742 70
    endloop
  endfacet
  facet normal 0 0 -1
    outer loop
      vertex 50 -36.5 70
      vertex 47.27212633192539 -30.52122525125742 70
      vertex 47.44315156340599 -30.257869467139244 70
    endloop
  endfacet
  facet normal 0 0 -1
    outer loop
      vertex 50 -36.5 70
      vertex 47.44315156340599 -30.257869467139244 70
      vertex 47.55829066038132 -30.058442689478397 70
    endloop
  endfacet
  facet normal 0 0 -1
    outer loop
      vertex 50 -36.5 70
      vertex 47.55829066038132 -30.058442689478397 70
      vertex 47.70085081458092 -29.778652608394623 70
    endloop
  endfacet
  facet normal 0 0 -1
    outer loop
      vertex 50 -36.5 70
      vertex 47.70085081458092 -29.778652608394623 70
      vertex 47.794513404369354 -29.568282961845398 70
    endloop
  endfacet
  facet normal 0.5446390350150357 0.8386705679454183 0
    outer loop
      vertex 42.912597283258926 -37.99668143959365 72.5
      vertex 43.075 -38.10214699700121 70
      vertex 42.912597283258926 -37.99668143959365 70
    endloop
  endfacet
  facet normal 0.6293203910498343 0.7771459614569735 0
    outer loop
      vertex 42.762108378236114 -37.87481792713318 72.5
      vertex 42.912597283258926 -37.99668143959365 70
      vertex 42.762108378236114 -37.87481792713318 70
    endloop
  endfacet
  facet normal 0.7771459614569735 0.6293203910498343 0
    outer loop
      vertex 42.50331856040635 -37.587402716741074 72.5
      vertex 42.62518207286682 -37.737891621763886 70
      vertex 42.50331856040635 -37.587402716741074 70
    endloop
  endfacet
  facet normal 0.8910065241883708 0.453990499739541 0
    outer loop
      vertex 42.30994090336119 -37.25246278969023 72.5
      vertex 42.39785300299879 -37.425 70
      vertex 42.30994090336119 -37.25246278969023 70
    endloop
  endfacet
  facet normal 0.8386705679454183 0.5446390350150357 0
    outer loop
      vertex 42.39785300299879 -37.425 72.5
      vertex 42.50331856040635 -37.587402716741074 70
      vertex 42.39785300299879 -37.425 70
    endloop
  endfacet
  facet normal 0.7071067811865476 0.7071067811865476 0
    outer loop
      vertex 42.62518207286682 -37.737891621763886 72.5
      vertex 42.762108378236114 -37.87481792713318 70
      vertex 42.62518207286682 -37.737891621763886 70
    endloop
  endfacet
  facet normal 0.35836794954531154 0.9335804264971974 0
    outer loop
      vertex 43.24753721030977 -38.19005909663881 72.5
      vertex 43.428318560406346 -38.259454555146036 70
      vertex 43.24753721030977 -38.19005909663881 70
    endloop
  endfacet
  facet normal 0.453990499739541 0.8910065241883708 0
    outer loop
      vertex 43.075 -38.10214699700121 72.5
      vertex 43.24753721030977 -38.19005909663881 70
      vertex 43.075 -38.10214699700121 70
    endloop
  endfacet
  facet normal 0.25881904510251097 0.9659258262890709 0
    outer loop
      vertex 43.428318560406346 -38.259454555146036 72.5
      vertex 43.615363371987144 -38.30957306135754 70
      vertex 43.428318560406346 -38.259454555146036 70
    endloop
  endfacet
  facet normal 0.1564344650402512 0.9876883405951344 0
    outer loop
      vertex 43.615363371987144 -38.30957306135754 72.5
      vertex 43.80662234295484 -38.33986550643131 70
      vertex 43.615363371987144 -38.30957306135754 70
    endloop
  endfacet
  facet normal -0.4999999778828949 0.8660254165537549 0
    outer loop
      vertex 37.55844285339117 -40.05829056352377 73.1
      vertex 37.75786963105202 -39.94315146654844 70
      vertex 37.55844285339117 -40.05829056352377 70
    endloop
  endfacet
  facet normal -0.5446390293369446 0.8386705716328138 0
    outer loop
      vertex 37.75786963105202 -39.94315146654844 73.1
      vertex 38.02122538536787 -39.772126242518425 70
      vertex 37.75786963105202 -39.94315146654844 70
    endloop
  endfacet
  facet normal -0.5877852445525733 0.8090169999983138 0
    outer loop
      vertex 38.02122538536787 -39.772126242518425 73.1
      vertex 38.20752438902855 -39.636772096157074 70
      vertex 38.02122538536787 -39.772126242518425 70
    endloop
  endfacet
  facet normal -0.629320395483342 0.7771459578667896 0
    outer loop
      vertex 38.20752438902855 -39.636772096157074 73.1
      vertex 38.45156045258045 -39.43915558606386 70
      vertex 38.20752438902855 -39.636772096157074 70
    endloop
  endfacet
  facet normal -0.6691306283975405 0.7431448056336751 0
    outer loop
      vertex 38.45156045258045 -39.43915558606386 73.1
      vertex 38.62269049882889 -39.2850693911314 70
      vertex 38.45156045258045 -39.43915558606386 70
    endloop
  endfacet
  facet normal -0.7071067811865476 0.7071067811865476 0
    outer loop
      vertex 38.62269049882889 -39.2850693911314 73.1
      vertex 38.84473315626383 -39.06302673369646 70
      vertex 38.62269049882889 -39.2850693911314 70
    endloop
  endfacet
  facet normal -0.7431448056336751 0.6691306283975405 0
    outer loop
      vertex 38.84473315626383 -39.06302673369646 73.1
      vertex 38.99881935119629 -38.891896687448025 70
      vertex 38.84473315626383 -39.06302673369646 70
    endloop
  endfacet
  facet normal -0.7771459578667896 0.629320395483342 0
    outer loop
      vertex 38.99881935119629 -38.891896687448025 73.1
      vertex 39.1964358612895 -38.64786062389612 70
      vertex 38.99881935119629 -38.891896687448025 70
    endloop
  endfacet
  facet normal -0.8090169972346416 0.5877852483564419 0
    outer loop
      vertex 39.1964358612895 -38.64786062389612 73.1
      vertex 39.33178999274969 -38.461561642587185 70
      vertex 39.1964358612895 -38.64786062389612 70
    endloop
  endfacet
  facet normal -0.8386705710716652 0.5446390302010375 0
    outer loop
      vertex 39.33178999274969 -38.461561642587185 73.1
      vertex 39.50281523168087 -38.19820586591959 70
      vertex 39.33178999274969 -38.461561642587185 70
    endloop
  endfacet
  facet normal -0.8660254165537549 0.4999999778828949 0
    outer loop
      vertex 39.50281523168087 -38.19820586591959 73.1
      vertex 39.6179543286562 -37.99877908825874 70
      vertex 39.50281523168087 -38.19820586591959 70
    endloop
  endfacet
  facet normal -0.8910065259684403 0.45399049624595805 0
    outer loop
      vertex 39.6179543286562 -37.99877908825874 73.1
      vertex 39.76051449030638 -37.71898901462555 70
      vertex 39.6179543286562 -37.99877908825874 70
    endloop
  endfacet
  facet normal -0.9135454505486409 0.40673665900909506 0
    outer loop
      vertex 39.76051449030638 -37.71898901462555 73.1
      vertex 39.854177072644234 -37.50861942023039 70
      vertex 39.76051449030638 -37.71898901462555 70
    endloop
  endfacet
  facet normal -0.9335804259992488 0.358367950842512 0
    outer loop
      vertex 39.854177072644234 -37.50861942023039 73.1
      vertex 39.9667102470994 -37.21546047925949 70
      vertex 39.854177072644234 -37.50861942023039 70
    endloop
  endfacet
  facet normal 0.9876883405951344 0.1564344650402512 0
    outer loop
      vertex 42.16013449356869 -36.69337765704516 72.5
      vertex 42.19042693864246 -36.884636628012856 70
      vertex 42.16013449356869 -36.69337765704516 70
    endloop
  endfacet
  facet normal 0.9986295347545744 0.052335956242933517 0
    outer loop
      vertex 42.15 -36.5 72.5
      vertex 42.16013449356869 -36.69337765704516 70
      vertex 42.15 -36.5 70
    endloop
  endfacet
  facet normal 0.9986295347545744 -0.052335956242933517 0
    outer loop
      vertex 42.16013449356869 -36.30662234295484 72.5
      vertex 42.15 -36.5 70
      vertex 42.16013449356869 -36.30662234295484 70
    endloop
  endfacet
  facet normal 0.9876883405951344 -0.1564344650402512 0
    outer loop
      vertex 42.19042693864246 -36.115363371987144 72.5
      vertex 42.16013449356869 -36.30662234295484 70
      vertex 42.19042693864246 -36.115363371987144 70
    endloop
  endfacet
  facet normal 0.9335804264971974 0.35836794954531154 0
    outer loop
      vertex 42.240545444853964 -37.071681439593654 72.5
      vertex 42.30994090336119 -37.25246278969023 70
      vertex 42.240545444853964 -37.071681439593654 70
    endloop
  endfacet
  facet normal 0.9659258262890709 0.25881904510251097 0
    outer loop
      vertex 42.19042693864246 -36.884636628012856 72.5
      vertex 42.240545444853964 -37.071681439593654 70
      vertex 42.19042693864246 -36.884636628012856 70
    endloop
  endfacet
  facet normal 0.9659258262890709 -0.25881904510251097 0
    outer loop
      vertex 42.240545444853964 -35.928318560406346 72.5
      vertex 42.19042693864246 -36.115363371987144 70
      vertex 42.240545444853964 -35.928318560406346 70
    endloop
  endfacet
  facet normal 0.9335804264971974 -0.35836794954531154 0
    outer loop
      vertex 42.30994090336119 -35.74753721030977 72.5
      vertex 42.240545444853964 -35.928318560406346 70
      vertex 42.30994090336119 -35.74753721030977 70
    endloop
  endfacet
  facet normal 0.8910065241883708 -0.453990499739541 0
    outer loop
      vertex 42.39785300299879 -35.575 72.5
      vertex 42.30994090336119 -35.74753721030977 70
      vertex 42.39785300299879 -35.575 70
    endloop
  endfacet
  facet normal 0.8386705679454183 -0.5446390350150357 0
    outer loop
      vertex 42.50331856040635 -35.412597283258926 72.5
      vertex 42.39785300299879 -35.575 70
      vertex 42.50331856040635 -35.412597283258926 70
    endloop
  endfacet
  facet normal 0.7771459614569735 -0.6293203910498343 0
    outer loop
      vertex 42.62518207286682 -35.262108378236114 72.5
      vertex 42.50331856040635 -35.412597283258926 70
      vertex 42.62518207286682 -35.262108378236114 70
    endloop
  endfacet
  facet normal 0.7071067811865476 -0.7071067811865476 0
    outer loop
      vertex 42.762108378236114 -35.12518207286682 72.5
      vertex 42.62518207286682 -35.262108378236114 70
      vertex 42.762108378236114 -35.12518207286682 70
    endloop
  endfacet
  facet normal 0.6293203910498343 -0.7771459614569735 0
    outer loop
      vertex 42.912597283258926 -35.00331856040635 72.5
      vertex 42.762108378236114 -35.12518207286682 70
      vertex 42.912597283258926 -35.00331856040635 70
    endloop
  endfacet
  facet normal 0.5446390350150357 -0.8386705679454183 0
    outer loop
      vertex 43.075 -34.89785300299879 72.5
      vertex 42.912597283258926 -35.00331856040635 70
      vertex 43.075 -34.89785300299879 70
    endloop
  endfacet
  facet normal 0.453990499739541 -0.8910065241883708 0
    outer loop
      vertex 43.24753721030977 -34.80994090336119 72.5
      vertex 43.075 -34.89785300299879 70
      vertex 43.24753721030977 -34.80994090336119 70
    endloop
  endfacet
  facet normal 0.35836794954531154 -0.9335804264971974 0
    outer loop
      vertex 43.428318560406346 -34.740545444853964 72.5
      vertex 43.24753721030977 -34.80994090336119 70
      vertex 43.428318560406346 -34.740545444853964 70
    endloop
  endfacet
  facet normal 0.25881904510251097 -0.9659258262890709 0
    outer loop
      vertex 43.615363371987144 -34.69042693864246 72.5
      vertex 43.428318560406346 -34.740545444853964 70
      vertex 43.615363371987144 -34.69042693864246 70
    endloop
  endfacet
  facet normal 0.1564344650402512 -0.9876883405951344 0
    outer loop
      vertex 43.80662234295484 -34.66013449356869 72.5
      vertex 43.615363371987144 -34.69042693864246 70
      vertex 43.80662234295484 -34.66013449356869 70
    endloop
  endfacet
  facet normal -0.9510565131566553 0.30901700403425203 0
    outer loop
      vertex 39.9667102470994 -37.21546047925949 73.1
      vertex 40.03787012398243 -36.996452905237675 70
      vertex 39.9667102470994 -37.21546047925949 70
    endloop
  endfacet
  facet normal -0.9659258237320325 0.25881905464550803 0
    outer loop
      vertex 40.03787012398243 -36.996452905237675 73.1
      vertex 40.11914338171482 -36.69313699007034 70
      vertex 40.03787012398243 -36.996452905237675 70
    endloop
  endfacet
  facet normal -0.978147596610256 0.2079117102175342 0
    outer loop
      vertex 40.11914338171482 -36.69313699007034 73.1
      vertex 40.16702091693878 -36.46789091825485 70
      vertex 40.11914338171482 -36.69313699007034 70
    endloop
  endfacet
  facet normal -0.9876883408482959 0.15643446344185244 0
    outer loop
      vertex 40.16702091693878 -36.46789091825485 73.1
      vertex 40.21614380180836 -36.157741226255894 70
      vertex 40.16702091693878 -36.46789091825485 70
    endloop
  endfacet
  facet normal -0.9914449125265851 0.13052580367556493 0
    outer loop
      vertex 40.21614380180836 -36.157741226255894 73.1
      vertex 40.22095796465874 -36.12117391824722 70
      vertex 40.21614380180836 -36.157741226255894 70
    endloop
  endfacet
  facet normal -0.9876883420831333 0.15643445564539588 0
    outer loop
      vertex 40.22095796465874 -36.12117391824722 73.1
      vertex 40.28272756934166 -35.73117595911026 70
      vertex 40.22095796465874 -36.12117391824722 70
    endloop
  endfacet
  facet normal -0.9781476104724821 0.20791164500088272 0
    outer loop
      vertex 40.28272756934166 -35.73117595911026 73.1
      vertex 40.291393756866455 -35.69040474295616 70
      vertex 40.28272756934166 -35.73117595911026 70
    endloop
  endfacet
  facet normal -0.965925821849404 0.25881906167157254 0
    outer loop
      vertex 40.291393756866455 -35.69040474295616 73.1
      vertex 40.38345514982939 -35.34682697057724 70
      vertex 40.291393756866455 -35.69040474295616 70
    endloop
  endfacet
  facet normal -0.9510565348890563 0.309016937148793 0
    outer loop
      vertex 40.38345514982939 -35.34682697057724 73.1
      vertex 40.39633567631245 -35.307184778153896 70
      vertex 40.38345514982939 -35.34682697057724 70
    endloop
  endfacet
  facet normal -0.9335804262228318 0.35836795026005863 0
    outer loop
      vertex 40.39633567631245 -35.307184778153896 73.1
      vertex 40.52380633354187 -34.9751123636961 70
      vertex 40.39633567631245 -35.307184778153896 70
    endloop
  endfacet
  facet normal -0.9135454661967277 0.40673662386291654 0
    outer loop
      vertex 40.52380633354187 -34.9751123636961 73.1
      vertex 40.540760070085526 -34.9370336458087 70
      vertex 40.52380633354187 -34.9751123636961 70
    endloop
  endfacet
  facet normal -0.8910065267162314 0.4539904947783353 0
    outer loop
      vertex 40.540760070085526 -34.9370336458087 73.1
      vertex 40.702243492007256 -34.62010458111763 70
      vertex 40.540760070085526 -34.9370336458087 70
    endloop
  endfacet
  facet normal -0.8660253863824631 0.5000000301411045 0
    outer loop
      vertex 40.702243492007256 -34.62010458111763 73.1
      vertex 40.72308462113142 -34.58400668948889 70
      vertex 40.702243492007256 -34.62010458111763 70
    endloop
  endfacet
  facet normal -0.8386705552339938 0.5446390545889127 0
    outer loop
      vertex 40.72308462113142 -34.58400668948889 73.1
      vertex 40.91681148856878 -34.2856934890151 70
      vertex 40.72308462113142 -34.58400668948889 70
    endloop
  endfacet
  facet normal -0.8090170877385424 0.5877851237884874 0
    outer loop
      vertex 40.91681148856878 -34.2856934890151 73.1
      vertex 40.94131160527468 -34.25197196006775 70
      vertex 40.91681148856878 -34.2856934890151 70
    endloop
  endfacet
  facet normal -0.7771459534759897 0.6293204009055282 0
    outer loop
      vertex 40.94131160527468 -34.25197196006775 73.1
      vertex 41.16515966504812 -33.97554263472557 70
      vertex 40.94131160527468 -34.25197196006775 70
    endloop
  endfacet
  facet normal -0.7431448181715272 0.6691306144728455 0
    outer loop
      vertex 41.16515966504812 -33.97554263472557 73.1
      vertex 41.19305045157671 -33.944566778838634 70
      vertex 41.16515966504812 -33.97554263472557 70
    endloop
  endfacet
  facet normal -0.7071067811865476 0.7071067811865476 0
    outer loop
      vertex 41.19305045157671 -33.944566778838634 73.1
      vertex 41.444566778838634 -33.69305045157671 70
      vertex 41.19305045157671 -33.944566778838634 70
    endloop
  endfacet
  facet normal -0.6691306144728455 0.7431448181715272 0
    outer loop
      vertex 41.444566778838634 -33.69305045157671 73.1
      vertex 41.47554263472557 -33.66515966504812 70
      vertex 41.444566778838634 -33.69305045157671 70
    endloop
  endfacet
  facet normal -0.6293203972614194 0.777145956426931 0
    outer loop
      vertex 41.47554263472557 -33.66515966504812 73.1
      vertex 41.751972027122974 -33.44131155312061 70
      vertex 41.47554263472557 -33.66515966504812 70
    endloop
  endfacet
  facet normal -0.5877851959310201 0.8090170353239369 0
    outer loop
      vertex 41.751972027122974 -33.44131155312061 73.1
      vertex 41.78569335490465 -33.41681157797575 70
      vertex 41.751972027122974 -33.44131155312061 70
    endloop
  endfacet
  facet normal -0.5446390518866788 0.838670556988845 0
    outer loop
      vertex 41.78569335490465 -33.41681157797575 73.1
      vertex 42.084006763994694 -33.22308457642794 70
      vertex 41.78569335490465 -33.41681157797575 70
    endloop
  endfacet
  facet normal -0.49999996385536283 0.8660254246525537 0
    outer loop
      vertex 42.084006763994694 -33.22308457642794 73.1
      vertex 42.12010455876589 -33.20224350690842 70
      vertex 42.084006763994694 -33.22308457642794 70
    endloop
  endfacet
  facet normal -0.45399049414473436 0.8910065270390671 0
    outer loop
      vertex 42.12010455876589 -33.20224350690842 73.1
      vertex 42.43703365325928 -33.040760070085526 70
      vertex 42.12010455876589 -33.20224350690842 70
    endloop
  endfacet
  facet normal -0.40673669028025616 0.9135454366258215 0
    outer loop
      vertex 42.43703365325928 -33.040760070085526 73.1
      vertex 42.4751123636961 -33.02380633354187 70
      vertex 42.43703365325928 -33.040760070085526 70
    endloop
  endfacet
  facet normal -0.35836795026005863 0.9335804262228318 0
    outer loop
      vertex 42.4751123636961 -33.02380633354187 73.1
      vertex 42.807184778153896 -32.89633567631245 70
      vertex 42.4751123636961 -33.02380633354187 70
    endloop
  endfacet
  facet normal -0.309016937148793 0.9510565348890563 0
    outer loop
      vertex 42.807184778153896 -32.89633567631245 73.1
      vertex 42.84682697057724 -32.88345514982939 70
      vertex 42.807184778153896 -32.89633567631245 70
    endloop
  endfacet
  facet normal -0.25881906167157254 0.965925821849404 0
    outer loop
      vertex 42.84682697057724 -32.88345514982939 73.1
      vertex 43.19040474295616 -32.791393756866455 70
      vertex 42.84682697057724 -32.88345514982939 70
    endloop
  endfacet
  facet normal -0.20791164914109106 0.9781476095924541 0
    outer loop
      vertex 43.19040474295616 -32.791393756866455 73.1
      vertex 43.23117606341839 -32.78272754698992 70
      vertex 43.19040474295616 -32.791393756866455 70
    endloop
  endfacet
  facet normal -0.15643445398722614 0.9876883423457615 0
    outer loop
      vertex 43.23117606341839 -32.78272754698992 73.1
      vertex 43.62117379158735 -32.7209579795599 70
      vertex 43.23117606341839 -32.78272754698992 70
    endloop
  endfacet
  facet normal -0.13052597554580794 0.9914448898994916 0
    outer loop
      vertex 43.62117379158735 -32.7209579795599 73.1
      vertex 43.65774139016867 -32.716143772006035 70
      vertex 43.62117379158735 -32.7209579795599 70
    endloop
  endfacet
  facet normal 0.052335956242933517 0.9986295347545744 0
    outer loop
      vertex 43.80662234295484 -38.33986550643131 72.5
      vertex 44 -38.35 70
      vertex 43.80662234295484 -38.33986550643131 70
    endloop
  endfacet
  facet normal -0.052335956242933517 0.9986295347545744 0
    outer loop
      vertex 44 -38.35 72.5
      vertex 44.19337765704516 -38.33986550643131 70
      vertex 44 -38.35 70
    endloop
  endfacet
  facet normal -0.1564344650402512 0.9876883405951344 0
    outer loop
      vertex 44.19337765704516 -38.33986550643131 72.5
      vertex 44.384636628012856 -38.30957306135754 70
      vertex 44.19337765704516 -38.33986550643131 70
    endloop
  endfacet
  facet normal -0.25881904510251097 0.9659258262890709 0
    outer loop
      vertex 44.384636628012856 -38.30957306135754 72.5
      vertex 44.571681439593654 -38.259454555146036 70
      vertex 44.384636628012856 -38.30957306135754 70
    endloop
  endfacet
  facet normal -0.35836794954531154 0.9335804264971974 0
    outer loop
      vertex 44.571681439593654 -38.259454555146036 72.5
      vertex 44.75246278969023 -38.19005909663881 70
      vertex 44.571681439593654 -38.259454555146036 70
    endloop
  endfacet
  facet normal -0.453990499739541 0.8910065241883708 0
    outer loop
      vertex 44.75246278969023 -38.19005909663881 72.5
      vertex 44.925 -38.10214699700121 70
      vertex 44.75246278969023 -38.19005909663881 70
    endloop
  endfacet
  facet normal -0.5446390350150357 0.8386705679454183 0
    outer loop
      vertex 44.925 -38.10214699700121 72.5
      vertex 45.087402716741074 -37.99668143959365 70
      vertex 44.925 -38.10214699700121 70
    endloop
  endfacet
  facet normal -0.6293203910498343 0.7771459614569735 0
    outer loop
      vertex 45.087402716741074 -37.99668143959365 72.5
      vertex 45.237891621763886 -37.87481792713318 70
      vertex 45.087402716741074 -37.99668143959365 70
    endloop
  endfacet
  facet normal -0.7071067811865476 0.7071067811865476 0
    outer loop
      vertex 45.237891621763886 -37.87481792713318 72.5
      vertex 45.37481792713318 -37.737891621763886 70
      vertex 45.237891621763886 -37.87481792713318 70
    endloop
  endfacet
  facet normal -0.7771459614569735 0.6293203910498343 0
    outer loop
      vertex 45.37481792713318 -37.737891621763886 72.5
      vertex 45.49668143959365 -37.587402716741074 70
      vertex 45.37481792713318 -37.737891621763886 70
    endloop
  endfacet
  facet normal -0.8386705679454183 0.5446390350150357 0
    outer loop
      vertex 45.49668143959365 -37.587402716741074 72.5
      vertex 45.60214699700121 -37.425 70
      vertex 45.49668143959365 -37.587402716741074 70
    endloop
  endfacet
  facet normal -0.8910065241883708 0.453990499739541 0
    outer loop
      vertex 45.60214699700121 -37.425 72.5
      vertex 45.69005909663881 -37.25246278969023 70
      vertex 45.60214699700121 -37.425 70
    endloop
  endfacet
  facet normal -0.9335804264971974 0.35836794954531154 0
    outer loop
      vertex 45.69005909663881 -37.25246278969023 72.5
      vertex 45.759454555146036 -37.071681439593654 70
      vertex 45.69005909663881 -37.25246278969023 70
    endloop
  endfacet
  facet normal 0.052335956242933517 -0.9986295347545744 0
    outer loop
      vertex 44 -34.65 72.5
      vertex 43.80662234295484 -34.66013449356869 70
      vertex 44 -34.65 70
    endloop
  endfacet
  facet normal -0.052335956242933517 -0.9986295347545744 0
    outer loop
      vertex 44.19337765704516 -34.66013449356869 72.5
      vertex 44 -34.65 70
      vertex 44.19337765704516 -34.66013449356869 70
    endloop
  endfacet
  facet normal -0.1564344650402512 -0.9876883405951344 0
    outer loop
      vertex 44.384636628012856 -34.69042693864246 72.5
      vertex 44.19337765704516 -34.66013449356869 70
      vertex 44.384636628012856 -34.69042693864246 70
    endloop
  endfacet
  facet normal -0.25881904510251097 -0.9659258262890709 0
    outer loop
      vertex 44.571681439593654 -34.740545444853964 72.5
      vertex 44.384636628012856 -34.69042693864246 70
      vertex 44.571681439593654 -34.740545444853964 70
    endloop
  endfacet
  facet normal -0.453990499739541 -0.8910065241883708 0
    outer loop
      vertex 44.925 -34.89785300299879 72.5
      vertex 44.75246278969023 -34.80994090336119 70
      vertex 44.925 -34.89785300299879 70
    endloop
  endfacet
  facet normal -0.35836794954531154 -0.9335804264971974 0
    outer loop
      vertex 44.75246278969023 -34.80994090336119 72.5
      vertex 44.571681439593654 -34.740545444853964 70
      vertex 44.75246278969023 -34.80994090336119 70
    endloop
  endfacet
  facet normal -0.5446390350150357 -0.8386705679454183 0
    outer loop
      vertex 45.087402716741074 -35.00331856040635 72.5
      vertex 44.925 -34.89785300299879 70
      vertex 45.087402716741074 -35.00331856040635 70
    endloop
  endfacet
  facet normal -0.6293203910498343 -0.7771459614569735 0
    outer loop
      vertex 45.237891621763886 -35.12518207286682 72.5
      vertex 45.087402716741074 -35.00331856040635 70
      vertex 45.237891621763886 -35.12518207286682 70
    endloop
  endfacet
  facet normal -0.9659258262890709 0.25881904510251097 0
    outer loop
      vertex 45.759454555146036 -37.071681439593654 72.5
      vertex 45.80957306135754 -36.884636628012856 70
      vertex 45.759454555146036 -37.071681439593654 70
    endloop
  endfacet
  facet normal -0.9876883405951344 0.1564344650402512 0
    outer loop
      vertex 45.80957306135754 -36.884636628012856 72.5
      vertex 45.83986550643131 -36.69337765704516 70
      vertex 45.80957306135754 -36.884636628012856 70
    endloop
  endfacet
  facet normal -0.9986295347545744 0.052335956242933517 0
    outer loop
      vertex 45.83986550643131 -36.69337765704516 72.5
      vertex 45.85 -36.5 70
      vertex 45.83986550643131 -36.69337765704516 70
    endloop
  endfacet
  facet normal -0.9986295347545744 -0.052335956242933517 0
    outer loop
      vertex 45.85 -36.5 72.5
      vertex 45.83986550643131 -36.30662234295484 70
      vertex 45.85 -36.5 70
    endloop
  endfacet
  facet normal -0.9876883405951344 -0.1564344650402512 0
    outer loop
      vertex 45.83986550643131 -36.30662234295484 72.5
      vertex 45.80957306135754 -36.115363371987144 70
      vertex 45.83986550643131 -36.30662234295484 70
    endloop
  endfacet
  facet normal -0.9659258262890709 -0.25881904510251097 0
    outer loop
      vertex 45.80957306135754 -36.115363371987144 72.5
      vertex 45.759454555146036 -35.928318560406346 70
      vertex 45.80957306135754 -36.115363371987144 70
    endloop
  endfacet
  facet normal -0.9335804264971974 -0.35836794954531154 0
    outer loop
      vertex 45.759454555146036 -35.928318560406346 72.5
      vertex 45.69005909663881 -35.74753721030977 70
      vertex 45.759454555146036 -35.928318560406346 70
    endloop
  endfacet
  facet normal -0.8910065241883708 -0.453990499739541 0
    outer loop
      vertex 45.69005909663881 -35.74753721030977 72.5
      vertex 45.60214699700121 -35.575 70
      vertex 45.69005909663881 -35.74753721030977 70
    endloop
  endfacet
  facet normal -0.7771459614569735 -0.6293203910498343 0
    outer loop
      vertex 45.49668143959365 -35.412597283258926 72.5
      vertex 45.37481792713318 -35.262108378236114 70
      vertex 45.49668143959365 -35.412597283258926 70
    endloop
  endfacet
  facet normal -0.7071067811865476 -0.7071067811865476 0
    outer loop
      vertex 45.37481792713318 -35.262108378236114 72.5
      vertex 45.237891621763886 -35.12518207286682 70
      vertex 45.37481792713318 -35.262108378236114 70
    endloop
  endfacet
  facet normal -0.8386705679454183 -0.5446390350150357 0
    outer loop
      vertex 45.60214699700121 -35.575 72.5
      vertex 45.49668143959365 -35.412597283258926 70
      vertex 45.60214699700121 -35.575 70
    endloop
  endfacet
  facet normal -0.1564344939199683 0.9876883360210363 0
    outer loop
      vertex 43.65774139016867 -32.716143772006035 73.1
      vertex 43.967891067266464 -32.66702087968588 70
      vertex 43.65774139016867 -32.716143772006035 70
    endloop
  endfacet
  facet normal -0.2079117214338601 0.9781475942261519 0
    outer loop
      vertex 43.967891067266464 -32.66702087968588 73.1
      vertex 44.1931371614337 -32.61914333701134 70
      vertex 43.967891067266464 -32.66702087968588 70
    endloop
  endfacet
  facet normal -0.25881908271458365 0.9659258162109456 0
    outer loop
      vertex 44.1931371614337 -32.61914333701134 73.1
      vertex 44.49645306915045 -32.537870071828365 70
      vertex 44.1931371614337 -32.61914333701134 70
    endloop
  endfacet
  facet normal -0.3090170435468278 0.9510565003182397 0
    outer loop
      vertex 44.49645306915045 -32.537870071828365 73.1
      vertex 44.715460658073425 -32.466710180044174 70
      vertex 44.49645306915045 -32.537870071828365 70
    endloop
  endfacet
  facet normal -0.35836799700500427 0.9335804082791269 0
    outer loop
      vertex 44.715460658073425 -32.466710180044174 73.1
      vertex 45.008619613945484 -32.35417698323727 70
      vertex 44.715460658073425 -32.466710180044174 70
    endloop
  endfacet
  facet normal -0.4067366680733278 0.9135454465129842 0
    outer loop
      vertex 45.008619613945484 -32.35417698323727 73.1
      vertex 45.2189891859889 -32.26051440834999 70
      vertex 45.008619613945484 -32.35417698323727 70
    endloop
  endfacet
  facet normal -0.4539905246801511 0.8910065114804947 0
    outer loop
      vertex 45.2189891859889 -32.26051440834999 73.1
      vertex 45.498779252171516 -32.11795423924923 70
      vertex 45.2189891859889 -32.26051440834999 70
    endloop
  endfacet
  facet normal -0.5000000124049407 0.8660253966224428 0
    outer loop
      vertex 45.498779252171516 -32.11795423924923 73.1
      vertex 45.698206037282944 -32.00281512737274 70
      vertex 45.498779252171516 -32.11795423924923 70
    endloop
  endfacet
  facet normal -0.5446390627142673 0.8386705499573265 0
    outer loop
      vertex 45.698206037282944 -32.00281512737274 73.1
      vertex 45.9615617915988 -31.831789888441563 70
      vertex 45.698206037282944 -32.00281512737274 70
    endloop
  endfacet
  facet normal 0 0 -1
    outer loop
      vertex 50 -36.5 70
      vertex 47.794513404369354 -29.568282961845398 70
      vertex 47.90704656392336 -29.27512401342392 70
    endloop
  endfacet
  facet normal 0 0 -1
    outer loop
      vertex 50 -36.5 70
      vertex 47.90704656392336 -29.27512401342392 70
      vertex 47.97820641845465 -29.056116454303265 70
    endloop
  endfacet
  facet normal 0 0 -1
    outer loop
      vertex 50 -36.5 70
      vertex 47.97820641845465 -29.056116454303265 70
      vertex 48.05947966128588 -28.752800539135933 70
    endloop
  endfacet
  facet normal 0 0 -1
    outer loop
      vertex 50 -36.5 70
      vertex 48.05947966128588 -28.752800539135933 70
      vertex 48.10735718905926 -28.52755445986986 70
    endloop
  endfacet
  facet normal 0 0 -1
    outer loop
      vertex 50 -36.5 70
      vertex 48.10735718905926 -28.52755445986986 70
      vertex 48.15648005902767 -28.217404760420322 70
    endloop
  endfacet
  facet normal 0 0 -1
    outer loop
      vertex 50 -36.5 70
      vertex 48.15648005902767 -28.217404760420322 70
      vertex 48.180550672113895 -27.9883881136775 70
    endloop
  endfacet
  facet normal 0 0 -1
    outer loop
      vertex 50 -36.5 70
      vertex 48.180550672113895 -27.9883881136775 70
      vertex 48.196984976530075 -27.674802839756012 70
    endloop
  endfacet
  facet normal 0 0 -1
    outer loop
      vertex 50 -36.5 70
      vertex 48.196984976530075 -27.674802839756012 70
      vertex 48.20000000298023 -27.559663757681847 70
    endloop
  endfacet
  facet normal -0.587785296500131 0.8090169622562021 0
    outer loop
      vertex 45.9615617915988 -31.831789888441563 73.1
      vertex 46.147860780358315 -31.69643573462963 70
      vertex 45.9615617915988 -31.831789888441563 70
    endloop
  endfacet
  facet normal -0.6293204214174093 0.777145936865795 0
    outer loop
      vertex 46.147860780358315 -31.69643573462963 73.1
      vertex 46.39189683645964 -31.49881921708584 70
      vertex 46.147860780358315 -31.69643573462963 70
    endloop
  endfacet
  facet normal -0.6691306301771538 0.7431448040313039 0
    outer loop
      vertex 46.39189683645964 -31.49881921708584 73.1
      vertex 46.56302689015865 -31.344733014702797 70
      vertex 46.39189683645964 -31.49881921708584 70
    endloop
  endfacet
  facet normal -0.7071068167767066 0.7071067455963868 0
    outer loop
      vertex 46.56302689015865 -31.344733014702797 73.1
      vertex 46.785069547593594 -31.122690334916115 70
      vertex 46.56302689015865 -31.344733014702797 70
    endloop
  endfacet
  facet normal -0.7431448571046009 0.6691305712332851 0
    outer loop
      vertex 46.785069547593594 -31.122690334916115 73.1
      vertex 46.93915570527315 -30.95156030356884 70
      vertex 46.785069547593594 -31.122690334916115 70
    endloop
  endfacet
  facet normal -0.7771459788677832 0.6293203695492742 0
    outer loop
      vertex 46.93915570527315 -30.95156030356884 73.1
      vertex 47.13677220791578 -30.707524232566357 70
      vertex 46.93915570527315 -30.95156030356884 70
    endloop
  endfacet
  facet normal -0.8090170126202122 0.5877852271800196 0
    outer loop
      vertex 47.13677220791578 -30.707524232566357 73.1
      vertex 47.27212633192539 -30.52122525125742 70
      vertex 47.13677220791578 -30.707524232566357 70
    endloop
  endfacet
  facet normal -0.8386705889475198 0.5446390026746342 0
    outer loop
      vertex 47.27212633192539 -30.52122525125742 73.1
      vertex 47.44315156340599 -30.257869467139244 70
      vertex 47.27212633192539 -30.52122525125742 70
    endloop
  endfacet
  facet normal -0.8660254165537549 0.4999999778828949 0
    outer loop
      vertex 47.44315156340599 -30.257869467139244 73.1
      vertex 47.55829066038132 -30.058442689478397 70
      vertex 47.44315156340599 -30.257869467139244 70
    endloop
  endfacet
  facet normal -0.8910065404563845 0.4539904678117651 0
    outer loop
      vertex 47.55829066038132 -30.058442689478397 73.1
      vertex 47.70085081458092 -29.778652608394623 70
      vertex 47.55829066038132 -30.058442689478397 70
    endloop
  endfacet
  facet normal -0.9135454759946477 0.4067366018564254 0
    outer loop
      vertex 47.70085081458092 -29.778652608394623 73.1
      vertex 47.794513404369354 -29.568282961845398 70
      vertex 47.70085081458092 -29.778652608394623 70
    endloop
  endfacet
  facet normal -0.9335804449227313 0.3583679015451512 0
    outer loop
      vertex 47.794513404369354 -29.568282961845398 73.1
      vertex 47.90704656392336 -29.27512401342392 70
      vertex 47.794513404369354 -29.568282961845398 70
    endloop
  endfacet
  facet normal -0.9510565355038769 0.30901693525656937 0
    outer loop
      vertex 47.90704656392336 -29.27512401342392 73.1
      vertex 47.97820641845465 -29.056116454303265 70
      vertex 47.90704656392336 -29.27512401342392 70
    endloop
  endfacet
  facet normal -0.9659258355954191 0.25881901037074423 0
    outer loop
      vertex 47.97820641845465 -29.056116454303265 73.1
      vertex 48.05947966128588 -28.752800539135933 70
      vertex 47.97820641845465 -29.056116454303265 70
    endloop
  endfacet
  facet normal -0.9781476045887806 0.20791167268152713 0
    outer loop
      vertex 48.05947966128588 -28.752800539135933 73.1
      vertex 48.10735718905926 -28.52755445986986 70
      vertex 48.05947966128588 -28.752800539135933 70
    endloop
  endfacet
  facet normal -0.9876883487609064 0.15643441348358827 0
    outer loop
      vertex 48.10735718905926 -28.52755445986986 73.1
      vertex 48.15648005902767 -28.217404760420322 70
      vertex 48.10735718905926 -28.52755445986986 70
    endloop
  endfacet
  facet normal -0.9945218982722661 0.10452843563800361 0
    outer loop
      vertex 48.15648005902767 -28.217404760420322 73.1
      vertex 48.180550672113895 -27.9883881136775 70
      vertex 48.15648005902767 -28.217404760420322 70
    endloop
  endfacet
  facet normal -0.9986295353214477 0.05233594542634556 0
    outer loop
      vertex 48.180550672113895 -27.9883881136775 73.1
      vertex 48.196984976530075 -27.674802839756012 70
      vertex 48.180550672113895 -27.9883881136775 70
    endloop
  endfacet
  facet normal -0.999657324185506 0.02617697847869946 0
    outer loop
      vertex 48.196984976530075 -27.674802839756012 73.1
      vertex 48.20000000298023 -27.559663757681847 70
      vertex 48.196984976530075 -27.674802839756012 70
    endloop
  endfacet
  facet normal -0.026176976785963785 0.9996573242298319 0
    outer loop
      vertex 35.05966376513243 -40.70000000298023 73.1
      vertex 35.17480285465717 -40.696984976530075 73.1
      vertex 35.17480285465717 -40.696984976530075 70
    endloop
  endfacet
  facet normal -0.05233594924714904 0.9986295351212079 0
    outer loop
      vertex 35.17480285465717 -40.696984976530075 73.1
      vertex 35.48838824778795 -40.680550664663315 73.1
      vertex 35.48838824778795 -40.680550664663315 70
    endloop
  endfacet
  facet normal -0.10452845591539826 0.9945218961410265 0
    outer loop
      vertex 35.48838824778795 -40.680550664663315 73.1
      vertex 35.71740499138832 -40.65648003667593 73.1
      vertex 35.71740499138832 -40.65648003667593 70
    endloop
  endfacet
  facet normal -0.15643447077382908 0.9876883396870251 0
    outer loop
      vertex 35.71740499138832 -40.65648003667593 73.1
      vertex 36.02755466848612 -40.607357151806355 73.1
      vertex 36.02755466848612 -40.607357151806355 70
    endloop
  endfacet
  facet normal -0.20791169705769463 0.9781475994074664 0
    outer loop
      vertex 36.02755466848612 -40.607357151806355 73.1
      vertex 36.25280075520277 -40.559479616582394 73.1
      vertex 36.25280075520277 -40.559479616582394 70
    endloop
  endfacet
  facet normal -0.25881905464550803 0.9659258237320325 0
    outer loop
      vertex 36.25280075520277 -40.559479616582394 73.1
      vertex 36.5561166703701 -40.47820635885 73.1
      vertex 36.5561166703701 -40.47820635885 70
    endloop
  endfacet
  facet normal -0.30901700403425203 0.9510565131566553 0
    outer loop
      vertex 36.5561166703701 -40.47820635885 73.1
      vertex 36.77512424439192 -40.40704648196697 73.1
      vertex 36.77512424439192 -40.40704648196697 70
    endloop
  endfacet
  facet normal -0.358367950842512 0.9335804259992488 0
    outer loop
      vertex 36.77512424439192 -40.40704648196697 73.1
      vertex 37.068283185362816 -40.29451330751181 73.1
      vertex 37.068283185362816 -40.29451330751181 70
    endloop
  endfacet
  facet normal -0.40673665900909506 0.9135454505486409 0
    outer loop
      vertex 37.068283185362816 -40.29451330751181 73.1
      vertex 37.27865277975798 -40.20085072517395 73.1
      vertex 37.27865277975798 -40.20085072517395 70
    endloop
  endfacet
  facet normal -0.45399049624595805 0.8910065259684403 0
    outer loop
      vertex 37.27865277975798 -40.20085072517395 73.1
      vertex 37.55844285339117 -40.05829056352377 73.1
      vertex 37.55844285339117 -40.05829056352377 70
    endloop
  endfacet
  facet normal 0.6293203910498343 0.7771459614569735 0
    outer loop
      vertex 42.762108378236114 -37.87481792713318 72.5
      vertex 42.912597283258926 -37.99668143959365 72.5
      vertex 42.912597283258926 -37.99668143959365 70
    endloop
  endfacet
  facet normal 0.8386705679454183 0.5446390350150357 0
    outer loop
      vertex 42.50331856040635 -37.587402716741074 72.5
      vertex 42.50331856040635 -37.587402716741074 70
      vertex 42.39785300299879 -37.425 72.5
    endloop
  endfacet
  facet normal 0.8910065241883708 0.453990499739541 0
    outer loop
      vertex 42.30994090336119 -37.25246278969023 72.5
      vertex 42.39785300299879 -37.425 72.5
      vertex 42.39785300299879 -37.425 70
    endloop
  endfacet
  facet normal 0.9335804264971974 0.35836794954531154 0
    outer loop
      vertex 42.30994090336119 -37.25246278969023 72.5
      vertex 42.30994090336119 -37.25246278969023 70
      vertex 42.240545444853964 -37.071681439593654 72.5
    endloop
  endfacet
  facet normal 0.7771459614569735 0.6293203910498343 0
    outer loop
      vertex 42.50331856040635 -37.587402716741074 72.5
      vertex 42.62518207286682 -37.737891621763886 72.5
      vertex 42.62518207286682 -37.737891621763886 70
    endloop
  endfacet
  facet normal 0.7071067811865476 0.7071067811865476 0
    outer loop
      vertex 42.762108378236114 -37.87481792713318 72.5
      vertex 42.762108378236114 -37.87481792713318 70
      vertex 42.62518207286682 -37.737891621763886 72.5
    endloop
  endfacet
  facet normal 0.5446390350150357 0.8386705679454183 0
    outer loop
      vertex 42.912597283258926 -37.99668143959365 72.5
      vertex 43.075 -38.10214699700121 72.5
      vertex 43.075 -38.10214699700121 70
    endloop
  endfacet
  facet normal 0.453990499739541 0.8910065241883708 0
    outer loop
      vertex 43.24753721030977 -38.19005909663881 72.5
      vertex 43.24753721030977 -38.19005909663881 70
      vertex 43.075 -38.10214699700121 72.5
    endloop
  endfacet
  facet normal 0.35836794954531154 0.9335804264971974 0
    outer loop
      vertex 43.24753721030977 -38.19005909663881 72.5
      vertex 43.428318560406346 -38.259454555146036 72.5
      vertex 43.428318560406346 -38.259454555146036 70
    endloop
  endfacet
  facet normal 0.25881904510251097 0.9659258262890709 0
    outer loop
      vertex 43.428318560406346 -38.259454555146036 72.5
      vertex 43.615363371987144 -38.30957306135754 72.5
      vertex 43.615363371987144 -38.30957306135754 70
    endloop
  endfacet
  facet normal 0.1564344650402512 0.9876883405951344 0
    outer loop
      vertex 43.615363371987144 -38.30957306135754 72.5
      vertex 43.80662234295484 -38.33986550643131 72.5
      vertex 43.80662234295484 -38.33986550643131 70
    endloop
  endfacet
  facet normal 0.9876883405951344 0.1564344650402512 0
    outer loop
      vertex 42.16013449356869 -36.69337765704516 72.5
      vertex 42.19042693864246 -36.884636628012856 72.5
      vertex 42.19042693864246 -36.884636628012856 70
    endloop
  endfacet
  facet normal 0.9986295347545744 0.052335956242933517 0
    outer loop
      vertex 42.16013449356869 -36.69337765704516 72.5
      vertex 42.16013449356869 -36.69337765704516 70
      vertex 42.15 -36.5 72.5
    endloop
  endfacet
  facet normal 0.9986295347545744 -0.052335956242933517 0
    outer loop
      vertex 42.15 -36.5 72.5
      vertex 42.15 -36.5 70
      vertex 42.16013449356869 -36.30662234295484 72.5
    endloop
  endfacet
  facet normal 0.9876883405951344 -0.1564344650402512 0
    outer loop
      vertex 42.16013449356869 -36.30662234295484 72.5
      vertex 42.16013449356869 -36.30662234295484 70
      vertex 42.19042693864246 -36.115363371987144 72.5
    endloop
  endfacet
  facet normal 0.9659258262890709 0.25881904510251097 0
    outer loop
      vertex 42.240545444853964 -37.071681439593654 72.5
      vertex 42.240545444853964 -37.071681439593654 70
      vertex 42.19042693864246 -36.884636628012856 72.5
    endloop
  endfacet
  facet normal 0.9659258262890709 -0.25881904510251097 0
    outer loop
      vertex 42.19042693864246 -36.115363371987144 72.5
      vertex 42.19042693864246 -36.115363371987144 70
      vertex 42.240545444853964 -35.928318560406346 72.5
    endloop
  endfacet
  facet normal 0.9335804264971974 -0.35836794954531154 0
    outer loop
      vertex 42.240545444853964 -35.928318560406346 72.5
      vertex 42.240545444853964 -35.928318560406346 70
      vertex 42.30994090336119 -35.74753721030977 72.5
    endloop
  endfacet
  facet normal 0.8910065241883708 -0.453990499739541 0
    outer loop
      vertex 42.30994090336119 -35.74753721030977 72.5
      vertex 42.30994090336119 -35.74753721030977 70
      vertex 42.39785300299879 -35.575 72.5
    endloop
  endfacet
  facet normal 0.8386705679454183 -0.5446390350150357 0
    outer loop
      vertex 42.39785300299879 -35.575 72.5
      vertex 42.39785300299879 -35.575 70
      vertex 42.50331856040635 -35.412597283258926 72.5
    endloop
  endfacet
  facet normal 0.7771459614569735 -0.6293203910498343 0
    outer loop
      vertex 42.50331856040635 -35.412597283258926 72.5
      vertex 42.50331856040635 -35.412597283258926 70
      vertex 42.62518207286682 -35.262108378236114 72.5
    endloop
  endfacet
  facet normal 0.7071067811865476 -0.7071067811865476 0
    outer loop
      vertex 42.62518207286682 -35.262108378236114 72.5
      vertex 42.62518207286682 -35.262108378236114 70
      vertex 42.762108378236114 -35.12518207286682 72.5
    endloop
  endfacet
  facet normal 0.6293203910498343 -0.7771459614569735 0
    outer loop
      vertex 42.762108378236114 -35.12518207286682 72.5
      vertex 42.762108378236114 -35.12518207286682 70
      vertex 42.912597283258926 -35.00331856040635 72.5
    endloop
  endfacet
  facet normal 0.5446390350150357 -0.8386705679454183 0
    outer loop
      vertex 42.912597283258926 -35.00331856040635 72.5
      vertex 42.912597283258926 -35.00331856040635 70
      vertex 43.075 -34.89785300299879 72.5
    endloop
  endfacet
  facet normal 0.453990499739541 -0.8910065241883708 0
    outer loop
      vertex 43.075 -34.89785300299879 72.5
      vertex 43.075 -34.89785300299879 70
      vertex 43.24753721030977 -34.80994090336119 72.5
    endloop
  endfacet
  facet normal 0.35836794954531154 -0.9335804264971974 0
    outer loop
      vertex 43.24753721030977 -34.80994090336119 72.5
      vertex 43.24753721030977 -34.80994090336119 70
      vertex 43.428318560406346 -34.740545444853964 72.5
    endloop
  endfacet
  facet normal 0.25881904510251097 -0.9659258262890709 0
    outer loop
      vertex 43.428318560406346 -34.740545444853964 72.5
      vertex 43.428318560406346 -34.740545444853964 70
      vertex 43.615363371987144 -34.69042693864246 72.5
    endloop
  endfacet
  facet normal 0.1564344650402512 -0.9876883405951344 0
    outer loop
      vertex 43.615363371987144 -34.69042693864246 72.5
      vertex 43.615363371987144 -34.69042693864246 70
      vertex 43.80662234295484 -34.66013449356869 72.5
    endloop
  endfacet
  facet normal 0.052335961698072614 -0.9986295344686827 0
    outer loop
      vertex 44 -42.5 70
      vertex 44.62717077881098 -42.4671313688159 70
      vertex 44 -42.5 75
    endloop
  endfacet
  facet normal 0.15643445553477123 -0.9876883421006546 0
    outer loop
      vertex 44.62717077881098 -42.4671313688159 70
      vertex 45.247470147907734 -42.36888560652733 70
      vertex 44.62717077881098 -42.4671313688159 75
    endloop
  endfacet
  facet normal 0.25881904950851087 -0.9659258251084867 0
    outer loop
      vertex 45.247470147907734 -42.36888560652733 70
      vertex 45.854101963341236 -42.206339098513126 70
      vertex 45.247470147907734 -42.36888560652733 75
    endloop
  endfacet
  facet normal 0.3583679532441575 -0.9335804250773435 0
    outer loop
      vertex 45.854101963341236 -42.206339098513126 70
      vertex 46.44041986018419 -41.981272742152214 70
      vertex 45.854101963341236 -42.206339098513126 75
    endloop
  endfacet
  facet normal 0.4539904916265432 -0.8910065283221495 0
    outer loop
      vertex 46.44041986018419 -41.981272742152214 70
      vertex 47 -41.69615242630243 70
      vertex 46.44041986018419 -41.981272742152214 75
    endloop
  endfacet
  facet normal 0.052335956242933517 0.9986295347545744 0
    outer loop
      vertex 43.80662234295484 -38.33986550643131 72.5
      vertex 44 -38.35 72.5
      vertex 44 -38.35 70
    endloop
  endfacet
  facet normal -0.052335956242933517 0.9986295347545744 0
    outer loop
      vertex 44 -38.35 72.5
      vertex 44.19337765704516 -38.33986550643131 72.5
      vertex 44.19337765704516 -38.33986550643131 70
    endloop
  endfacet
  facet normal -0.1564344650402512 0.9876883405951344 0
    outer loop
      vertex 44.19337765704516 -38.33986550643131 72.5
      vertex 44.384636628012856 -38.30957306135754 72.5
      vertex 44.384636628012856 -38.30957306135754 70
    endloop
  endfacet
  facet normal -0.25881904510251097 0.9659258262890709 0
    outer loop
      vertex 44.384636628012856 -38.30957306135754 72.5
      vertex 44.571681439593654 -38.259454555146036 72.5
      vertex 44.571681439593654 -38.259454555146036 70
    endloop
  endfacet
  facet normal -0.35836794954531154 0.9335804264971974 0
    outer loop
      vertex 44.571681439593654 -38.259454555146036 72.5
      vertex 44.75246278969023 -38.19005909663881 72.5
      vertex 44.75246278969023 -38.19005909663881 70
    endloop
  endfacet
  facet normal -0.453990499739541 0.8910065241883708 0
    outer loop
      vertex 44.75246278969023 -38.19005909663881 72.5
      vertex 44.925 -38.10214699700121 72.5
      vertex 44.925 -38.10214699700121 70
    endloop
  endfacet
  facet normal -0.5446390350150357 0.8386705679454183 0
    outer loop
      vertex 44.925 -38.10214699700121 72.5
      vertex 45.087402716741074 -37.99668143959365 72.5
      vertex 45.087402716741074 -37.99668143959365 70
    endloop
  endfacet
  facet normal -0.6293203910498343 0.7771459614569735 0
    outer loop
      vertex 45.087402716741074 -37.99668143959365 72.5
      vertex 45.237891621763886 -37.87481792713318 72.5
      vertex 45.237891621763886 -37.87481792713318 70
    endloop
  endfacet
  facet normal -0.7071067811865476 0.7071067811865476 0
    outer loop
      vertex 45.237891621763886 -37.87481792713318 72.5
      vertex 45.37481792713318 -37.737891621763886 72.5
      vertex 45.37481792713318 -37.737891621763886 70
    endloop
  endfacet
  facet normal -0.7771459614569735 0.6293203910498343 0
    outer loop
      vertex 45.37481792713318 -37.737891621763886 72.5
      vertex 45.49668143959365 -37.587402716741074 72.5
      vertex 45.49668143959365 -37.587402716741074 70
    endloop
  endfacet
  facet normal -0.8386705679454183 0.5446390350150357 0
    outer loop
      vertex 45.49668143959365 -37.587402716741074 72.5
      vertex 45.60214699700121 -37.425 72.5
      vertex 45.60214699700121 -37.425 70
    endloop
  endfacet
  facet normal -0.8910065241883708 0.453990499739541 0
    outer loop
      vertex 45.60214699700121 -37.425 72.5
      vertex 45.69005909663881 -37.25246278969023 72.5
      vertex 45.69005909663881 -37.25246278969023 70
    endloop
  endfacet
  facet normal 0.5446390406067345 -0.8386705643141267 0
    outer loop
      vertex 47 -41.69615242630243 70
      vertex 47.52671151608229 -41.354101963341236 70
      vertex 47 -41.69615242630243 75
    endloop
  endfacet
  facet normal 0.6293203941204519 -0.7771459589704363 0
    outer loop
      vertex 47.52671151608229 -41.354101963341236 70
      vertex 48.01478363573551 -40.95886895060539 70
      vertex 47.52671151608229 -41.354101963341236 75
    endloop
  endfacet
  facet normal 0.7071067811865476 -0.7071067811865476 0
    outer loop
      vertex 48.01478363573551 -40.95886895060539 70
      vertex 48.45886895060539 -40.51478363573551 70
      vertex 48.01478363573551 -40.95886895060539 75
    endloop
  endfacet
  facet normal 0.7771459589704363 -0.6293203941204519 0
    outer loop
      vertex 48.45886895060539 -40.51478363573551 70
      vertex 48.854101963341236 -40.02671151608229 70
      vertex 48.45886895060539 -40.51478363573551 75
    endloop
  endfacet
  facet normal 0.8386705643141267 -0.5446390406067345 0
    outer loop
      vertex 48.854101963341236 -40.02671151608229 70
      vertex 49.19615242630243 -39.5 70
      vertex 48.854101963341236 -40.02671151608229 75
    endloop
  endfacet
  facet normal 0.8910065283221495 -0.4539904916265432 0
    outer loop
      vertex 49.19615242630243 -39.5 70
      vertex 49.481272742152214 -38.94041986018419 70
      vertex 49.19615242630243 -39.5 75
    endloop
  endfacet
  facet normal 0.9335804250773435 -0.3583679532441575 0
    outer loop
      vertex 49.481272742152214 -38.94041986018419 70
      vertex 49.706339098513126 -38.354101963341236 70
      vertex 49.481272742152214 -38.94041986018419 75
    endloop
  endfacet
  facet normal 0.9659258251084867 -0.25881904950851087 0
    outer loop
      vertex 49.706339098513126 -38.354101963341236 70
      vertex 49.86888560652733 -37.747470147907734 70
      vertex 49.706339098513126 -38.354101963341236 75
    endloop
  endfacet
  facet normal 0.9876883421006546 -0.15643445553477123 0
    outer loop
      vertex 49.86888560652733 -37.747470147907734 70
      vertex 49.9671313688159 -37.12717077881098 70
      vertex 49.86888560652733 -37.747470147907734 75
    endloop
  endfacet
  facet normal 0.052335956242933517 -0.9986295347545744 0
    outer loop
      vertex 43.80662234295484 -34.66013449356869 72.5
      vertex 43.80662234295484 -34.66013449356869 70
      vertex 44 -34.65 72.5
    endloop
  endfacet
  facet normal -0.052335956242933517 -0.9986295347545744 0
    outer loop
      vertex 44 -34.65 72.5
      vertex 44 -34.65 70
      vertex 44.19337765704516 -34.66013449356869 72.5
    endloop
  endfacet
  facet normal -0.1564344650402512 -0.9876883405951344 0
    outer loop
      vertex 44.19337765704516 -34.66013449356869 72.5
      vertex 44.19337765704516 -34.66013449356869 70
      vertex 44.384636628012856 -34.69042693864246 72.5
    endloop
  endfacet
  facet normal -0.25881904510251097 -0.9659258262890709 0
    outer loop
      vertex 44.384636628012856 -34.69042693864246 72.5
      vertex 44.384636628012856 -34.69042693864246 70
      vertex 44.571681439593654 -34.740545444853964 72.5
    endloop
  endfacet
  facet normal -0.35836794954531154 -0.9335804264971974 0
    outer loop
      vertex 44.571681439593654 -34.740545444853964 72.5
      vertex 44.571681439593654 -34.740545444853964 70
      vertex 44.75246278969023 -34.80994090336119 72.5
    endloop
  endfacet
  facet normal -0.453990499739541 -0.8910065241883708 0
    outer loop
      vertex 44.75246278969023 -34.80994090336119 72.5
      vertex 44.75246278969023 -34.80994090336119 70
      vertex 44.925 -34.89785300299879 72.5
    endloop
  endfacet
  facet normal -0.5446390350150357 -0.8386705679454183 0
    outer loop
      vertex 45.087402716741074 -35.00331856040635 72.5
      vertex 44.925 -34.89785300299879 72.5
      vertex 44.925 -34.89785300299879 70
    endloop
  endfacet
  facet normal -0.6293203910498343 -0.7771459614569735 0
    outer loop
      vertex 45.087402716741074 -35.00331856040635 72.5
      vertex 45.087402716741074 -35.00331856040635 70
      vertex 45.237891621763886 -35.12518207286682 72.5
    endloop
  endfacet
  facet normal -0.7071067811865476 -0.7071067811865476 0
    outer loop
      vertex 45.37481792713318 -35.262108378236114 72.5
      vertex 45.237891621763886 -35.12518207286682 72.5
      vertex 45.237891621763886 -35.12518207286682 70
    endloop
  endfacet
  facet normal -0.9335804264971974 0.35836794954531154 0
    outer loop
      vertex 45.69005909663881 -37.25246278969023 72.5
      vertex 45.759454555146036 -37.071681439593654 72.5
      vertex 45.759454555146036 -37.071681439593654 70
    endloop
  endfacet
  facet normal -0.9659258262890709 0.25881904510251097 0
    outer loop
      vertex 45.759454555146036 -37.071681439593654 72.5
      vertex 45.80957306135754 -36.884636628012856 72.5
      vertex 45.80957306135754 -36.884636628012856 70
    endloop
  endfacet
  facet normal -0.9876883405951344 0.1564344650402512 0
    outer loop
      vertex 45.80957306135754 -36.884636628012856 72.5
      vertex 45.83986550643131 -36.69337765704516 72.5
      vertex 45.83986550643131 -36.69337765704516 70
    endloop
  endfacet
  facet normal -0.9986295347545744 0.052335956242933517 0
    outer loop
      vertex 45.83986550643131 -36.69337765704516 72.5
      vertex 45.85 -36.5 72.5
      vertex 45.85 -36.5 70
    endloop
  endfacet
  facet normal -0.9986295347545744 -0.052335956242933517 0
    outer loop
      vertex 45.85 -36.5 72.5
      vertex 45.83986550643131 -36.30662234295484 72.5
      vertex 45.83986550643131 -36.30662234295484 70
    endloop
  endfacet
  facet normal -0.9876883405951344 -0.1564344650402512 0
    outer loop
      vertex 45.83986550643131 -36.30662234295484 72.5
      vertex 45.80957306135754 -36.115363371987144 72.5
      vertex 45.80957306135754 -36.115363371987144 70
    endloop
  endfacet
  facet normal -0.9659258262890709 -0.25881904510251097 0
    outer loop
      vertex 45.80957306135754 -36.115363371987144 72.5
      vertex 45.759454555146036 -35.928318560406346 72.5
      vertex 45.759454555146036 -35.928318560406346 70
    endloop
  endfacet
  facet normal -0.8910065241883708 -0.453990499739541 0
    outer loop
      vertex 45.69005909663881 -35.74753721030977 72.5
      vertex 45.60214699700121 -35.575 72.5
      vertex 45.60214699700121 -35.575 70
    endloop
  endfacet
  facet normal -0.7771459614569735 -0.6293203910498343 0
    outer loop
      vertex 45.49668143959365 -35.412597283258926 72.5
      vertex 45.37481792713318 -35.262108378236114 72.5
      vertex 45.37481792713318 -35.262108378236114 70
    endloop
  endfacet
  facet normal -0.8386705679454183 -0.5446390350150357 0
    outer loop
      vertex 45.49668143959365 -35.412597283258926 72.5
      vertex 45.49668143959365 -35.412597283258926 70
      vertex 45.60214699700121 -35.575 72.5
    endloop
  endfacet
  facet normal -0.9335804264971974 -0.35836794954531154 0
    outer loop
      vertex 45.69005909663881 -35.74753721030977 72.5
      vertex 45.69005909663881 -35.74753721030977 70
      vertex 45.759454555146036 -35.928318560406346 72.5
    endloop
  endfacet
  facet normal 0.9986295344686827 -0.052335961698072614 0
    outer loop
      vertex 49.9671313688159 -37.12717077881098 70
      vertex 50 -36.5 70
      vertex 49.9671313688159 -37.12717077881098 75
    endloop
  endfacet
  facet normal -0.4999999778828949 0.8660254165537549 0
    outer loop
      vertex 37.55844285339117 -40.05829056352377 73.1
      vertex 37.75786963105202 -39.94315146654844 73.1
      vertex 37.75786963105202 -39.94315146654844 70
    endloop
  endfacet
  facet normal -0.5446390293369446 0.8386705716328138 0
    outer loop
      vertex 37.75786963105202 -39.94315146654844 73.1
      vertex 38.02122538536787 -39.772126242518425 73.1
      vertex 38.02122538536787 -39.772126242518425 70
    endloop
  endfacet
  facet normal -0.5877852445525733 0.8090169999983138 0
    outer loop
      vertex 38.02122538536787 -39.772126242518425 73.1
      vertex 38.20752438902855 -39.636772096157074 73.1
      vertex 38.20752438902855 -39.636772096157074 70
    endloop
  endfacet
  facet normal -0.629320395483342 0.7771459578667896 0
    outer loop
      vertex 38.20752438902855 -39.636772096157074 73.1
      vertex 38.45156045258045 -39.43915558606386 73.1
      vertex 38.45156045258045 -39.43915558606386 70
    endloop
  endfacet
  facet normal -0.6691306283975405 0.7431448056336751 0
    outer loop
      vertex 38.45156045258045 -39.43915558606386 73.1
      vertex 38.62269049882889 -39.2850693911314 73.1
      vertex 38.62269049882889 -39.2850693911314 70
    endloop
  endfacet
  facet normal -0.7071067811865476 0.7071067811865476 0
    outer loop
      vertex 38.62269049882889 -39.2850693911314 73.1
      vertex 38.84473315626383 -39.06302673369646 73.1
      vertex 38.84473315626383 -39.06302673369646 70
    endloop
  endfacet
  facet normal -0.7431448056336751 0.6691306283975405 0
    outer loop
      vertex 38.84473315626383 -39.06302673369646 73.1
      vertex 38.99881935119629 -38.891896687448025 73.1
      vertex 38.99881935119629 -38.891896687448025 70
    endloop
  endfacet
  facet normal -0.7771459578667896 0.629320395483342 0
    outer loop
      vertex 38.99881935119629 -38.891896687448025 73.1
      vertex 39.1964358612895 -38.64786062389612 73.1
      vertex 39.1964358612895 -38.64786062389612 70
    endloop
  endfacet
  facet normal -0.8090169972346416 0.5877852483564419 0
    outer loop
      vertex 39.1964358612895 -38.64786062389612 73.1
      vertex 39.33178999274969 -38.461561642587185 73.1
      vertex 39.33178999274969 -38.461561642587185 70
    endloop
  endfacet
  facet normal -0.8386705710716652 0.5446390302010375 0
    outer loop
      vertex 39.33178999274969 -38.461561642587185 73.1
      vertex 39.50281523168087 -38.19820586591959 73.1
      vertex 39.50281523168087 -38.19820586591959 70
    endloop
  endfacet
  facet normal -0.8660254165537549 0.4999999778828949 0
    outer loop
      vertex 39.50281523168087 -38.19820586591959 73.1
      vertex 39.6179543286562 -37.99877908825874 73.1
      vertex 39.6179543286562 -37.99877908825874 70
    endloop
  endfacet
  facet normal -0.8910065259684403 0.45399049624595805 0
    outer loop
      vertex 39.6179543286562 -37.99877908825874 73.1
      vertex 39.76051449030638 -37.71898901462555 73.1
      vertex 39.76051449030638 -37.71898901462555 70
    endloop
  endfacet
  facet normal -0.9135454505486409 0.40673665900909506 0
    outer loop
      vertex 39.76051449030638 -37.71898901462555 73.1
      vertex 39.854177072644234 -37.50861942023039 73.1
      vertex 39.854177072644234 -37.50861942023039 70
    endloop
  endfacet
  facet normal -0.9335804259992488 0.358367950842512 0
    outer loop
      vertex 39.854177072644234 -37.50861942023039 73.1
      vertex 39.9667102470994 -37.21546047925949 73.1
      vertex 39.9667102470994 -37.21546047925949 70
    endloop
  endfacet
  facet normal -0.9510565131566553 0.30901700403425203 0
    outer loop
      vertex 39.9667102470994 -37.21546047925949 73.1
      vertex 40.03787012398243 -36.996452905237675 73.1
      vertex 40.03787012398243 -36.996452905237675 70
    endloop
  endfacet
  facet normal -0.9659258237320325 0.25881905464550803 0
    outer loop
      vertex 40.03787012398243 -36.996452905237675 73.1
      vertex 40.11914338171482 -36.69313699007034 73.1
      vertex 40.11914338171482 -36.69313699007034 70
    endloop
  endfacet
  facet normal -0.978147596610256 0.2079117102175342 0
    outer loop
      vertex 40.11914338171482 -36.69313699007034 73.1
      vertex 40.16702091693878 -36.46789091825485 73.1
      vertex 40.16702091693878 -36.46789091825485 70
    endloop
  endfacet
  facet normal -0.9876883408482959 0.15643446344185244 0
    outer loop
      vertex 40.16702091693878 -36.46789091825485 73.1
      vertex 40.21614380180836 -36.157741226255894 73.1
      vertex 40.21614380180836 -36.157741226255894 70
    endloop
  endfacet
  facet normal -0.9914449125265851 0.13052580367556493 0
    outer loop
      vertex 40.21614380180836 -36.157741226255894 73.1
      vertex 40.22095796465874 -36.12117391824722 73.1
      vertex 40.22095796465874 -36.12117391824722 70
    endloop
  endfacet
  facet normal -0.9876883420831333 0.15643445564539588 0
    outer loop
      vertex 40.22095796465874 -36.12117391824722 73.1
      vertex 40.28272756934166 -35.73117595911026 73.1
      vertex 40.28272756934166 -35.73117595911026 70
    endloop
  endfacet
  facet normal -0.9781476104724821 0.20791164500088272 0
    outer loop
      vertex 40.28272756934166 -35.73117595911026 73.1
      vertex 40.291393756866455 -35.69040474295616 73.1
      vertex 40.291393756866455 -35.69040474295616 70
    endloop
  endfacet
  facet normal -0.965925821849404 0.25881906167157254 0
    outer loop
      vertex 40.291393756866455 -35.69040474295616 73.1
      vertex 40.38345514982939 -35.34682697057724 73.1
      vertex 40.38345514982939 -35.34682697057724 70
    endloop
  endfacet
  facet normal -0.9510565348890563 0.309016937148793 0
    outer loop
      vertex 40.38345514982939 -35.34682697057724 73.1
      vertex 40.39633567631245 -35.307184778153896 73.1
      vertex 40.39633567631245 -35.307184778153896 70
    endloop
  endfacet
  facet normal -0.9335804262228318 0.35836795026005863 0
    outer loop
      vertex 40.39633567631245 -35.307184778153896 73.1
      vertex 40.52380633354187 -34.9751123636961 73.1
      vertex 40.52380633354187 -34.9751123636961 70
    endloop
  endfacet
  facet normal -0.9135454661967277 0.40673662386291654 0
    outer loop
      vertex 40.52380633354187 -34.9751123636961 73.1
      vertex 40.540760070085526 -34.9370336458087 73.1
      vertex 40.540760070085526 -34.9370336458087 70
    endloop
  endfacet
  facet normal -0.8910065267162314 0.4539904947783353 0
    outer loop
      vertex 40.540760070085526 -34.9370336458087 73.1
      vertex 40.702243492007256 -34.62010458111763 73.1
      vertex 40.702243492007256 -34.62010458111763 70
    endloop
  endfacet
  facet normal -0.8660253863824631 0.5000000301411045 0
    outer loop
      vertex 40.702243492007256 -34.62010458111763 73.1
      vertex 40.72308462113142 -34.58400668948889 73.1
      vertex 40.72308462113142 -34.58400668948889 70
    endloop
  endfacet
  facet normal -0.8386705552339938 0.5446390545889127 0
    outer loop
      vertex 40.72308462113142 -34.58400668948889 73.1
      vertex 40.91681148856878 -34.2856934890151 73.1
      vertex 40.91681148856878 -34.2856934890151 70
    endloop
  endfacet
  facet normal -0.8090170877385424 0.5877851237884874 0
    outer loop
      vertex 40.91681148856878 -34.2856934890151 73.1
      vertex 40.94131160527468 -34.25197196006775 73.1
      vertex 40.94131160527468 -34.25197196006775 70
    endloop
  endfacet
  facet normal -0.7771459534759897 0.6293204009055282 0
    outer loop
      vertex 40.94131160527468 -34.25197196006775 73.1
      vertex 41.16515966504812 -33.97554263472557 73.1
      vertex 41.16515966504812 -33.97554263472557 70
    endloop
  endfacet
  facet normal -0.7431448181715272 0.6691306144728455 0
    outer loop
      vertex 41.16515966504812 -33.97554263472557 73.1
      vertex 41.19305045157671 -33.944566778838634 73.1
      vertex 41.19305045157671 -33.944566778838634 70
    endloop
  endfacet
  facet normal -0.7071067811865476 0.7071067811865476 0
    outer loop
      vertex 41.19305045157671 -33.944566778838634 73.1
      vertex 41.444566778838634 -33.69305045157671 73.1
      vertex 41.444566778838634 -33.69305045157671 70
    endloop
  endfacet
  facet normal -0.6691306144728455 0.7431448181715272 0
    outer loop
      vertex 41.444566778838634 -33.69305045157671 73.1
      vertex 41.47554263472557 -33.66515966504812 73.1
      vertex 41.47554263472557 -33.66515966504812 70
    endloop
  endfacet
  facet normal -0.6293203972614194 0.777145956426931 0
    outer loop
      vertex 41.47554263472557 -33.66515966504812 73.1
      vertex 41.751972027122974 -33.44131155312061 73.1
      vertex 41.751972027122974 -33.44131155312061 70
    endloop
  endfacet
  facet normal -0.5877851959310201 0.8090170353239369 0
    outer loop
      vertex 41.751972027122974 -33.44131155312061 73.1
      vertex 41.78569335490465 -33.41681157797575 73.1
      vertex 41.78569335490465 -33.41681157797575 70
    endloop
  endfacet
  facet normal -0.5446390518866788 0.838670556988845 0
    outer loop
      vertex 41.78569335490465 -33.41681157797575 73.1
      vertex 42.084006763994694 -33.22308457642794 73.1
      vertex 42.084006763994694 -33.22308457642794 70
    endloop
  endfacet
  facet normal -0.49999996385536283 0.8660254246525537 0
    outer loop
      vertex 42.084006763994694 -33.22308457642794 73.1
      vertex 42.12010455876589 -33.20224350690842 73.1
      vertex 42.12010455876589 -33.20224350690842 70
    endloop
  endfacet
  facet normal -0.45399049414473436 0.8910065270390671 0
    outer loop
      vertex 42.12010455876589 -33.20224350690842 73.1
      vertex 42.43703365325928 -33.040760070085526 73.1
      vertex 42.43703365325928 -33.040760070085526 70
    endloop
  endfacet
  facet normal -0.40673669028025616 0.9135454366258215 0
    outer loop
      vertex 42.43703365325928 -33.040760070085526 73.1
      vertex 42.4751123636961 -33.02380633354187 73.1
      vertex 42.4751123636961 -33.02380633354187 70
    endloop
  endfacet
  facet normal -0.35836795026005863 0.9335804262228318 0
    outer loop
      vertex 42.4751123636961 -33.02380633354187 73.1
      vertex 42.807184778153896 -32.89633567631245 73.1
      vertex 42.807184778153896 -32.89633567631245 70
    endloop
  endfacet
  facet normal -0.309016937148793 0.9510565348890563 0
    outer loop
      vertex 42.807184778153896 -32.89633567631245 73.1
      vertex 42.84682697057724 -32.88345514982939 73.1
      vertex 42.84682697057724 -32.88345514982939 70
    endloop
  endfacet
  facet normal -0.25881906167157254 0.965925821849404 0
    outer loop
      vertex 42.84682697057724 -32.88345514982939 73.1
      vertex 43.19040474295616 -32.791393756866455 73.1
      vertex 43.19040474295616 -32.791393756866455 70
    endloop
  endfacet
  facet normal -0.20791164914109106 0.9781476095924541 0
    outer loop
      vertex 43.19040474295616 -32.791393756866455 73.1
      vertex 43.23117606341839 -32.78272754698992 73.1
      vertex 43.23117606341839 -32.78272754698992 70
    endloop
  endfacet
  facet normal -0.15643445398722614 0.9876883423457615 0
    outer loop
      vertex 43.23117606341839 -32.78272754698992 73.1
      vertex 43.62117379158735 -32.7209579795599 73.1
      vertex 43.62117379158735 -32.7209579795599 70
    endloop
  endfacet
  facet normal -0.13052597554580794 0.9914448898994916 0
    outer loop
      vertex 43.62117379158735 -32.7209579795599 73.1
      vertex 43.65774139016867 -32.716143772006035 73.1
      vertex 43.65774139016867 -32.716143772006035 70
    endloop
  endfacet
  facet normal -0.1564344939199683 0.9876883360210363 0
    outer loop
      vertex 43.65774139016867 -32.716143772006035 73.1
      vertex 43.967891067266464 -32.66702087968588 73.1
      vertex 43.967891067266464 -32.66702087968588 70
    endloop
  endfacet
  facet normal -0.2079117214338601 0.9781475942261519 0
    outer loop
      vertex 43.967891067266464 -32.66702087968588 73.1
      vertex 44.1931371614337 -32.61914333701134 73.1
      vertex 44.1931371614337 -32.61914333701134 70
    endloop
  endfacet
  facet normal -0.25881908271458365 0.9659258162109456 0
    outer loop
      vertex 44.1931371614337 -32.61914333701134 73.1
      vertex 44.49645306915045 -32.537870071828365 73.1
      vertex 44.49645306915045 -32.537870071828365 70
    endloop
  endfacet
  facet normal -0.3090170435468278 0.9510565003182397 0
    outer loop
      vertex 44.49645306915045 -32.537870071828365 73.1
      vertex 44.715460658073425 -32.466710180044174 73.1
      vertex 44.715460658073425 -32.466710180044174 70
    endloop
  endfacet
  facet normal -0.35836799700500427 0.9335804082791269 0
    outer loop
      vertex 44.715460658073425 -32.466710180044174 73.1
      vertex 45.008619613945484 -32.35417698323727 73.1
      vertex 45.008619613945484 -32.35417698323727 70
    endloop
  endfacet
  facet normal -0.4067366680733278 0.9135454465129842 0
    outer loop
      vertex 45.008619613945484 -32.35417698323727 73.1
      vertex 45.2189891859889 -32.26051440834999 73.1
      vertex 45.2189891859889 -32.26051440834999 70
    endloop
  endfacet
  facet normal -0.4539905246801511 0.8910065114804947 0
    outer loop
      vertex 45.2189891859889 -32.26051440834999 73.1
      vertex 45.498779252171516 -32.11795423924923 73.1
      vertex 45.498779252171516 -32.11795423924923 70
    endloop
  endfacet
  facet normal -0.5000000124049407 0.8660253966224428 0
    outer loop
      vertex 45.498779252171516 -32.11795423924923 73.1
      vertex 45.698206037282944 -32.00281512737274 73.1
      vertex 45.698206037282944 -32.00281512737274 70
    endloop
  endfacet
  facet normal -0.5446390627142673 0.8386705499573265 0
    outer loop
      vertex 45.698206037282944 -32.00281512737274 73.1
      vertex 45.9615617915988 -31.831789888441563 73.1
      vertex 45.9615617915988 -31.831789888441563 70
    endloop
  endfacet
  facet normal -0.587785296500131 0.8090169622562021 0
    outer loop
      vertex 45.9615617915988 -31.831789888441563 73.1
      vertex 46.147860780358315 -31.69643573462963 73.1
      vertex 46.147860780358315 -31.69643573462963 70
    endloop
  endfacet
  facet normal -0.6293204214174093 0.777145936865795 0
    outer loop
      vertex 46.147860780358315 -31.69643573462963 73.1
      vertex 46.39189683645964 -31.49881921708584 73.1
      vertex 46.39189683645964 -31.49881921708584 70
    endloop
  endfacet
  facet normal -0.6691306301771538 0.7431448040313039 0
    outer loop
      vertex 46.39189683645964 -31.49881921708584 73.1
      vertex 46.56302689015865 -31.344733014702797 73.1
      vertex 46.56302689015865 -31.344733014702797 70
    endloop
  endfacet
  facet normal -0.7071068167767066 0.7071067455963868 0
    outer loop
      vertex 46.56302689015865 -31.344733014702797 73.1
      vertex 46.785069547593594 -31.122690334916115 73.1
      vertex 46.785069547593594 -31.122690334916115 70
    endloop
  endfacet
  facet normal -0.7431448571046009 0.6691305712332851 0
    outer loop
      vertex 46.785069547593594 -31.122690334916115 73.1
      vertex 46.93915570527315 -30.95156030356884 73.1
      vertex 46.93915570527315 -30.95156030356884 70
    endloop
  endfacet
  facet normal -0.7771459788677832 0.6293203695492742 0
    outer loop
      vertex 46.93915570527315 -30.95156030356884 73.1
      vertex 47.13677220791578 -30.707524232566357 73.1
      vertex 47.13677220791578 -30.707524232566357 70
    endloop
  endfacet
  facet normal -0.8090170126202122 0.5877852271800196 0
    outer loop
      vertex 47.13677220791578 -30.707524232566357 73.1
      vertex 47.27212633192539 -30.52122525125742 73.1
      vertex 47.27212633192539 -30.52122525125742 70
    endloop
  endfacet
  facet normal -0.8386705889475198 0.5446390026746342 0
    outer loop
      vertex 47.27212633192539 -30.52122525125742 73.1
      vertex 47.44315156340599 -30.257869467139244 73.1
      vertex 47.44315156340599 -30.257869467139244 70
    endloop
  endfacet
  facet normal -0.8660254165537549 0.4999999778828949 0
    outer loop
      vertex 47.44315156340599 -30.257869467139244 73.1
      vertex 47.55829066038132 -30.058442689478397 73.1
      vertex 47.55829066038132 -30.058442689478397 70
    endloop
  endfacet
  facet normal -0.8910065404563845 0.4539904678117651 0
    outer loop
      vertex 47.55829066038132 -30.058442689478397 73.1
      vertex 47.70085081458092 -29.778652608394623 73.1
      vertex 47.70085081458092 -29.778652608394623 70
    endloop
  endfacet
  facet normal -0.9135454759946477 0.4067366018564254 0
    outer loop
      vertex 47.70085081458092 -29.778652608394623 73.1
      vertex 47.794513404369354 -29.568282961845398 73.1
      vertex 47.794513404369354 -29.568282961845398 70
    endloop
  endfacet
  facet normal -0.9335804449227313 0.3583679015451512 0
    outer loop
      vertex 47.794513404369354 -29.568282961845398 73.1
      vertex 47.90704656392336 -29.27512401342392 73.1
      vertex 47.90704656392336 -29.27512401342392 70
    endloop
  endfacet
  facet normal -0.9510565355038769 0.30901693525656937 0
    outer loop
      vertex 47.90704656392336 -29.27512401342392 73.1
      vertex 47.97820641845465 -29.056116454303265 73.1
      vertex 47.97820641845465 -29.056116454303265 70
    endloop
  endfacet
  facet normal -0.9659258355954191 0.25881901037074423 0
    outer loop
      vertex 47.97820641845465 -29.056116454303265 73.1
      vertex 48.05947966128588 -28.752800539135933 73.1
      vertex 48.05947966128588 -28.752800539135933 70
    endloop
  endfacet
  facet normal -0.9781476045887806 0.20791167268152713 0
    outer loop
      vertex 48.05947966128588 -28.752800539135933 73.1
      vertex 48.10735718905926 -28.52755445986986 73.1
      vertex 48.10735718905926 -28.52755445986986 70
    endloop
  endfacet
  facet normal -0.9876883487609064 0.15643441348358827 0
    outer loop
      vertex 48.10735718905926 -28.52755445986986 73.1
      vertex 48.15648005902767 -28.217404760420322 73.1
      vertex 48.15648005902767 -28.217404760420322 70
    endloop
  endfacet
  facet normal -0.9945218982722661 0.10452843563800361 0
    outer loop
      vertex 48.15648005902767 -28.217404760420322 73.1
      vertex 48.180550672113895 -27.9883881136775 73.1
      vertex 48.180550672113895 -27.9883881136775 70
    endloop
  endfacet
  facet normal -0.9986295353214477 0.05233594542634556 0
    outer loop
      vertex 48.180550672113895 -27.9883881136775 73.1
      vertex 48.196984976530075 -27.674802839756012 73.1
      vertex 48.196984976530075 -27.674802839756012 70
    endloop
  endfacet
  facet normal -0.999657324185506 0.02617697847869946 0
    outer loop
      vertex 48.196984976530075 -27.674802839756012 73.1
      vertex 48.20000000298023 -27.559663757681847 73.1
      vertex 48.20000000298023 -27.559663757681847 70
    endloop
  endfacet
  facet normal 0 0 -1
    outer loop
      vertex 50 -36.5 70
      vertex 48.20000000298023 -27.559663757681847 70
      vertex 48.20000000298023 27.559663757681847 70
    endloop
  endfacet
  facet normal -1 0 0
    outer loop
      vertex 48.20000000298023 -27.559663757681847 73.1
      vertex 48.20000000298023 27.559663757681847 70
      vertex 48.20000000298023 -27.559663757681847 70
    endloop
  endfacet
  facet normal 1 0 0
    outer loop
      vertex 50 -36.5 70
      vertex 50 36.5 70
      vertex 50 -36.5 75
    endloop
  endfacet
  facet normal 0 -1 0
    outer loop
      vertex -44 -42.5 75
      vertex 44 -42.5 70
      vertex 44 -42.5 75
    endloop
  endfacet
  facet normal 0 0 1
    outer loop
      vertex -48.01478363573551 -40.95886895060539 75
      vertex 42.1038844621514 -39.78416844857457 75
      vertex 41.770982500419954 -39.56797938683583 75
    endloop
  endfacet
  facet normal 0 0 1
    outer loop
      vertex -48.01478363573551 -40.95886895060539 75
      vertex 42.45756066250319 -39.964375473534304 75
      vertex 42.1038844621514 -39.78416844857457 75
    endloop
  endfacet
  facet normal 0 0 1
    outer loop
      vertex -48.45886895060539 -40.51478363573551 75
      vertex 41.18182309908104 -39.03749787913418 75
      vertex 40.93202061316417 -38.729017499580046 75
    endloop
  endfacet
  facet normal 0 0 1
    outer loop
      vertex -48.45886895060539 -40.51478363573551 75
      vertex 41.46250212086582 -39.31817690091896 75
      vertex 41.18182309908104 -39.03749787913418 75
    endloop
  endfacet
  facet normal 0 0 1
    outer loop
      vertex -48.45886895060539 -40.51478363573551 75
      vertex 41.770982500419954 -39.56797938683583 75
      vertex 41.46250212086582 -39.31817690091896 75
    endloop
  endfacet
  facet normal 0 0 1
    outer loop
      vertex -47.52671151608229 -41.354101963341236 75
      vertex 43.21155082508014 -40.20936172812141 75
      vertex 42.82813615101278 -40.10662607583881 75
    endloop
  endfacet
  facet normal 0 0 1
    outer loop
      vertex -47.52671151608229 -41.354101963341236 75
      vertex 43.603603913301534 -40.271456837076855 75
      vertex 43.21155082508014 -40.20936172812141 75
    endloop
  endfacet
  facet normal 0 0 1
    outer loop
      vertex -47.52671151608229 -41.354101963341236 75
      vertex 42.82813615101278 -40.10662607583881 75
      vertex 42.45756066250319 -39.964375473534304 75
    endloop
  endfacet
  facet normal 0 0 1
    outer loop
      vertex -47.52671151608229 -41.354101963341236 75
      vertex 44 -40.29223107569721 75
      vertex 43.603603913301534 -40.271456837076855 75
    endloop
  endfacet
  facet normal 0 0 1
    outer loop
      vertex -44 -42.5 75
      vertex 44 -42.5 75
      vertex 45.247470147907734 -42.36888560652733 75
    endloop
  endfacet
  facet normal 0 0 1
    outer loop
      vertex -47.52671151608229 -41.354101963341236 75
      vertex 48.45886895060539 -40.51478363573551 75
      vertex 44 -40.29223107569721 75
    endloop
  endfacet
  facet normal 0 0 1
    outer loop
      vertex 40.71583155142543 -38.3961155378486 75
      vertex -42.457560662503184 -39.964375473534304 75
      vertex 40.93202061316417 -38.729017499580046 75
    endloop
  endfacet
  facet normal 0 0 1
    outer loop
      vertex -41.770982500419954 -39.56797938683583 75
      vertex 40.71583155142543 -38.3961155378486 75
      vertex 40.535624526465696 -38.04243933749681 75
    endloop
  endfacet
  facet normal 0 0 1
    outer loop
      vertex -41.770982500419954 -39.56797938683583 75
      vertex 40.535624526465696 -38.04243933749681 75
      vertex 40.39337392416119 -37.67186384898723 75
    endloop
  endfacet
  facet normal 0 0 1
    outer loop
      vertex 40.29063827187859 -37.28844917491986 75
      vertex -41.18182309908104 -39.03749787913418 75
      vertex 40.39337392416119 -37.67186384898723 75
    endloop
  endfacet
  facet normal 0 0 1
    outer loop
      vertex -40.71583155142543 -38.3961155378486 75
      vertex 40.29063827187859 -37.28844917491986 75
      vertex 40.228543162923145 -36.896396086698466 75
    endloop
  endfacet
  facet normal 0 0 1
    outer loop
      vertex -40.71583155142543 -38.3961155378486 75
      vertex 40.228543162923145 -36.896396086698466 75
      vertex 40.20776892430279 -36.5 75
    endloop
  endfacet
  facet normal 0 0 1
    outer loop
      vertex -44 -42.5 75
      vertex 45.247470147907734 -42.36888560652733 75
      vertex 45.854101963341236 -42.206339098513126 75
    endloop
  endfacet
  facet normal 0 0 1
    outer loop
      vertex -44.62717077881098 -42.4671313688159 75
      vertex 45.854101963341236 -42.206339098513126 75
      vertex 46.44041986018419 -41.981272742152214 75
    endloop
  endfacet
  facet normal 0 0 1
    outer loop
      vertex -45.247470147907734 -42.36888560652733 75
      vertex 46.44041986018419 -41.981272742152214 75
      vertex 47 -41.69615242630243 75
    endloop
  endfacet
  facet normal 0 0 1
    outer loop
      vertex -45.854101963341236 -42.206339098513126 75
      vertex 47 -41.69615242630243 75
      vertex 47.52671151608229 -41.354101963341236 75
    endloop
  endfacet
  facet normal 0 0 1
    outer loop
      vertex -46.44041986018419 -41.981272742152214 75
      vertex 47.52671151608229 -41.354101963341236 75
      vertex 48.01478363573551 -40.95886895060539 75
    endloop
  endfacet
  facet normal 0 0 1
    outer loop
      vertex -47 -41.69615242630243 75
      vertex 48.01478363573551 -40.95886895060539 75
      vertex 48.45886895060539 -40.51478363573551 75
    endloop
  endfacet
  facet normal 0 0 1
    outer loop
      vertex -40.20776892430279 -36.5 75
      vertex 40.20776892430279 -36.5 75
      vertex 40.228543162923145 -36.103603913301534 75
    endloop
  endfacet
  facet normal 0 0 1
    outer loop
      vertex -40.228543162923145 -36.103603913301534 75
      vertex 40.228543162923145 -36.103603913301534 75
      vertex 40.29063827187859 -35.71155082508014 75
    endloop
  endfacet
  facet normal 0 0 1
    outer loop
      vertex -40.29063827187859 -35.71155082508014 75
      vertex 40.29063827187859 -35.71155082508014 75
      vertex 40.39337392416119 -35.32813615101277 75
    endloop
  endfacet
  facet normal 0 0 1
    outer loop
      vertex -40.39337392416119 -35.32813615101277 75
      vertex 40.39337392416119 -35.32813615101277 75
      vertex 40.535624526465696 -34.95756066250319 75
    endloop
  endfacet
  facet normal 0 0 1
    outer loop
      vertex -40.535624526465696 -34.95756066250319 75
      vertex 40.535624526465696 -34.95756066250319 75
      vertex 40.71583155142543 -34.6038844621514 75
    endloop
  endfacet
  facet normal 0 0 1
    outer loop
      vertex -40.71583155142543 -34.6038844621514 75
      vertex 40.71583155142543 -34.6038844621514 75
      vertex 40.93202061316417 -34.270982500419954 75
    endloop
  endfacet
  facet normal 0 0 1
    outer loop
      vertex -40.71583155142543 -34.6038844621514 75
      vertex 40.93202061316417 -34.270982500419954 75
      vertex 41.18182309908104 -33.96250212086582 75
    endloop
  endfacet
  facet normal 0 0 1
    outer loop
      vertex -40.71583155142543 -34.6038844621514 75
      vertex 41.18182309908104 -33.96250212086582 75
      vertex 41.46250212086582 -33.68182309908104 75
    endloop
  endfacet
  facet normal 0 0 1
    outer loop
      vertex -40.71583155142543 -34.6038844621514 75
      vertex 41.46250212086582 -33.68182309908104 75
      vertex 41.770982500419954 -33.43202061316417 75
    endloop
  endfacet
  facet normal 0 0 1
    outer loop
      vertex -40.71583155142543 -34.6038844621514 75
      vertex 41.770982500419954 -33.43202061316417 75
      vertex 42.1038844621514 -33.21583155142543 75
    endloop
  endfacet
  facet normal 0 0 1
    outer loop
      vertex -40.71583155142543 -34.6038844621514 75
      vertex 42.1038844621514 -33.21583155142543 75
      vertex 42.45756066250319 -33.035624526465696 75
    endloop
  endfacet
  facet normal 0 0 1
    outer loop
      vertex -40.71583155142543 -34.6038844621514 75
      vertex 42.45756066250319 -33.035624526465696 75
      vertex 42.82813615101277 -32.89337392416119 75
    endloop
  endfacet
  facet normal 0 0 1
    outer loop
      vertex -40.71583155142543 -34.6038844621514 75
      vertex 42.82813615101277 -32.89337392416119 75
      vertex 43.21155082508014 -32.79063827187859 75
    endloop
  endfacet
  facet normal 0 0 1
    outer loop
      vertex -40.71583155142543 -34.6038844621514 75
      vertex 43.21155082508014 -32.79063827187859 75
      vertex 43.603603913301534 -32.728543162923145 75
    endloop
  endfacet
  facet normal 0 0 -1
    outer loop
      vertex -35.059663876891136 -40.70000000298023 73.1
      vertex 43.6211738884449 32.72095795720816 73.1
      vertex 35.05966376513243 -40.70000000298023 73.1
    endloop
  endfacet
  facet normal 0 0 1
    outer loop
      vertex 44.78844917491986 32.79063827187859 75
      vertex -40.71583155142543 -34.6038844621514 75
      vertex 43.603603913301534 -32.728543162923145 75
    endloop
  endfacet
  facet normal 0.6140217000846631 0.49722496876380934 0.6129801646570378
    outer loop
      vertex 42.50331856040635 -37.587402716741074 72.5
      vertex 40.93202061316417 -38.729017499580046 75
      vertex 42.62518207286682 -37.737891621763886 72.5
    endloop
  endfacet
  facet normal 0.7039827367087977 0.3586971203578626 0.6129801646570372
    outer loop
      vertex 42.30994090336119 -37.25246278969023 72.5
      vertex 40.535624526465696 -38.04243933749681 75
      vertex 42.39785300299879 -37.425 72.5
    endloop
  endfacet
  facet normal 0.737620304387713 0.2831459063663293 0.6129801646570363
    outer loop
      vertex 42.30994090336119 -37.25246278969023 72.5
      vertex 42.240545444853964 -37.071681439593654 72.5
      vertex 40.39337392416119 -37.67186384898723 75
    endloop
  endfacet
  facet normal 0.6626321868486317 0.4303183736365828 0.6129801646570355
    outer loop
      vertex 42.50331856040635 -37.587402716741074 72.5
      vertex 42.39785300299879 -37.425 72.5
      vertex 40.71583155142543 -38.3961155378486 75
    endloop
  endfacet
  facet normal 0.43031837363658176 0.6626321868486301 0.6129801646570378
    outer loop
      vertex 42.912597283258926 -37.99668143959365 72.5
      vertex 41.770982500419954 -39.56797938683583 75
      vertex 43.075 -38.10214699700121 72.5
    endloop
  endfacet
  facet normal 0.35869712035786316 0.703982736708799 0.6129801646570356
    outer loop
      vertex 43.24753721030977 -38.19005909663881 72.5
      vertex 43.075 -38.10214699700121 72.5
      vertex 42.1038844621514 -39.78416844857457 75
    endloop
  endfacet
  facet normal 0.20449248657252625 0.7631763496547952 0.612980164657036
    outer loop
      vertex 43.428318560406346 -38.259454555146036 72.5
      vertex 42.82813615101278 -40.10662607583881 75
      vertex 43.615363371987144 -38.30957306135754 72.5
    endloop
  endfacet
  facet normal 0.2831459063663291 0.7376203043877123 0.6129801646570374
    outer loop
      vertex 43.24753721030977 -38.19005909663881 72.5
      vertex 42.45756066250319 -39.964375473534304 75
      vertex 43.428318560406346 -38.259454555146036 72.5
    endloop
  endfacet
  facet normal 0.12359860430307058 0.780370875130129 0.612980164657038
    outer loop
      vertex 43.615363371987144 -38.30957306135754 72.5
      vertex 43.21155082508014 -40.20936172812141 75
      vertex 43.80662234295484 -38.33986550643131 72.5
    endloop
  endfacet
  facet normal 0.4972249687638095 0.6140217000846633 0.6129801646570373
    outer loop
      vertex 42.762108378236114 -37.87481792713318 72.5
      vertex 41.46250212086582 -39.31817690091896 75
      vertex 42.912597283258926 -37.99668143959365 72.5
    endloop
  endfacet
  facet normal 0.5586838630822585 0.5586838630822585 0.6129801646570373
    outer loop
      vertex 42.762108378236114 -37.87481792713318 72.5
      vertex 42.62518207286682 -37.737891621763886 72.5
      vertex 41.18182309908104 -39.03749787913418 75
    endloop
  endfacet
  facet normal 0.7631763496547938 0.20449248657252583 0.6129801646570378
    outer loop
      vertex 42.240545444853964 -37.071681439593654 72.5
      vertex 42.19042693864246 -36.884636628012856 72.5
      vertex 40.29063827187859 -37.28844917491986 75
    endloop
  endfacet
  facet normal 0.780370875130131 0.12359860430307089 0.6129801646570354
    outer loop
      vertex 42.16013449356869 -36.69337765704516 72.5
      vertex 40.228543162923145 -36.896396086698466 75
      vertex 42.19042693864246 -36.884636628012856 72.5
    endloop
  endfacet
  facet normal 0.7890154939944433 0.04135054986015233 0.6129801646570366
    outer loop
      vertex 42.16013449356869 -36.69337765704516 72.5
      vertex 42.15 -36.5 72.5
      vertex 40.20776892430279 -36.5 75
    endloop
  endfacet
  facet normal 0.7890154939944439 -0.04135054986015237 0.6129801646570358
    outer loop
      vertex 42.15 -36.5 72.5
      vertex 42.16013449356869 -36.30662234295484 72.5
      vertex 40.228543162923145 -36.103603913301534 75
    endloop
  endfacet
  facet normal 0.780370875130129 -0.12359860430307058 0.612980164657038
    outer loop
      vertex 42.16013449356869 -36.30662234295484 72.5
      vertex 42.19042693864246 -36.115363371987144 72.5
      vertex 40.29063827187859 -35.71155082508014 75
    endloop
  endfacet
  facet normal 0.763176349654795 -0.20449248657252617 0.6129801646570364
    outer loop
      vertex 42.19042693864246 -36.115363371987144 72.5
      vertex 42.240545444853964 -35.928318560406346 72.5
      vertex 40.39337392416119 -35.32813615101277 75
    endloop
  endfacet
  facet normal 0.7376203043877123 -0.2831459063663291 0.6129801646570374
    outer loop
      vertex 42.240545444853964 -35.928318560406346 72.5
      vertex 42.30994090336119 -35.74753721030977 72.5
      vertex 40.535624526465696 -34.95756066250319 75
    endloop
  endfacet
  facet normal 0.703982736708799 -0.35869712035786316 0.6129801646570356
    outer loop
      vertex 42.30994090336119 -35.74753721030977 72.5
      vertex 42.39785300299879 -35.575 72.5
      vertex 40.71583155142543 -34.6038844621514 75
    endloop
  endfacet
  facet normal 0.6626321868486302 -0.4303183736365819 0.6129801646570379
    outer loop
      vertex 42.39785300299879 -35.575 72.5
      vertex 42.50331856040635 -35.412597283258926 72.5
      vertex 40.93202061316417 -34.270982500419954 75
    endloop
  endfacet
  facet normal 0.6140217000846633 -0.4972249687638095 0.6129801646570373
    outer loop
      vertex 42.50331856040635 -35.412597283258926 72.5
      vertex 42.62518207286682 -35.262108378236114 72.5
      vertex 41.18182309908104 -33.96250212086582 75
    endloop
  endfacet
  facet normal 0.5586838630822585 -0.5586838630822585 0.6129801646570373
    outer loop
      vertex 42.62518207286682 -35.262108378236114 72.5
      vertex 42.762108378236114 -35.12518207286682 72.5
      vertex 41.46250212086582 -33.68182309908104 75
    endloop
  endfacet
  facet normal 0.49722496876380934 -0.6140217000846631 0.6129801646570378
    outer loop
      vertex 42.762108378236114 -35.12518207286682 72.5
      vertex 42.912597283258926 -35.00331856040635 72.5
      vertex 41.770982500419954 -33.43202061316417 75
    endloop
  endfacet
  facet normal 0.4303183736365828 -0.6626321868486317 0.6129801646570355
    outer loop
      vertex 42.912597283258926 -35.00331856040635 72.5
      vertex 43.075 -34.89785300299879 72.5
      vertex 42.1038844621514 -33.21583155142543 75
    endloop
  endfacet
  facet normal 0.3586971203578626 -0.7039827367087977 0.6129801646570372
    outer loop
      vertex 43.075 -34.89785300299879 72.5
      vertex 43.24753721030977 -34.80994090336119 72.5
      vertex 42.45756066250319 -33.035624526465696 75
    endloop
  endfacet
  facet normal 0.2831459063663293 -0.737620304387713 0.6129801646570363
    outer loop
      vertex 43.24753721030977 -34.80994090336119 72.5
      vertex 43.428318560406346 -34.740545444853964 72.5
      vertex 42.82813615101277 -32.89337392416119 75
    endloop
  endfacet
  facet normal 0.20449248657252583 -0.7631763496547938 0.6129801646570378
    outer loop
      vertex 43.428318560406346 -34.740545444853964 72.5
      vertex 43.615363371987144 -34.69042693864246 72.5
      vertex 43.21155082508014 -32.79063827187859 75
    endloop
  endfacet
  facet normal 0.12359860430307089 -0.780370875130131 0.6129801646570354
    outer loop
      vertex 43.615363371987144 -34.69042693864246 72.5
      vertex 43.80662234295484 -34.66013449356869 72.5
      vertex 43.603603913301534 -32.728543162923145 75
    endloop
  endfacet
  facet normal 0.052335961698072614 -0.9986295344686827 0
    outer loop
      vertex 44.62717077881098 -42.4671313688159 70
      vertex 44.62717077881098 -42.4671313688159 75
      vertex 44 -42.5 75
    endloop
  endfacet
  facet normal 0.15643445553477123 -0.9876883421006546 0
    outer loop
      vertex 45.247470147907734 -42.36888560652733 70
      vertex 45.247470147907734 -42.36888560652733 75
      vertex 44.62717077881098 -42.4671313688159 75
    endloop
  endfacet
  facet normal 0.25881904950851087 -0.9659258251084867 0
    outer loop
      vertex 45.854101963341236 -42.206339098513126 70
      vertex 45.854101963341236 -42.206339098513126 75
      vertex 45.247470147907734 -42.36888560652733 75
    endloop
  endfacet
  facet normal 0.3583679532441575 -0.9335804250773435 0
    outer loop
      vertex 46.44041986018419 -41.981272742152214 70
      vertex 46.44041986018419 -41.981272742152214 75
      vertex 45.854101963341236 -42.206339098513126 75
    endloop
  endfacet
  facet normal 0.4539904916265432 -0.8910065283221495 0
    outer loop
      vertex 47 -41.69615242630243 70
      vertex 47 -41.69615242630243 75
      vertex 46.44041986018419 -41.981272742152214 75
    endloop
  endfacet
  facet normal 0.04135054986015237 0.7890154939944439 0.6129801646570358
    outer loop
      vertex 43.80662234295484 -38.33986550643131 72.5
      vertex 43.603603913301534 -40.271456837076855 75
      vertex 44 -38.35 72.5
    endloop
  endfacet
  facet normal -0.04135054986015233 0.7890154939944433 0.6129801646570366
    outer loop
      vertex 44 -38.35 72.5
      vertex 44 -40.29223107569721 75
      vertex 44.19337765704516 -38.33986550643131 72.5
    endloop
  endfacet
  facet normal -0.12359860430307089 0.780370875130131 0.6129801646570354
    outer loop
      vertex 44.19337765704516 -38.33986550643131 72.5
      vertex 44.396396086698466 -40.271456837076855 75
      vertex 44.384636628012856 -38.30957306135754 72.5
    endloop
  endfacet
  facet normal -0.20449248657252583 0.7631763496547938 0.6129801646570378
    outer loop
      vertex 44.384636628012856 -38.30957306135754 72.5
      vertex 44.78844917491986 -40.20936172812141 75
      vertex 44.571681439593654 -38.259454555146036 72.5
    endloop
  endfacet
  facet normal -0.2831459063663293 0.737620304387713 0.6129801646570363
    outer loop
      vertex 44.571681439593654 -38.259454555146036 72.5
      vertex 45.17186384898723 -40.10662607583881 75
      vertex 44.75246278969023 -38.19005909663881 72.5
    endloop
  endfacet
  facet normal -0.3586971203578626 0.7039827367087977 0.6129801646570372
    outer loop
      vertex 44.75246278969023 -38.19005909663881 72.5
      vertex 45.54243933749681 -39.964375473534304 75
      vertex 44.925 -38.10214699700121 72.5
    endloop
  endfacet
  facet normal -0.4303183736365828 0.6626321868486317 0.6129801646570355
    outer loop
      vertex 44.925 -38.10214699700121 72.5
      vertex 45.8961155378486 -39.78416844857457 75
      vertex 45.087402716741074 -37.99668143959365 72.5
    endloop
  endfacet
  facet normal -0.49722496876380934 0.6140217000846631 0.6129801646570378
    outer loop
      vertex 45.087402716741074 -37.99668143959365 72.5
      vertex 46.229017499580046 -39.56797938683583 75
      vertex 45.237891621763886 -37.87481792713318 72.5
    endloop
  endfacet
  facet normal -0.5586838630822585 0.5586838630822585 0.6129801646570373
    outer loop
      vertex 45.237891621763886 -37.87481792713318 72.5
      vertex 46.53749787913418 -39.31817690091896 75
      vertex 45.37481792713318 -37.737891621763886 72.5
    endloop
  endfacet
  facet normal -0.6140217000846633 0.4972249687638095 0.6129801646570373
    outer loop
      vertex 45.37481792713318 -37.737891621763886 72.5
      vertex 46.81817690091896 -39.03749787913418 75
      vertex 45.49668143959365 -37.587402716741074 72.5
    endloop
  endfacet
  facet normal -0.6626321868486301 0.43031837363658176 0.6129801646570378
    outer loop
      vertex 45.49668143959365 -37.587402716741074 72.5
      vertex 47.06797938683583 -38.729017499580046 75
      vertex 45.60214699700121 -37.425 72.5
    endloop
  endfacet
  facet normal -0.703982736708799 0.35869712035786316 0.6129801646570356
    outer loop
      vertex 45.60214699700121 -37.425 72.5
      vertex 47.28416844857457 -38.3961155378486 75
      vertex 45.69005909663881 -37.25246278969023 72.5
    endloop
  endfacet
  facet normal -0.7376203043877123 0.2831459063663291 0.6129801646570374
    outer loop
      vertex 45.69005909663881 -37.25246278969023 72.5
      vertex 47.464375473534304 -38.04243933749681 75
      vertex 45.759454555146036 -37.071681439593654 72.5
    endloop
  endfacet
  facet normal -0.763176349654795 0.20449248657252617 0.6129801646570364
    outer loop
      vertex 45.759454555146036 -37.071681439593654 72.5
      vertex 47.60662607583881 -37.67186384898723 75
      vertex 45.80957306135754 -36.884636628012856 72.5
    endloop
  endfacet
  facet normal 0.5446390406067345 -0.8386705643141267 0
    outer loop
      vertex 47.52671151608229 -41.354101963341236 70
      vertex 47.52671151608229 -41.354101963341236 75
      vertex 47 -41.69615242630243 75
    endloop
  endfacet
  facet normal 0.6293203941204519 -0.7771459589704363 0
    outer loop
      vertex 48.01478363573551 -40.95886895060539 70
      vertex 48.01478363573551 -40.95886895060539 75
      vertex 47.52671151608229 -41.354101963341236 75
    endloop
  endfacet
  facet normal 0.7071067811865476 -0.7071067811865476 0
    outer loop
      vertex 48.45886895060539 -40.51478363573551 70
      vertex 48.45886895060539 -40.51478363573551 75
      vertex 48.01478363573551 -40.95886895060539 75
    endloop
  endfacet
  facet normal 0.7771459589704363 -0.6293203941204519 0
    outer loop
      vertex 48.854101963341236 -40.02671151608229 70
      vertex 48.854101963341236 -40.02671151608229 75
      vertex 48.45886895060539 -40.51478363573551 75
    endloop
  endfacet
  facet normal 0.8386705643141267 -0.5446390406067345 0
    outer loop
      vertex 49.19615242630243 -39.5 70
      vertex 49.19615242630243 -39.5 75
      vertex 48.854101963341236 -40.02671151608229 75
    endloop
  endfacet
  facet normal 0.8910065283221495 -0.4539904916265432 0
    outer loop
      vertex 49.481272742152214 -38.94041986018419 70
      vertex 49.481272742152214 -38.94041986018419 75
      vertex 49.19615242630243 -39.5 75
    endloop
  endfacet
  facet normal 0.9335804250773435 -0.3583679532441575 0
    outer loop
      vertex 49.706339098513126 -38.354101963341236 70
      vertex 49.706339098513126 -38.354101963341236 75
      vertex 49.481272742152214 -38.94041986018419 75
    endloop
  endfacet
  facet normal 0.9659258251084867 -0.25881904950851087 0
    outer loop
      vertex 49.86888560652733 -37.747470147907734 70
      vertex 49.86888560652733 -37.747470147907734 75
      vertex 49.706339098513126 -38.354101963341236 75
    endloop
  endfacet
  facet normal 0.9876883421006546 -0.15643445553477123 0
    outer loop
      vertex 49.9671313688159 -37.12717077881098 70
      vertex 49.9671313688159 -37.12717077881098 75
      vertex 49.86888560652733 -37.747470147907734 75
    endloop
  endfacet
  facet normal -0.780370875130129 0.12359860430307058 0.612980164657038
    outer loop
      vertex 45.80957306135754 -36.884636628012856 72.5
      vertex 47.70936172812141 -37.28844917491986 75
      vertex 45.83986550643131 -36.69337765704516 72.5
    endloop
  endfacet
  facet normal -0.7890154939944439 0.04135054986015237 0.6129801646570358
    outer loop
      vertex 45.83986550643131 -36.69337765704516 72.5
      vertex 47.771456837076855 -36.896396086698466 75
      vertex 45.85 -36.5 72.5
    endloop
  endfacet
  facet normal -0.780370875130131 -0.12359860430307089 0.6129801646570354
    outer loop
      vertex 45.83986550643131 -36.30662234295484 72.5
      vertex 47.771456837076855 -36.103603913301534 75
      vertex 45.80957306135754 -36.115363371987144 72.5
    endloop
  endfacet
  facet normal -0.7631763496547938 -0.20449248657252583 0.6129801646570378
    outer loop
      vertex 45.80957306135754 -36.115363371987144 72.5
      vertex 47.70936172812141 -35.71155082508014 75
      vertex 45.759454555146036 -35.928318560406346 72.5
    endloop
  endfacet
  facet normal -0.7890154939944433 -0.04135054986015233 0.6129801646570366
    outer loop
      vertex 45.85 -36.5 72.5
      vertex 47.79223107569721 -36.5 75
      vertex 45.83986550643131 -36.30662234295484 72.5
    endloop
  endfacet
  facet normal -0.4972249687638095 -0.6140217000846633 0.6129801646570373
    outer loop
      vertex 45.087402716741074 -35.00331856040635 72.5
      vertex 45.237891621763886 -35.12518207286682 72.5
      vertex 46.53749787913418 -33.68182309908104 75
    endloop
  endfacet
  facet normal -0.6140217000846631 -0.49722496876380934 0.6129801646570378
    outer loop
      vertex 45.49668143959365 -35.412597283258926 72.5
      vertex 47.06797938683583 -34.270982500419954 75
      vertex 45.37481792713318 -35.262108378236114 72.5
    endloop
  endfacet
  facet normal -0.5586838630822585 -0.5586838630822585 0.6129801646570373
    outer loop
      vertex 45.37481792713318 -35.262108378236114 72.5
      vertex 46.81817690091896 -33.96250212086582 75
      vertex 45.237891621763886 -35.12518207286682 72.5
    endloop
  endfacet
  facet normal -0.737620304387713 -0.2831459063663293 0.6129801646570363
    outer loop
      vertex 45.69005909663881 -35.74753721030977 72.5
      vertex 45.759454555146036 -35.928318560406346 72.5
      vertex 47.60662607583881 -35.32813615101277 75
    endloop
  endfacet
  facet normal -0.7039827367087977 -0.3586971203578626 0.6129801646570372
    outer loop
      vertex 45.69005909663881 -35.74753721030977 72.5
      vertex 47.464375473534304 -34.95756066250319 75
      vertex 45.60214699700121 -35.575 72.5
    endloop
  endfacet
  facet normal -0.6626321868486317 -0.4303183736365828 0.6129801646570355
    outer loop
      vertex 45.49668143959365 -35.412597283258926 72.5
      vertex 45.60214699700121 -35.575 72.5
      vertex 47.28416844857457 -34.6038844621514 75
    endloop
  endfacet
  facet normal 0.04135054986015233 -0.7890154939944433 0.6129801646570366
    outer loop
      vertex 43.80662234295484 -34.66013449356869 72.5
      vertex 44 -34.65 72.5
      vertex 44 -32.70776892430279 75
    endloop
  endfacet
  facet normal -0.04135054986015237 -0.7890154939944439 0.6129801646570358
    outer loop
      vertex 44 -34.65 72.5
      vertex 44.19337765704516 -34.66013449356869 72.5
      vertex 44.396396086698466 -32.728543162923145 75
    endloop
  endfacet
  facet normal -0.12359860430307058 -0.780370875130129 0.612980164657038
    outer loop
      vertex 44.19337765704516 -34.66013449356869 72.5
      vertex 44.384636628012856 -34.69042693864246 72.5
      vertex 44.78844917491986 -32.79063827187859 75
    endloop
  endfacet
  facet normal -0.20449248657252617 -0.763176349654795 0.6129801646570364
    outer loop
      vertex 44.384636628012856 -34.69042693864246 72.5
      vertex 44.571681439593654 -34.740545444853964 72.5
      vertex 45.17186384898723 -32.89337392416119 75
    endloop
  endfacet
  facet normal -0.35869712035786316 -0.703982736708799 0.6129801646570356
    outer loop
      vertex 44.75246278969023 -34.80994090336119 72.5
      vertex 44.925 -34.89785300299879 72.5
      vertex 45.8961155378486 -33.21583155142543 75
    endloop
  endfacet
  facet normal -0.2831459063663291 -0.7376203043877123 0.6129801646570374
    outer loop
      vertex 44.571681439593654 -34.740545444853964 72.5
      vertex 44.75246278969023 -34.80994090336119 72.5
      vertex 45.54243933749681 -33.035624526465696 75
    endloop
  endfacet
  facet normal -0.43031837363658176 -0.6626321868486301 0.6129801646570378
    outer loop
      vertex 45.087402716741074 -35.00331856040635 72.5
      vertex 46.229017499580046 -33.43202061316417 75
      vertex 44.925 -34.89785300299879 72.5
    endloop
  endfacet
  facet normal 0.9986295344686827 -0.052335961698072614 0
    outer loop
      vertex 50 -36.5 70
      vertex 50 -36.5 75
      vertex 49.9671313688159 -37.12717077881098 75
    endloop
  endfacet
  facet normal 0.497224968763813 0.61402170008466 0.6129801646570378
    outer loop
      vertex 42.912597283258926 -37.99668143959365 72.5
      vertex 41.46250212086582 -39.31817690091896 75
      vertex 41.770982500419954 -39.56797938683583 75
    endloop
  endfacet
  facet normal 0.5586838630822585 0.5586838630822585 0.6129801646570372
    outer loop
      vertex 42.762108378236114 -37.87481792713318 72.5
      vertex 41.18182309908104 -39.03749787913418 75
      vertex 41.46250212086582 -39.31817690091896 75
    endloop
  endfacet
  facet normal 0.6626321868486429 0.43031837363656333 0.6129801646570372
    outer loop
      vertex 42.50331856040635 -37.587402716741074 72.5
      vertex 40.71583155142543 -38.3961155378486 75
      vertex 40.93202061316417 -38.729017499580046 75
    endloop
  endfacet
  facet normal 0.7039827367087911 0.35869712035787765 0.612980164657036
    outer loop
      vertex 42.39785300299879 -37.425 72.5
      vertex 40.535624526465696 -38.04243933749681 75
      vertex 40.71583155142543 -38.3961155378486 75
    endloop
  endfacet
  facet normal 0.7631763496547908 0.20449248657254052 0.6129801646570368
    outer loop
      vertex 42.240545444853964 -37.071681439593654 72.5
      vertex 40.29063827187859 -37.28844917491986 75
      vertex 40.39337392416119 -37.67186384898723 75
    endloop
  endfacet
  facet normal 0.7376203043877161 0.2831459063663196 0.6129801646570372
    outer loop
      vertex 42.30994090336119 -37.25246278969023 72.5
      vertex 40.39337392416119 -37.67186384898723 75
      vertex 40.535624526465696 -38.04243933749681 75
    endloop
  endfacet
  facet normal 0.6140217000846602 0.49722496876381317 0.6129801646570373
    outer loop
      vertex 42.62518207286682 -37.737891621763886 72.5
      vertex 40.93202061316417 -38.729017499580046 75
      vertex 41.18182309908104 -39.03749787913418 75
    endloop
  endfacet
  facet normal 0.35869712035787743 0.7039827367087906 0.6129801646570368
    outer loop
      vertex 43.24753721030977 -38.19005909663881 72.5
      vertex 42.1038844621514 -39.78416844857457 75
      vertex 42.45756066250319 -39.964375473534304 75
    endloop
  endfacet
  facet normal 0.2831459063663151 0.7376203043877185 0.6129801646570362
    outer loop
      vertex 43.428318560406346 -38.259454555146036 72.5
      vertex 42.45756066250319 -39.964375473534304 75
      vertex 42.82813615101278 -40.10662607583881 75
    endloop
  endfacet
  facet normal 0.4303183736365638 0.6626321868486437 0.6129801646570361
    outer loop
      vertex 43.075 -38.10214699700121 72.5
      vertex 41.770982500419954 -39.56797938683583 75
      vertex 42.1038844621514 -39.78416844857457 75
    endloop
  endfacet
  facet normal 0.20449248657254393 0.7631763496547893 0.6129801646570374
    outer loop
      vertex 43.615363371987144 -38.30957306135754 72.5
      vertex 42.82813615101278 -40.10662607583881 75
      vertex 43.21155082508014 -40.20936172812141 75
    endloop
  endfacet
  facet normal 0.12359860430304488 0.7803708751301347 0.6129801646570361
    outer loop
      vertex 43.80662234295484 -38.33986550643131 72.5
      vertex 43.21155082508014 -40.20936172812141 75
      vertex 43.603603913301534 -40.271456837076855 75
    endloop
  endfacet
  facet normal 0.7803708751301337 0.12359860430304473 0.6129801646570373
    outer loop
      vertex 42.19042693864246 -36.884636628012856 72.5
      vertex 40.228543162923145 -36.896396086698466 75
      vertex 40.29063827187859 -37.28844917491986 75
    endloop
  endfacet
  facet normal 0.7890154939944433 0.041350549860161276 0.612980164657036
    outer loop
      vertex 42.16013449356869 -36.69337765704516 72.5
      vertex 40.20776892430279 -36.5 75
      vertex 40.228543162923145 -36.896396086698466 75
    endloop
  endfacet
  facet normal 0.789015493994443 -0.04135054986016126 0.6129801646570364
    outer loop
      vertex 42.15 -36.5 72.5
      vertex 40.228543162923145 -36.103603913301534 75
      vertex 40.20776892430279 -36.5 75
    endloop
  endfacet
  facet normal 0.7803708751301347 -0.12359860430304488 0.6129801646570361
    outer loop
      vertex 42.16013449356869 -36.30662234295484 72.5
      vertex 40.29063827187859 -35.71155082508014 75
      vertex 40.228543162923145 -36.103603913301534 75
    endloop
  endfacet
  facet normal 0.7631763496547903 -0.2044924865725404 0.6129801646570374
    outer loop
      vertex 42.19042693864246 -36.115363371987144 72.5
      vertex 40.39337392416119 -35.32813615101277 75
      vertex 40.29063827187859 -35.71155082508014 75
    endloop
  endfacet
  facet normal 0.7376203043877165 -0.28314590636631976 0.6129801646570366
    outer loop
      vertex 42.240545444853964 -35.928318560406346 72.5
      vertex 40.535624526465696 -34.95756066250319 75
      vertex 40.39337392416119 -35.32813615101277 75
    endloop
  endfacet
  facet normal 0.7039827367087906 -0.35869712035787743 0.6129801646570368
    outer loop
      vertex 42.30994090336119 -35.74753721030977 72.5
      vertex 40.71583155142543 -34.6038844621514 75
      vertex 40.535624526465696 -34.95756066250319 75
    endloop
  endfacet
  facet normal 0.6626321868486437 -0.4303183736365638 0.6129801646570361
    outer loop
      vertex 42.39785300299879 -35.575 72.5
      vertex 40.93202061316417 -34.270982500419954 75
      vertex 40.71583155142543 -34.6038844621514 75
    endloop
  endfacet
  facet normal 0.61402170008466 -0.497224968763813 0.6129801646570378
    outer loop
      vertex 42.50331856040635 -35.412597283258926 72.5
      vertex 41.18182309908104 -33.96250212086582 75
      vertex 40.93202061316417 -34.270982500419954 75
    endloop
  endfacet
  facet normal 0.5586838630822585 -0.5586838630822585 0.6129801646570372
    outer loop
      vertex 42.62518207286682 -35.262108378236114 72.5
      vertex 41.46250212086582 -33.68182309908104 75
      vertex 41.18182309908104 -33.96250212086582 75
    endloop
  endfacet
  facet normal 0.49722496876381317 -0.6140217000846602 0.6129801646570373
    outer loop
      vertex 42.762108378236114 -35.12518207286682 72.5
      vertex 41.770982500419954 -33.43202061316417 75
      vertex 41.46250212086582 -33.68182309908104 75
    endloop
  endfacet
  facet normal 0.43031837363656333 -0.6626321868486429 0.6129801646570372
    outer loop
      vertex 42.912597283258926 -35.00331856040635 72.5
      vertex 42.1038844621514 -33.21583155142543 75
      vertex 41.770982500419954 -33.43202061316417 75
    endloop
  endfacet
  facet normal 0.35869712035787765 -0.7039827367087911 0.612980164657036
    outer loop
      vertex 43.075 -34.89785300299879 72.5
      vertex 42.45756066250319 -33.035624526465696 75
      vertex 42.1038844621514 -33.21583155142543 75
    endloop
  endfacet
  facet normal 0.2831459063663196 -0.7376203043877161 0.6129801646570372
    outer loop
      vertex 43.24753721030977 -34.80994090336119 72.5
      vertex 42.82813615101277 -32.89337392416119 75
      vertex 42.45756066250319 -33.035624526465696 75
    endloop
  endfacet
  facet normal 0.20449248657254052 -0.7631763496547908 0.6129801646570368
    outer loop
      vertex 43.428318560406346 -34.740545444853964 72.5
      vertex 43.21155082508014 -32.79063827187859 75
      vertex 42.82813615101277 -32.89337392416119 75
    endloop
  endfacet
  facet normal 0.12359860430304473 -0.7803708751301337 0.6129801646570373
    outer loop
      vertex 43.615363371987144 -34.69042693864246 72.5
      vertex 43.603603913301534 -32.728543162923145 75
      vertex 43.21155082508014 -32.79063827187859 75
    endloop
  endfacet
  facet normal 0.04135054986016126 0.789015493994443 0.6129801646570364
    outer loop
      vertex 44 -38.35 72.5
      vertex 43.603603913301534 -40.271456837076855 75
      vertex 44 -40.29223107569721 75
    endloop
  endfacet
  facet normal -0.041350549860161276 0.7890154939944433 0.612980164657036
    outer loop
      vertex 44.19337765704516 -38.33986550643131 72.5
      vertex 44 -40.29223107569721 75
      vertex 44.396396086698466 -40.271456837076855 75
    endloop
  endfacet
  facet normal -0.12359860430304473 0.7803708751301337 0.6129801646570373
    outer loop
      vertex 44.384636628012856 -38.30957306135754 72.5
      vertex 44.396396086698466 -40.271456837076855 75
      vertex 44.78844917491986 -40.20936172812141 75
    endloop
  endfacet
  facet normal -0.20449248657254052 0.7631763496547908 0.6129801646570368
    outer loop
      vertex 44.571681439593654 -38.259454555146036 72.5
      vertex 44.78844917491986 -40.20936172812141 75
      vertex 45.17186384898723 -40.10662607583881 75
    endloop
  endfacet
  facet normal -0.2831459063663196 0.7376203043877161 0.6129801646570372
    outer loop
      vertex 44.75246278969023 -38.19005909663881 72.5
      vertex 45.17186384898723 -40.10662607583881 75
      vertex 45.54243933749681 -39.964375473534304 75
    endloop
  endfacet
  facet normal -0.35869712035787765 0.7039827367087911 0.612980164657036
    outer loop
      vertex 44.925 -38.10214699700121 72.5
      vertex 45.54243933749681 -39.964375473534304 75
      vertex 45.8961155378486 -39.78416844857457 75
    endloop
  endfacet
  facet normal -0.43031837363656333 0.6626321868486429 0.6129801646570372
    outer loop
      vertex 45.087402716741074 -37.99668143959365 72.5
      vertex 45.8961155378486 -39.78416844857457 75
      vertex 46.229017499580046 -39.56797938683583 75
    endloop
  endfacet
  facet normal -0.49722496876381317 0.6140217000846602 0.6129801646570373
    outer loop
      vertex 45.237891621763886 -37.87481792713318 72.5
      vertex 46.229017499580046 -39.56797938683583 75
      vertex 46.53749787913418 -39.31817690091896 75
    endloop
  endfacet
  facet normal -0.5586838630822585 0.5586838630822585 0.6129801646570372
    outer loop
      vertex 45.37481792713318 -37.737891621763886 72.5
      vertex 46.53749787913418 -39.31817690091896 75
      vertex 46.81817690091896 -39.03749787913418 75
    endloop
  endfacet
  facet normal -0.61402170008466 0.497224968763813 0.6129801646570378
    outer loop
      vertex 45.49668143959365 -37.587402716741074 72.5
      vertex 46.81817690091896 -39.03749787913418 75
      vertex 47.06797938683583 -38.729017499580046 75
    endloop
  endfacet
  facet normal -0.6626321868486437 0.4303183736365638 0.6129801646570361
    outer loop
      vertex 45.60214699700121 -37.425 72.5
      vertex 47.06797938683583 -38.729017499580046 75
      vertex 47.28416844857457 -38.3961155378486 75
    endloop
  endfacet
  facet normal -0.7039827367087906 0.35869712035787743 0.6129801646570368
    outer loop
      vertex 45.69005909663881 -37.25246278969023 72.5
      vertex 47.28416844857457 -38.3961155378486 75
      vertex 47.464375473534304 -38.04243933749681 75
    endloop
  endfacet
  facet normal -0.7376203043877165 0.28314590636631976 0.6129801646570366
    outer loop
      vertex 45.759454555146036 -37.071681439593654 72.5
      vertex 47.464375473534304 -38.04243933749681 75
      vertex 47.60662607583881 -37.67186384898723 75
    endloop
  endfacet
  facet normal -0.7631763496547903 0.2044924865725404 0.6129801646570374
    outer loop
      vertex 45.80957306135754 -36.884636628012856 72.5
      vertex 47.60662607583881 -37.67186384898723 75
      vertex 47.70936172812141 -37.28844917491986 75
    endloop
  endfacet
  facet normal -0.7039827367087911 -0.35869712035787765 0.612980164657036
    outer loop
      vertex 45.60214699700121 -35.575 72.5
      vertex 47.464375473534304 -34.95756066250319 75
      vertex 47.28416844857457 -34.6038844621514 75
    endloop
  endfacet
  facet normal -0.6626321868486429 -0.43031837363656333 0.6129801646570372
    outer loop
      vertex 45.49668143959365 -35.412597283258926 72.5
      vertex 47.28416844857457 -34.6038844621514 75
      vertex 47.06797938683583 -34.270982500419954 75
    endloop
  endfacet
  facet normal 0.041350549860161276 -0.7890154939944433 0.612980164657036
    outer loop
      vertex 43.80662234295484 -34.66013449356869 72.5
      vertex 44 -32.70776892430279 75
      vertex 43.603603913301534 -32.728543162923145 75
    endloop
  endfacet
  facet normal -0.04135054986016126 -0.789015493994443 0.6129801646570364
    outer loop
      vertex 44 -34.65 72.5
      vertex 44.396396086698466 -32.728543162923145 75
      vertex 44 -32.70776892430279 75
    endloop
  endfacet
  facet normal -0.12359860430304488 -0.7803708751301347 0.6129801646570361
    outer loop
      vertex 44.19337765704516 -34.66013449356869 72.5
      vertex 44.78844917491986 -32.79063827187859 75
      vertex 44.396396086698466 -32.728543162923145 75
    endloop
  endfacet
  facet normal -0.2044924865725404 -0.7631763496547903 0.6129801646570374
    outer loop
      vertex 44.384636628012856 -34.69042693864246 72.5
      vertex 45.17186384898723 -32.89337392416119 75
      vertex 44.78844917491986 -32.79063827187859 75
    endloop
  endfacet
  facet normal -0.28314590636631976 -0.7376203043877165 0.6129801646570366
    outer loop
      vertex 44.571681439593654 -34.740545444853964 72.5
      vertex 45.54243933749681 -33.035624526465696 75
      vertex 45.17186384898723 -32.89337392416119 75
    endloop
  endfacet
  facet normal -0.497224968763813 -0.61402170008466 0.6129801646570378
    outer loop
      vertex 45.087402716741074 -35.00331856040635 72.5
      vertex 46.53749787913418 -33.68182309908104 75
      vertex 46.229017499580046 -33.43202061316417 75
    endloop
  endfacet
  facet normal -0.35869712035787743 -0.7039827367087906 0.6129801646570368
    outer loop
      vertex 44.75246278969023 -34.80994090336119 72.5
      vertex 45.8961155378486 -33.21583155142543 75
      vertex 45.54243933749681 -33.035624526465696 75
    endloop
  endfacet
  facet normal -0.4303183736365638 -0.6626321868486437 0.6129801646570361
    outer loop
      vertex 44.925 -34.89785300299879 72.5
      vertex 46.229017499580046 -33.43202061316417 75
      vertex 45.8961155378486 -33.21583155142543 75
    endloop
  endfacet
  facet normal -0.5586838630822585 -0.5586838630822585 0.6129801646570372
    outer loop
      vertex 45.237891621763886 -35.12518207286682 72.5
      vertex 46.81817690091896 -33.96250212086582 75
      vertex 46.53749787913418 -33.68182309908104 75
    endloop
  endfacet
  facet normal -0.6140217000846602 -0.49722496876381317 0.6129801646570373
    outer loop
      vertex 45.37481792713318 -35.262108378236114 72.5
      vertex 47.06797938683583 -34.270982500419954 75
      vertex 46.81817690091896 -33.96250212086582 75
    endloop
  endfacet
  facet normal -0.7803708751301347 0.12359860430304488 0.6129801646570361
    outer loop
      vertex 45.83986550643131 -36.69337765704516 72.5
      vertex 47.70936172812141 -37.28844917491986 75
      vertex 47.771456837076855 -36.896396086698466 75
    endloop
  endfacet
  facet normal -0.789015493994443 0.04135054986016126 0.6129801646570364
    outer loop
      vertex 45.85 -36.5 72.5
      vertex 47.771456837076855 -36.896396086698466 75
      vertex 47.79223107569721 -36.5 75
    endloop
  endfacet
  facet normal -0.7890154939944433 -0.041350549860161276 0.612980164657036
    outer loop
      vertex 45.83986550643131 -36.30662234295484 72.5
      vertex 47.79223107569721 -36.5 75
      vertex 47.771456837076855 -36.103603913301534 75
    endloop
  endfacet
  facet normal -0.7803708751301337 -0.12359860430304473 0.6129801646570373
    outer loop
      vertex 45.80957306135754 -36.115363371987144 72.5
      vertex 47.771456837076855 -36.103603913301534 75
      vertex 47.70936172812141 -35.71155082508014 75
    endloop
  endfacet
  facet normal -0.7631763496547908 -0.20449248657254052 0.6129801646570368
    outer loop
      vertex 45.759454555146036 -35.928318560406346 72.5
      vertex 47.70936172812141 -35.71155082508014 75
      vertex 47.60662607583881 -35.32813615101277 75
    endloop
  endfacet
  facet normal -0.7376203043877161 -0.2831459063663196 0.6129801646570372
    outer loop
      vertex 45.69005909663881 -35.74753721030977 72.5
      vertex 47.60662607583881 -35.32813615101277 75
      vertex 47.464375473534304 -34.95756066250319 75
    endloop
  endfacet
  facet normal 0 0 1
    outer loop
      vertex 44 -42.5 75
      vertex 44.62717077881098 -42.4671313688159 75
      vertex 45.247470147907734 -42.36888560652733 75
    endloop
  endfacet
  facet normal 0 0 1
    outer loop
      vertex 48.45886895060539 -40.51478363573551 75
      vertex 44.396396086698466 -40.271456837076855 75
      vertex 44 -40.29223107569721 75
    endloop
  endfacet
  facet normal 0 0 1
    outer loop
      vertex 48.45886895060539 -40.51478363573551 75
      vertex 44.78844917491986 -40.20936172812141 75
      vertex 44.396396086698466 -40.271456837076855 75
    endloop
  endfacet
  facet normal 0 0 1
    outer loop
      vertex 48.45886895060539 -40.51478363573551 75
      vertex 45.17186384898723 -40.10662607583881 75
      vertex 44.78844917491986 -40.20936172812141 75
    endloop
  endfacet
  facet normal 0 0 1
    outer loop
      vertex 48.854101963341236 -40.02671151608229 75
      vertex 45.54243933749681 -39.964375473534304 75
      vertex 45.17186384898723 -40.10662607583881 75
    endloop
  endfacet
  facet normal 0 0 1
    outer loop
      vertex 48.854101963341236 -40.02671151608229 75
      vertex 45.8961155378486 -39.78416844857457 75
      vertex 45.54243933749681 -39.964375473534304 75
    endloop
  endfacet
  facet normal 0 0 1
    outer loop
      vertex 48.45886895060539 -40.51478363573551 75
      vertex 48.854101963341236 -40.02671151608229 75
      vertex 45.17186384898723 -40.10662607583881 75
    endloop
  endfacet
  facet normal 0 0 1
    outer loop
      vertex 48.854101963341236 -40.02671151608229 75
      vertex 46.229017499580046 -39.56797938683583 75
      vertex 45.8961155378486 -39.78416844857457 75
    endloop
  endfacet
  facet normal 0 0 1
    outer loop
      vertex 49.19615242630243 -39.5 75
      vertex 46.53749787913418 -39.31817690091896 75
      vertex 46.229017499580046 -39.56797938683583 75
    endloop
  endfacet
  facet normal 0 0 1
    outer loop
      vertex 49.19615242630243 -39.5 75
      vertex 46.81817690091896 -39.03749787913418 75
      vertex 46.53749787913418 -39.31817690091896 75
    endloop
  endfacet
  facet normal 0 0 1
    outer loop
      vertex 48.854101963341236 -40.02671151608229 75
      vertex 49.19615242630243 -39.5 75
      vertex 46.229017499580046 -39.56797938683583 75
    endloop
  endfacet
  facet normal 0 0 1
    outer loop
      vertex 49.481272742152214 -38.94041986018419 75
      vertex 47.06797938683583 -38.729017499580046 75
      vertex 46.81817690091896 -39.03749787913418 75
    endloop
  endfacet
  facet normal 0 0 1
    outer loop
      vertex 49.481272742152214 -38.94041986018419 75
      vertex 47.28416844857457 -38.3961155378486 75
      vertex 47.06797938683583 -38.729017499580046 75
    endloop
  endfacet
  facet normal 0 0 1
    outer loop
      vertex 49.706339098513126 -38.354101963341236 75
      vertex 47.464375473534304 -38.04243933749681 75
      vertex 47.28416844857457 -38.3961155378486 75
    endloop
  endfacet
  facet normal 0 0 1
    outer loop
      vertex 49.86888560652733 -37.747470147907734 75
      vertex 47.60662607583881 -37.67186384898723 75
      vertex 47.464375473534304 -38.04243933749681 75
    endloop
  endfacet
  facet normal 0 0 1
    outer loop
      vertex 49.86888560652733 -37.747470147907734 75
      vertex 47.70936172812141 -37.28844917491986 75
      vertex 47.60662607583881 -37.67186384898723 75
    endloop
  endfacet
  facet normal 0 0 1
    outer loop
      vertex 49.19615242630243 -39.5 75
      vertex 49.481272742152214 -38.94041986018419 75
      vertex 46.81817690091896 -39.03749787913418 75
    endloop
  endfacet
  facet normal 0 0 1
    outer loop
      vertex 49.481272742152214 -38.94041986018419 75
      vertex 49.706339098513126 -38.354101963341236 75
      vertex 47.28416844857457 -38.3961155378486 75
    endloop
  endfacet
  facet normal 0 0 1
    outer loop
      vertex 49.706339098513126 -38.354101963341236 75
      vertex 49.86888560652733 -37.747470147907734 75
      vertex 47.464375473534304 -38.04243933749681 75
    endloop
  endfacet
  facet normal 0 0 1
    outer loop
      vertex 49.86888560652733 -37.747470147907734 75
      vertex 49.9671313688159 -37.12717077881098 75
      vertex 47.70936172812141 -37.28844917491986 75
    endloop
  endfacet
  facet normal 0 0 1
    outer loop
      vertex 49.9671313688159 -37.12717077881098 75
      vertex 47.771456837076855 -36.896396086698466 75
      vertex 47.70936172812141 -37.28844917491986 75
    endloop
  endfacet
  facet normal 0 0 1
    outer loop
      vertex 50 -36.5 75
      vertex 47.79223107569721 -36.5 75
      vertex 47.771456837076855 -36.896396086698466 75
    endloop
  endfacet
  facet normal 0 0 1
    outer loop
      vertex 50 -36.5 75
      vertex 47.771456837076855 -36.103603913301534 75
      vertex 47.79223107569721 -36.5 75
    endloop
  endfacet
  facet normal 0 0 1
    outer loop
      vertex 49.9671313688159 -37.12717077881098 75
      vertex 50 -36.5 75
      vertex 47.771456837076855 -36.896396086698466 75
    endloop
  endfacet
  facet normal 0 0 -1
    outer loop
      vertex 35.05966376513243 -40.70000000298023 73.1
      vertex 43.657741360366344 32.716143772006035 73.1
      vertex 35.17480285465717 -40.696984976530075 73.1
    endloop
  endfacet
  facet normal 0 0 -1
    outer loop
      vertex 35.17480285465717 -40.696984976530075 73.1
      vertex 43.657741360366344 32.716143772006035 73.1
      vertex 35.48838824778795 -40.680550664663315 73.1
    endloop
  endfacet
  facet normal 0 0 -1
    outer loop
      vertex 35.48838824778795 -40.680550664663315 73.1
      vertex 43.657741360366344 32.716143772006035 73.1
      vertex 35.71740499138832 -40.65648003667593 73.1
    endloop
  endfacet
  facet normal 0 0 -1
    outer loop
      vertex 35.71740499138832 -40.65648003667593 73.1
      vertex 43.657741360366344 32.716143772006035 73.1
      vertex 36.02755466848612 -40.607357151806355 73.1
    endloop
  endfacet
  facet normal 0 0 -1
    outer loop
      vertex 36.02755466848612 -40.607357151806355 73.1
      vertex 43.657741360366344 32.716143772006035 73.1
      vertex 36.25280075520277 -40.559479616582394 73.1
    endloop
  endfacet
  facet normal 0 0 -1
    outer loop
      vertex 36.25280075520277 -40.559479616582394 73.1
      vertex 43.657741360366344 32.716143772006035 73.1
      vertex 36.5561166703701 -40.47820635885 73.1
    endloop
  endfacet
  facet normal 0 0 -1
    outer loop
      vertex 36.5561166703701 -40.47820635885 73.1
      vertex 43.657741360366344 32.716143772006035 73.1
      vertex 36.77512424439192 -40.40704648196697 73.1
    endloop
  endfacet
  facet normal 0 0 -1
    outer loop
      vertex 36.77512424439192 -40.40704648196697 73.1
      vertex 43.657741360366344 32.716143772006035 73.1
      vertex 37.068283185362816 -40.29451330751181 73.1
    endloop
  endfacet
  facet normal 0 0 -1
    outer loop
      vertex 37.068283185362816 -40.29451330751181 73.1
      vertex 43.657741360366344 32.716143772006035 73.1
      vertex 37.27865277975798 -40.20085072517395 73.1
    endloop
  endfacet
  facet normal 0 0 -1
    outer loop
      vertex 37.27865277975798 -40.20085072517395 73.1
      vertex 43.657741360366344 32.716143772006035 73.1
      vertex 37.55844285339117 -40.05829056352377 73.1
    endloop
  endfacet
  facet normal 0 0 -1
    outer loop
      vertex 37.55844285339117 -40.05829056352377 73.1
      vertex 43.657741360366344 32.716143772006035 73.1
      vertex 37.75786963105202 -39.94315146654844 73.1
    endloop
  endfacet
  facet normal 0 0 -1
    outer loop
      vertex 37.75786963105202 -39.94315146654844 73.1
      vertex 43.657741360366344 32.716143772006035 73.1
      vertex 38.02122538536787 -39.772126242518425 73.1
    endloop
  endfacet
  facet normal 0 0 -1
    outer loop
      vertex 38.02122538536787 -39.772126242518425 73.1
      vertex 43.657741360366344 32.716143772006035 73.1
      vertex 38.20752438902855 -39.636772096157074 73.1
    endloop
  endfacet
  facet normal 0 0 -1
    outer loop
      vertex 38.20752438902855 -39.636772096157074 73.1
      vertex 43.657741360366344 32.716143772006035 73.1
      vertex 38.45156045258045 -39.43915558606386 73.1
    endloop
  endfacet
  facet normal 0 0 -1
    outer loop
      vertex 38.45156045258045 -39.43915558606386 73.1
      vertex 43.657741360366344 32.716143772006035 73.1
      vertex 38.62269049882889 -39.2850693911314 73.1
    endloop
  endfacet
  facet normal 0 0 -1
    outer loop
      vertex 38.62269049882889 -39.2850693911314 73.1
      vertex 43.657741360366344 32.716143772006035 73.1
      vertex 38.84473315626383 -39.06302673369646 73.1
    endloop
  endfacet
  facet normal 0 0 -1
    outer loop
      vertex 38.84473315626383 -39.06302673369646 73.1
      vertex 43.657741360366344 32.716143772006035 73.1
      vertex 38.99881935119629 -38.891896687448025 73.1
    endloop
  endfacet
  facet normal 0 0 -1
    outer loop
      vertex 38.99881935119629 -38.891896687448025 73.1
      vertex 43.657741360366344 32.716143772006035 73.1
      vertex 39.1964358612895 -38.64786062389612 73.1
    endloop
  endfacet
  facet normal 0 0 -1
    outer loop
      vertex 39.1964358612895 -38.64786062389612 73.1
      vertex 43.657741360366344 32.716143772006035 73.1
      vertex 39.33178999274969 -38.461561642587185 73.1
    endloop
  endfacet
  facet normal 0 0 -1
    outer loop
      vertex 39.33178999274969 -38.461561642587185 73.1
      vertex 43.657741360366344 32.716143772006035 73.1
      vertex 39.50281523168087 -38.19820586591959 73.1
    endloop
  endfacet
  facet normal 0 0 -1
    outer loop
      vertex 39.50281523168087 -38.19820586591959 73.1
      vertex 43.657741360366344 32.716143772006035 73.1
      vertex 39.6179543286562 -37.99877908825874 73.1
    endloop
  endfacet
  facet normal 0 0 -1
    outer loop
      vertex 39.6179543286562 -37.99877908825874 73.1
      vertex 43.657741360366344 32.716143772006035 73.1
      vertex 39.76051449030638 -37.71898901462555 73.1
    endloop
  endfacet
  facet normal 0 0 -1
    outer loop
      vertex 39.76051449030638 -37.71898901462555 73.1
      vertex 43.657741360366344 32.716143772006035 73.1
      vertex 39.854177072644234 -37.50861942023039 73.1
    endloop
  endfacet
  facet normal 0 0 -1
    outer loop
      vertex 39.854177072644234 -37.50861942023039 73.1
      vertex 43.657741360366344 32.716143772006035 73.1
      vertex 39.9667102470994 -37.21546047925949 73.1
    endloop
  endfacet
  facet normal 0 0 -1
    outer loop
      vertex 39.9667102470994 -37.21546047925949 73.1
      vertex 43.657741360366344 32.716143772006035 73.1
      vertex 40.03787012398243 -36.996452905237675 73.1
    endloop
  endfacet
  facet normal 0 0 -1
    outer loop
      vertex 40.03787012398243 -36.996452905237675 73.1
      vertex 43.657741360366344 32.716143772006035 73.1
      vertex 40.11914338171482 -36.69313699007034 73.1
    endloop
  endfacet
  facet normal 0 0 -1
    outer loop
      vertex 40.11914338171482 -36.69313699007034 73.1
      vertex 43.657741360366344 32.716143772006035 73.1
      vertex 40.16702091693878 -36.46789091825485 73.1
    endloop
  endfacet
  facet normal 0 0 -1
    outer loop
      vertex 40.16702091693878 -36.46789091825485 73.1
      vertex 43.657741360366344 32.716143772006035 73.1
      vertex 40.21614380180836 -36.157741226255894 73.1
    endloop
  endfacet
  facet normal 0 0 -1
    outer loop
      vertex 40.21614380180836 -36.157741226255894 73.1
      vertex 43.657741360366344 32.716143772006035 73.1
      vertex 40.22095796465874 -36.12117391824722 73.1
    endloop
  endfacet
  facet normal 0 0 -1
    outer loop
      vertex 40.22095796465874 -36.12117391824722 73.1
      vertex 43.657741360366344 32.716143772006035 73.1
      vertex 40.28272756934166 -35.73117595911026 73.1
    endloop
  endfacet
  facet normal 0 0 -1
    outer loop
      vertex 40.28272756934166 -35.73117595911026 73.1
      vertex 43.657741360366344 32.716143772006035 73.1
      vertex 40.291393756866455 -35.69040474295616 73.1
    endloop
  endfacet
  facet normal 0 0 -1
    outer loop
      vertex 40.291393756866455 -35.69040474295616 73.1
      vertex 43.657741360366344 32.716143772006035 73.1
      vertex 40.38345514982939 -35.34682697057724 73.1
    endloop
  endfacet
  facet normal 0 0 -1
    outer loop
      vertex 40.38345514982939 -35.34682697057724 73.1
      vertex 43.657741360366344 32.716143772006035 73.1
      vertex 40.39633567631245 -35.307184778153896 73.1
    endloop
  endfacet
  facet normal 0 0 -1
    outer loop
      vertex 40.39633567631245 -35.307184778153896 73.1
      vertex 43.657741360366344 32.716143772006035 73.1
      vertex 40.52380633354187 -34.9751123636961 73.1
    endloop
  endfacet
  facet normal 0 0 -1
    outer loop
      vertex 40.52380633354187 -34.9751123636961 73.1
      vertex 43.657741360366344 32.716143772006035 73.1
      vertex 40.540760070085526 -34.9370336458087 73.1
    endloop
  endfacet
  facet normal 0 0 -1
    outer loop
      vertex 40.540760070085526 -34.9370336458087 73.1
      vertex 43.657741360366344 32.716143772006035 73.1
      vertex 40.702243492007256 -34.62010458111763 73.1
    endloop
  endfacet
  facet normal 0 0 -1
    outer loop
      vertex 40.702243492007256 -34.62010458111763 73.1
      vertex 43.657741360366344 32.716143772006035 73.1
      vertex 40.72308462113142 -34.58400668948889 73.1
    endloop
  endfacet
  facet normal 0 0 -1
    outer loop
      vertex 40.72308462113142 -34.58400668948889 73.1
      vertex 43.657741360366344 32.716143772006035 73.1
      vertex 40.91681148856878 -34.2856934890151 73.1
    endloop
  endfacet
  facet normal 0 0 -1
    outer loop
      vertex 40.91681148856878 -34.2856934890151 73.1
      vertex 43.657741360366344 32.716143772006035 73.1
      vertex 40.94131160527468 -34.25197196006775 73.1
    endloop
  endfacet
  facet normal 0 0 -1
    outer loop
      vertex 40.94131160527468 -34.25197196006775 73.1
      vertex 43.657741360366344 32.716143772006035 73.1
      vertex 41.16515966504812 -33.97554263472557 73.1
    endloop
  endfacet
  facet normal 0 0 -1
    outer loop
      vertex 41.16515966504812 -33.97554263472557 73.1
      vertex 43.657741360366344 32.716143772006035 73.1
      vertex 41.19305045157671 -33.944566778838634 73.1
    endloop
  endfacet
  facet normal 0 0 -1
    outer loop
      vertex 41.19305045157671 -33.944566778838634 73.1
      vertex 43.657741360366344 32.716143772006035 73.1
      vertex 41.444566778838634 -33.69305045157671 73.1
    endloop
  endfacet
  facet normal 0 0 -1
    outer loop
      vertex 41.444566778838634 -33.69305045157671 73.1
      vertex 43.657741360366344 32.716143772006035 73.1
      vertex 41.47554263472557 -33.66515966504812 73.1
    endloop
  endfacet
  facet normal 0 0 -1
    outer loop
      vertex 41.47554263472557 -33.66515966504812 73.1
      vertex 43.657741360366344 32.716143772006035 73.1
      vertex 41.751972027122974 -33.44131155312061 73.1
    endloop
  endfacet
  facet normal 0 0 -1
    outer loop
      vertex 41.751972027122974 -33.44131155312061 73.1
      vertex 43.657741360366344 32.716143772006035 73.1
      vertex 41.78569335490465 -33.41681157797575 73.1
    endloop
  endfacet
  facet normal 0 0 -1
    outer loop
      vertex 41.78569335490465 -33.41681157797575 73.1
      vertex 43.657741360366344 32.716143772006035 73.1
      vertex 42.084006763994694 -33.22308457642794 73.1
    endloop
  endfacet
  facet normal 0 0 -1
    outer loop
      vertex 42.084006763994694 -33.22308457642794 73.1
      vertex 43.657741360366344 32.716143772006035 73.1
      vertex 42.12010455876589 -33.20224350690842 73.1
    endloop
  endfacet
  facet normal 0 0 -1
    outer loop
      vertex 42.12010455876589 -33.20224350690842 73.1
      vertex 43.657741360366344 32.716143772006035 73.1
      vertex 42.43703365325928 -33.040760070085526 73.1
    endloop
  endfacet
  facet normal 0 0 -1
    outer loop
      vertex 42.43703365325928 -33.040760070085526 73.1
      vertex 43.657741360366344 32.716143772006035 73.1
      vertex 42.4751123636961 -33.02380633354187 73.1
    endloop
  endfacet
  facet normal 0 0 -1
    outer loop
      vertex 42.4751123636961 -33.02380633354187 73.1
      vertex 43.657741360366344 32.716143772006035 73.1
      vertex 42.807184778153896 -32.89633567631245 73.1
    endloop
  endfacet
  facet normal 0 0 -1
    outer loop
      vertex 42.807184778153896 -32.89633567631245 73.1
      vertex 43.657741360366344 32.716143772006035 73.1
      vertex 42.84682697057724 -32.88345514982939 73.1
    endloop
  endfacet
  facet normal 0 0 -1
    outer loop
      vertex 42.84682697057724 -32.88345514982939 73.1
      vertex 43.657741360366344 32.716143772006035 73.1
      vertex 43.19040474295616 -32.791393756866455 73.1
    endloop
  endfacet
  facet normal 0 0 -1
    outer loop
      vertex 43.19040474295616 -32.791393756866455 73.1
      vertex 43.657741360366344 32.716143772006035 73.1
      vertex 43.23117606341839 -32.78272754698992 73.1
    endloop
  endfacet
  facet normal 0 0 -1
    outer loop
      vertex 43.23117606341839 -32.78272754698992 73.1
      vertex 43.657741360366344 32.716143772006035 73.1
      vertex 43.62117379158735 -32.7209579795599 73.1
    endloop
  endfacet
  facet normal 0 0 -1
    outer loop
      vertex 43.62117379158735 -32.7209579795599 73.1
      vertex 43.657741360366344 32.716143772006035 73.1
      vertex 43.65774139016867 -32.716143772006035 73.1
    endloop
  endfacet
  facet normal 0 0 -1
    outer loop
      vertex 43.65774139016867 -32.716143772006035 73.1
      vertex 43.96789092570543 32.66702090203762 73.1
      vertex 43.967891067266464 -32.66702087968588 73.1
    endloop
  endfacet
  facet normal 0 0 -1
    outer loop
      vertex 43.967891067266464 -32.66702087968588 73.1
      vertex 44.19313699007034 32.61914337426424 73.1
      vertex 44.1931371614337 -32.61914333701134 73.1
    endloop
  endfacet
  facet normal 0 0 -1
    outer loop
      vertex 44.1931371614337 -32.61914333701134 73.1
      vertex 44.496452905237675 32.53787011653185 73.1
      vertex 44.49645306915045 -32.537870071828365 73.1
    endloop
  endfacet
  facet normal 0 0 -1
    outer loop
      vertex 44.49645306915045 -32.537870071828365 73.1
      vertex 44.71546047925949 32.46671023964882 73.1
      vertex 44.715460658073425 -32.466710180044174 73.1
    endloop
  endfacet
  facet normal 0 0 -1
    outer loop
      vertex 44.715460658073425 -32.466710180044174 73.1
      vertex 45.00861942023039 32.35417706519365 73.1
      vertex 45.008619613945484 -32.35417698323727 73.1
    endloop
  endfacet
  facet normal 0 0 -1
    outer loop
      vertex 45.008619613945484 -32.35417698323727 73.1
      vertex 45.21898901462555 32.2605144828558 73.1
      vertex 45.2189891859889 -32.26051440834999 73.1
    endloop
  endfacet
  facet normal 0 0 -1
    outer loop
      vertex 45.2189891859889 -32.26051440834999 73.1
      vertex 45.49877908825874 32.117954321205616 73.1
      vertex 45.498779252171516 -32.11795423924923 73.1
    endloop
  endfacet
  facet normal 0 0 -1
    outer loop
      vertex 45.498779252171516 -32.11795423924923 73.1
      vertex 45.69820586591959 32.00281522423029 73.1
      vertex 45.698206037282944 -32.00281512737274 73.1
    endloop
  endfacet
  facet normal 0 0 -1
    outer loop
      vertex 45.698206037282944 -32.00281512737274 73.1
      vertex 45.961561642587185 31.83178998529911 73.1
      vertex 45.9615617915988 -31.831789888441563 73.1
    endloop
  endfacet
  facet normal 0 0 -1
    outer loop
      vertex 45.9615617915988 -31.831789888441563 73.1
      vertex 46.14786062389612 31.69643585383892 73.1
      vertex 46.147860780358315 -31.69643573462963 73.1
    endloop
  endfacet
  facet normal 0 0 -1
    outer loop
      vertex 46.147860780358315 -31.69643573462963 73.1
      vertex 46.391896687448025 31.49881934374571 73.1
      vertex 46.39189683645964 -31.49881921708584 73.1
    endloop
  endfacet
  facet normal 0 0 -1
    outer loop
      vertex 46.39189683645964 -31.49881921708584 73.1
      vertex 46.56302673369646 31.344733148813248 73.1
      vertex 46.56302689015865 -31.344733014702797 73.1
    endloop
  endfacet
  facet normal 0 0 -1
    outer loop
      vertex 46.56302689015865 -31.344733014702797 73.1
      vertex 46.7850693911314 31.122690491378307 73.1
      vertex 46.785069547593594 -31.122690334916115 73.1
    endloop
  endfacet
  facet normal 0 0 -1
    outer loop
      vertex 46.785069547593594 -31.122690334916115 73.1
      vertex 46.93915558606386 30.95156044512987 73.1
      vertex 46.93915570527315 -30.95156030356884 73.1
    endloop
  endfacet
  facet normal 0 0 -1
    outer loop
      vertex 46.93915570527315 -30.95156030356884 73.1
      vertex 47.136772096157074 30.70752438157797 73.1
      vertex 47.13677220791578 -30.707524232566357 73.1
    endloop
  endfacet
  facet normal 0 0 -1
    outer loop
      vertex 47.13677220791578 -30.707524232566357 73.1
      vertex 47.272126242518425 30.52122537791729 73.1
      vertex 47.27212633192539 -30.52122525125742 73.1
    endloop
  endfacet
  facet normal 0 0 -1
    outer loop
      vertex 47.27212633192539 -30.52122525125742 73.1
      vertex 47.44315146654844 30.257869623601437 73.1
      vertex 47.44315156340599 -30.257869467139244 73.1
    endloop
  endfacet
  facet normal 0 0 -1
    outer loop
      vertex 47.44315156340599 -30.257869467139244 73.1
      vertex 47.55829056352377 30.05844284594059 73.1
      vertex 47.55829066038132 -30.058442689478397 73.1
    endloop
  endfacet
  facet normal 0 0 -1
    outer loop
      vertex 47.55829066038132 -30.058442689478397 73.1
      vertex 47.70085072517395 29.778652772307396 73.1
      vertex 47.70085081458092 -29.778652608394623 73.1
    endloop
  endfacet
  facet normal 0 0 -1
    outer loop
      vertex 47.70085081458092 -29.778652608394623 73.1
      vertex 47.79451330751181 29.568283177912235 73.1
      vertex 47.794513404369354 -29.568282961845398 73.1
    endloop
  endfacet
  facet normal 0 0 -1
    outer loop
      vertex 47.794513404369354 -29.568282961845398 73.1
      vertex 47.90704648196697 29.275124236941338 73.1
      vertex 47.90704656392336 -29.27512401342392 73.1
    endloop
  endfacet
  facet normal 0 0 -1
    outer loop
      vertex 47.90704656392336 -29.27512401342392 73.1
      vertex 47.97820635885 29.05611666291952 73.1
      vertex 47.97820641845465 -29.056116454303265 73.1
    endloop
  endfacet
  facet normal 0 0 -1
    outer loop
      vertex 47.97820641845465 -29.056116454303265 73.1
      vertex 48.059479616582394 28.75280074775219 73.1
      vertex 48.05947966128588 -28.752800539135933 73.1
    endloop
  endfacet
  facet normal 0 0 -1
    outer loop
      vertex 48.05947966128588 -28.752800539135933 73.1
      vertex 48.107357151806355 28.527554661035538 73.1
      vertex 48.10735718905926 -28.52755445986986 73.1
    endloop
  endfacet
  facet normal 0 0 -1
    outer loop
      vertex 48.10735718905926 -28.52755445986986 73.1
      vertex 48.15648003667593 28.21740498393774 73.1
      vertex 48.15648005902767 -28.217404760420322 73.1
    endloop
  endfacet
  facet normal 0 0 -1
    outer loop
      vertex 48.15648005902767 -28.217404760420322 73.1
      vertex 48.180550664663315 27.988388240337372 73.1
      vertex 48.180550672113895 -27.9883881136775 73.1
    endloop
  endfacet
  facet normal 0 0 -1
    outer loop
      vertex 48.180550672113895 -27.9883881136775 73.1
      vertex 48.196984976530075 27.674802847206593 73.1
      vertex 48.196984976530075 -27.674802839756012 73.1
    endloop
  endfacet
  facet normal 0 0 -1
    outer loop
      vertex 48.196984976530075 -27.674802839756012 73.1
      vertex 48.20000000298023 27.559663757681847 73.1
      vertex 48.20000000298023 -27.559663757681847 73.1
    endloop
  endfacet
  facet normal 0 0 1
    outer loop
      vertex 44.78844917491986 32.79063827187859 75
      vertex 43.603603913301534 -32.728543162923145 75
      vertex 44 -32.70776892430279 75
    endloop
  endfacet
  facet normal 0 0 1
    outer loop
      vertex 44.78844917491986 32.79063827187859 75
      vertex 44 -32.70776892430279 75
      vertex 44.396396086698466 -32.728543162923145 75
    endloop
  endfacet
  facet normal 0 0 1
    outer loop
      vertex 44.396396086698466 -32.728543162923145 75
      vertex 44.78844917491986 -32.79063827187859 75
      vertex 45.17186384898723 32.89337392416119 75
    endloop
  endfacet
  facet normal 0 0 1
    outer loop
      vertex 44.78844917491986 -32.79063827187859 75
      vertex 45.17186384898723 -32.89337392416119 75
      vertex 45.17186384898723 32.89337392416119 75
    endloop
  endfacet
  facet normal 0 0 1
    outer loop
      vertex 45.17186384898723 -32.89337392416119 75
      vertex 45.54243933749681 -33.035624526465696 75
      vertex 45.54243933749681 33.035624526465696 75
    endloop
  endfacet
  facet normal 0 0 1
    outer loop
      vertex 45.54243933749681 -33.035624526465696 75
      vertex 45.8961155378486 -33.21583155142543 75
      vertex 45.54243933749681 33.035624526465696 75
    endloop
  endfacet
  facet normal 0 0 1
    outer loop
      vertex 45.8961155378486 -33.21583155142543 75
      vertex 46.229017499580046 -33.43202061316417 75
      vertex 45.8961155378486 33.21583155142543 75
    endloop
  endfacet
  facet normal 0 0 1
    outer loop
      vertex 46.53749787913418 -33.68182309908104 75
      vertex 46.81817690091896 -33.96250212086582 75
      vertex 46.53749787913418 33.68182309908104 75
    endloop
  endfacet
  facet normal 0 0 1
    outer loop
      vertex 46.229017499580046 -33.43202061316417 75
      vertex 46.53749787913418 -33.68182309908104 75
      vertex 46.229017499580046 33.43202061316417 75
    endloop
  endfacet
  facet normal 0 0 1
    outer loop
      vertex 47.06797938683583 34.270982500419954 75
      vertex 47.70936172812141 -35.71155082508014 75
      vertex 47.771456837076855 -36.103603913301534 75
    endloop
  endfacet
  facet normal 0 0 1
    outer loop
      vertex 47.06797938683583 34.270982500419954 75
      vertex 47.464375473534304 -34.95756066250319 75
      vertex 47.60662607583881 -35.32813615101277 75
    endloop
  endfacet
  facet normal 0 0 1
    outer loop
      vertex 47.06797938683583 34.270982500419954 75
      vertex 47.60662607583881 -35.32813615101277 75
      vertex 47.70936172812141 -35.71155082508014 75
    endloop
  endfacet
  facet normal 0 0 1
    outer loop
      vertex 47.06797938683583 -34.270982500419954 75
      vertex 47.06797938683583 34.270982500419954 75
      vertex 46.81817690091896 -33.96250212086582 75
    endloop
  endfacet
  facet normal 0 0 1
    outer loop
      vertex 47.06797938683583 34.270982500419954 75
      vertex 47.06797938683583 -34.270982500419954 75
      vertex 47.28416844857457 -34.6038844621514 75
    endloop
  endfacet
  facet normal 0 0 1
    outer loop
      vertex 47.06797938683583 34.270982500419954 75
      vertex 47.28416844857457 -34.6038844621514 75
      vertex 47.464375473534304 -34.95756066250319 75
    endloop
  endfacet
  facet normal 0 0 1
    outer loop
      vertex 50 -36.5 75
      vertex 50 36.5 75
      vertex 47.771456837076855 -36.103603913301534 75
    endloop
  endfacet
  facet normal 0 -1 0
    outer loop
      vertex 35.059663876891136 40.70000000298023 73.1
      vertex -35.05966376513243 40.70000000298023 70
      vertex 35.059663876891136 40.70000000298023 70
    endloop
  endfacet
  facet normal 0 0 -1
    outer loop
      vertex -45.854101963341236 42.206339098513126 70
      vertex 44 42.5 70
      vertex 44.62717077881098 42.4671313688159 70
    endloop
  endfacet
  facet normal 0 0 -1
    outer loop
      vertex -47 41.69615242630243 70
      vertex 45.247470147907734 42.36888560652733 70
      vertex 45.854101963341236 42.206339098513126 70
    endloop
  endfacet
  facet normal 0 0 -1
    outer loop
      vertex -46.44041986018419 41.981272742152214 70
      vertex 44.62717077881098 42.4671313688159 70
      vertex 45.247470147907734 42.36888560652733 70
    endloop
  endfacet
  facet normal 0 0 -1
    outer loop
      vertex -48.01478363573551 40.95886895060539 70
      vertex 46.44041986018419 41.981272742152214 70
      vertex 47 41.69615242630243 70
    endloop
  endfacet
  facet normal 0 0 -1
    outer loop
      vertex -47.52671151608229 41.354101963341236 70
      vertex 45.854101963341236 42.206339098513126 70
      vertex 46.44041986018419 41.981272742152214 70
    endloop
  endfacet
  facet normal 0 0 -1
    outer loop
      vertex 48.01478363573551 40.95886895060539 70
      vertex 35.059663876891136 40.70000000298023 70
      vertex -35.05966376513243 40.70000000298023 70
    endloop
  endfacet
  facet normal 0 0 -1
    outer loop
      vertex 48.01478363573551 40.95886895060539 70
      vertex -35.05966376513243 40.70000000298023 70
      vertex 47.52671151608229 41.354101963341236 70
    endloop
  endfacet
  facet normal 0 0 -1
    outer loop
      vertex 47 41.69615242630243 70
      vertex 47.52671151608229 41.354101963341236 70
      vertex -35.05966376513243 40.70000000298023 70
    endloop
  endfacet
  facet normal 0 1 0
    outer loop
      vertex -44 42.5 70
      vertex 44 42.5 75
      vertex 44 42.5 70
    endloop
  endfacet
  facet normal 0 0 -1
    outer loop
      vertex 50 -36.5 70
      vertex 48.20000000298023 27.559663757681847 70
      vertex 48.196984976530075 27.674802847206593 70
    endloop
  endfacet
  facet normal 0 0 -1
    outer loop
      vertex 50 -36.5 70
      vertex 48.196984976530075 27.674802847206593 70
      vertex 50 36.5 70
    endloop
  endfacet
  facet normal -1 0 0
    outer loop
      vertex 48.20000000298023 -27.559663757681847 73.1
      vertex 48.20000000298023 27.559663757681847 73.1
      vertex 48.20000000298023 27.559663757681847 70
    endloop
  endfacet
  facet normal -0.026177017730521536 -0.9996573231576589 0
    outer loop
      vertex 35.17480307072401 40.696984969079494 73.1
      vertex 35.059663876891136 40.70000000298023 70
      vertex 35.17480307072401 40.696984969079494 70
    endloop
  endfacet
  facet normal -0.05233599657071969 -0.9986295326410839 0
    outer loop
      vertex 35.48838846385479 40.68055064231157 73.1
      vertex 35.17480307072401 40.696984969079494 70
      vertex 35.48838846385479 40.68055064231157 70
    endloop
  endfacet
  facet normal -0.10452847945961533 -0.9945218936664294 0
    outer loop
      vertex 35.717405155301094 40.65648001432419 73.1
      vertex 35.48838846385479 40.68055064231157 70
      vertex 35.717405155301094 40.65648001432419 70
    endloop
  endfacet
  facet normal -0.1564344939199683 -0.9876883360210363 0
    outer loop
      vertex 36.02755483239889 40.60735712200403 73.1
      vertex 35.717405155301094 40.65648001432419 70
      vertex 36.02755483239889 40.60735712200403 70
    endloop
  endfacet
  facet normal -0.25881908271458365 -0.9659258162109456 0
    outer loop
      vertex 36.556116834282875 40.47820631414652 73.1
      vertex 36.252800926566124 40.55947957932949 70
      vertex 36.556116834282875 40.47820631414652 70
    endloop
  endfacet
  facet normal -0.30901705379430644 -0.9510564969886316 0
    outer loop
      vertex 36.775124438107014 40.40704641491175 73.1
      vertex 36.556116834282875 40.47820631414652 70
      vertex 36.775124438107014 40.40704641491175 70
    endloop
  endfacet
  facet normal -0.2079117214338601 -0.9781475942261519 0
    outer loop
      vertex 36.252800926566124 40.55947957932949 73.1
      vertex 36.02755483239889 40.60735712200403 70
      vertex 36.252800926566124 40.55947957932949 70
    endloop
  endfacet
  facet normal -0.35836799220171583 -0.9335804101229368 0
    outer loop
      vertex 37.06828337907791 40.29451322555542 73.1
      vertex 36.775124438107014 40.40704641491175 70
      vertex 37.06828337907791 40.29451322555542 70
    endloop
  endfacet
  facet normal -0.4539905246801511 -0.8910065114804947 0
    outer loop
      vertex 37.558443017303944 40.05829048156738 73.1
      vertex 37.27865295112133 40.200850650668144 70
      vertex 37.558443017303944 40.05829048156738 70
    endloop
  endfacet
  facet normal -0.4067366680733278 -0.9135454465129842 0
    outer loop
      vertex 37.27865295112133 40.200850650668144 73.1
      vertex 37.06828337907791 40.29451322555542 70
      vertex 37.27865295112133 40.200850650668144 70
    endloop
  endfacet
  facet normal 0 0 -1
    outer loop
      vertex 50 36.5 70
      vertex 48.196984976530075 27.674802847206593 70
      vertex 48.180550664663315 27.988388240337372 70
    endloop
  endfacet
  facet normal 0 0 -1
    outer loop
      vertex 50 36.5 70
      vertex 48.180550664663315 27.988388240337372 70
      vertex 48.15648003667593 28.21740498393774 70
    endloop
  endfacet
  facet normal 0 0 -1
    outer loop
      vertex 50 36.5 70
      vertex 48.15648003667593 28.21740498393774 70
      vertex 48.107357151806355 28.527554661035538 70
    endloop
  endfacet
  facet normal 0 0 -1
    outer loop
      vertex 50 36.5 70
      vertex 48.107357151806355 28.527554661035538 70
      vertex 48.059479616582394 28.75280074775219 70
    endloop
  endfacet
  facet normal 0 0 -1
    outer loop
      vertex 50 36.5 70
      vertex 48.059479616582394 28.75280074775219 70
      vertex 47.97820635885 29.05611666291952 70
    endloop
  endfacet
  facet normal 0 0 -1
    outer loop
      vertex 50 36.5 70
      vertex 47.97820635885 29.05611666291952 70
      vertex 47.90704648196697 29.275124236941338 70
    endloop
  endfacet
  facet normal 0 0 -1
    outer loop
      vertex 50 36.5 70
      vertex 47.90704648196697 29.275124236941338 70
      vertex 47.79451330751181 29.568283177912235 70
    endloop
  endfacet
  facet normal -0.5877852483564419 -0.8090169972346416 0
    outer loop
      vertex 46.14786062389612 31.69643585383892 73.1
      vertex 45.961561642587185 31.83178998529911 70
      vertex 46.14786062389612 31.69643585383892 70
    endloop
  endfacet
  facet normal -0.7071067811865476 -0.7071067811865476 0
    outer loop
      vertex 46.7850693911314 31.122690491378307 73.1
      vertex 46.56302673369646 31.344733148813248 70
      vertex 46.7850693911314 31.122690491378307 70
    endloop
  endfacet
  facet normal -0.629320395483342 -0.7771459578667896 0
    outer loop
      vertex 46.391896687448025 31.49881934374571 73.1
      vertex 46.14786062389612 31.69643585383892 70
      vertex 46.391896687448025 31.49881934374571 70
    endloop
  endfacet
  facet normal -0.6691306283975405 -0.7431448056336751 0
    outer loop
      vertex 46.56302673369646 31.344733148813248 73.1
      vertex 46.391896687448025 31.49881934374571 70
      vertex 46.56302673369646 31.344733148813248 70
    endloop
  endfacet
  facet normal -0.9996573242298319 -0.026176976785963785 0
    outer loop
      vertex 48.20000000298023 27.559663757681847 73.1
      vertex 48.196984976530075 27.674802847206593 70
      vertex 48.20000000298023 27.559663757681847 70
    endloop
  endfacet
  facet normal -0.9986295351212079 -0.05233594924714904 0
    outer loop
      vertex 48.196984976530075 27.674802847206593 73.1
      vertex 48.180550664663315 27.988388240337372 70
      vertex 48.196984976530075 27.674802847206593 70
    endloop
  endfacet
  facet normal -0.9945218961410265 -0.10452845591539826 0
    outer loop
      vertex 48.180550664663315 27.988388240337372 73.1
      vertex 48.15648003667593 28.21740498393774 70
      vertex 48.180550664663315 27.988388240337372 70
    endloop
  endfacet
  facet normal -0.9876883396870251 -0.15643447077382908 0
    outer loop
      vertex 48.15648003667593 28.21740498393774 73.1
      vertex 48.107357151806355 28.527554661035538 70
      vertex 48.15648003667593 28.21740498393774 70
    endloop
  endfacet
  facet normal -0.9659258237320325 -0.25881905464550803 0
    outer loop
      vertex 48.059479616582394 28.75280074775219 73.1
      vertex 47.97820635885 29.05611666291952 70
      vertex 48.059479616582394 28.75280074775219 70
    endloop
  endfacet
  facet normal -0.9510565131566553 -0.30901700403425203 0
    outer loop
      vertex 47.97820635885 29.05611666291952 73.1
      vertex 47.90704648196697 29.275124236941338 70
      vertex 47.97820635885 29.05611666291952 70
    endloop
  endfacet
  facet normal -0.9781475994074664 -0.20791169705769463 0
    outer loop
      vertex 48.107357151806355 28.527554661035538 73.1
      vertex 48.059479616582394 28.75280074775219 70
      vertex 48.107357151806355 28.527554661035538 70
    endloop
  endfacet
  facet normal -0.8910065259684403 -0.45399049624595805 0
    outer loop
      vertex 47.70085072517395 29.778652772307396 73.1
      vertex 47.55829056352377 30.05844284594059 70
      vertex 47.70085072517395 29.778652772307396 70
    endloop
  endfacet
  facet normal -0.8660254165537549 -0.4999999778828949 0
    outer loop
      vertex 47.55829056352377 30.05844284594059 73.1
      vertex 47.44315146654844 30.257869623601437 70
      vertex 47.55829056352377 30.05844284594059 70
    endloop
  endfacet
  facet normal -0.8386705716328138 -0.5446390293369446 0
    outer loop
      vertex 47.44315146654844 30.257869623601437 73.1
      vertex 47.272126242518425 30.52122537791729 70
      vertex 47.44315146654844 30.257869623601437 70
    endloop
  endfacet
  facet normal -0.9335804259992488 -0.358367950842512 0
    outer loop
      vertex 47.90704648196697 29.275124236941338 73.1
      vertex 47.79451330751181 29.568283177912235 70
      vertex 47.90704648196697 29.275124236941338 70
    endloop
  endfacet
  facet normal -0.9135454505486409 -0.40673665900909506 0
    outer loop
      vertex 47.79451330751181 29.568283177912235 73.1
      vertex 47.70085072517395 29.778652772307396 70
      vertex 47.79451330751181 29.568283177912235 70
    endloop
  endfacet
  facet normal -0.8090169999983138 -0.5877852445525733 0
    outer loop
      vertex 47.272126242518425 30.52122537791729 73.1
      vertex 47.136772096157074 30.70752438157797 70
      vertex 47.272126242518425 30.52122537791729 70
    endloop
  endfacet
  facet normal -0.7771459578667896 -0.629320395483342 0
    outer loop
      vertex 47.136772096157074 30.70752438157797 73.1
      vertex 46.93915558606386 30.95156044512987 70
      vertex 47.136772096157074 30.70752438157797 70
    endloop
  endfacet
  facet normal -0.7431448056336751 -0.6691306283975405 0
    outer loop
      vertex 46.93915558606386 30.95156044512987 73.1
      vertex 46.7850693911314 31.122690491378307 70
      vertex 46.93915558606386 30.95156044512987 70
    endloop
  endfacet
  facet normal 0 0 -1
    outer loop
      vertex 41.19305045157671 33.944566778838634 70
      vertex 42.62518207286682 35.262108378236114 70
      vertex 41.444566778838634 33.69305045157671 70
    endloop
  endfacet
  facet normal 0 0 -1
    outer loop
      vertex 41.16515966504812 33.97554263472557 70
      vertex 42.62518207286682 35.262108378236114 70
      vertex 41.19305045157671 33.944566778838634 70
    endloop
  endfacet
  facet normal 0 0 -1
    outer loop
      vertex 41.444566778838634 33.69305045157671 70
      vertex 42.762108378236114 35.12518207286682 70
      vertex 41.47554263472557 33.66515966504812 70
    endloop
  endfacet
  facet normal 0 0 -1
    outer loop
      vertex 41.75197196006775 33.44131160527468 70
      vertex 42.912597283258926 35.00331856040635 70
      vertex 41.7856934890151 33.41681148856878 70
    endloop
  endfacet
  facet normal 0 0 -1
    outer loop
      vertex 41.47554263472557 33.66515966504812 70
      vertex 42.762108378236114 35.12518207286682 70
      vertex 41.75197196006775 33.44131160527468 70
    endloop
  endfacet
  facet normal 0 0 -1
    outer loop
      vertex 42.08400668948889 33.22308462113142 70
      vertex 43.075 34.89785300299879 70
      vertex 42.12010458111763 33.202243492007256 70
    endloop
  endfacet
  facet normal 0 0 -1
    outer loop
      vertex 42.12010458111763 33.202243492007256 70
      vertex 43.075 34.89785300299879 70
      vertex 42.4370336458087 33.040760070085526 70
    endloop
  endfacet
  facet normal 0 0 -1
    outer loop
      vertex 42.4370336458087 33.040760070085526 70
      vertex 43.24753721030977 34.80994090336119 70
      vertex 42.4751123636961 33.02380633354187 70
    endloop
  endfacet
  facet normal 0 0 -1
    outer loop
      vertex 42.4751123636961 33.02380633354187 70
      vertex 43.24753721030977 34.80994090336119 70
      vertex 42.807184778153896 32.89633567631245 70
    endloop
  endfacet
  facet normal 0 0 -1
    outer loop
      vertex 41.7856934890151 33.41681148856878 70
      vertex 42.912597283258926 35.00331856040635 70
      vertex 42.08400668948889 33.22308462113142 70
    endloop
  endfacet
  facet normal 0 0 -1
    outer loop
      vertex 42.912597283258926 35.00331856040635 70
      vertex 41.75197196006775 33.44131160527468 70
      vertex 42.762108378236114 35.12518207286682 70
    endloop
  endfacet
  facet normal 0 0 -1
    outer loop
      vertex 43.075 34.89785300299879 70
      vertex 42.08400668948889 33.22308462113142 70
      vertex 42.912597283258926 35.00331856040635 70
    endloop
  endfacet
  facet normal 0 0 -1
    outer loop
      vertex 43.24753721030977 34.80994090336119 70
      vertex 42.4370336458087 33.040760070085526 70
      vertex 43.075 34.89785300299879 70
    endloop
  endfacet
  facet normal 0 0 -1
    outer loop
      vertex 42.807184778153896 32.89633567631245 70
      vertex 43.428318560406346 34.740545444853964 70
      vertex 42.84682697057724 32.88345514982939 70
    endloop
  endfacet
  facet normal 0 0 -1
    outer loop
      vertex 42.84682697057724 32.88345514982939 70
      vertex 43.428318560406346 34.740545444853964 70
      vertex 43.19040474295616 32.791393756866455 70
    endloop
  endfacet
  facet normal 0 0 -1
    outer loop
      vertex 43.428318560406346 34.740545444853964 70
      vertex 42.807184778153896 32.89633567631245 70
      vertex 43.24753721030977 34.80994090336119 70
    endloop
  endfacet
  facet normal 0 0 -1
    outer loop
      vertex 43.615363371987144 34.69042693864246 70
      vertex 43.19040474295616 32.791393756866455 70
      vertex 43.428318560406346 34.740545444853964 70
    endloop
  endfacet
  facet normal 0 0 -1
    outer loop
      vertex 43.19040474295616 32.791393756866455 70
      vertex 43.615363371987144 34.69042693864246 70
      vertex 43.80662234295484 34.66013449356869 70
    endloop
  endfacet
  facet normal 0 0 -1
    outer loop
      vertex 43.19040474295616 32.791393756866455 70
      vertex 43.80662234295484 34.66013449356869 70
      vertex 44 34.65 70
    endloop
  endfacet
  facet normal 0 0 -1
    outer loop
      vertex 40.72308457642794 34.584006763994694 70
      vertex 42.39785300299879 35.575 70
      vertex 40.91681157797575 34.28569335490465 70
    endloop
  endfacet
  facet normal 0 0 -1
    outer loop
      vertex 40.540760070085526 34.93703365325928 70
      vertex 42.30994090336119 35.74753721030977 70
      vertex 40.70224350690842 34.62010455876589 70
    endloop
  endfacet
  facet normal 0 0 -1
    outer loop
      vertex 40.70224350690842 34.62010455876589 70
      vertex 42.39785300299879 35.575 70
      vertex 40.72308457642794 34.584006763994694 70
    endloop
  endfacet
  facet normal 0 0 -1
    outer loop
      vertex 40.38345514982939 35.34682697057724 70
      vertex 42.240545444853964 35.928318560406346 70
      vertex 40.39633567631245 35.307184778153896 70
    endloop
  endfacet
  facet normal 0 0 -1
    outer loop
      vertex 40.291393756866455 35.69040474295616 70
      vertex 42.19042693864246 36.115363371987144 70
      vertex 40.38345514982939 35.34682697057724 70
    endloop
  endfacet
  facet normal 0 0 -1
    outer loop
      vertex 40.28272756934166 35.73117595911026 70
      vertex 42.19042693864246 36.115363371987144 70
      vertex 40.291393756866455 35.69040474295616 70
    endloop
  endfacet
  facet normal 0 0 -1
    outer loop
      vertex 40.52380633354187 34.9751123636961 70
      vertex 42.30994090336119 35.74753721030977 70
      vertex 40.540760070085526 34.93703365325928 70
    endloop
  endfacet
  facet normal 0 0 -1
    outer loop
      vertex 40.39633567631245 35.307184778153896 70
      vertex 42.240545444853964 35.928318560406346 70
      vertex 40.52380633354187 34.9751123636961 70
    endloop
  endfacet
  facet normal 0 0 -1
    outer loop
      vertex 40.91681157797575 34.28569335490465 70
      vertex 42.50331856040635 35.412597283258926 70
      vertex 40.94131155312061 34.251972027122974 70
    endloop
  endfacet
  facet normal 0 0 -1
    outer loop
      vertex 40.94131155312061 34.251972027122974 70
      vertex 42.50331856040635 35.412597283258926 70
      vertex 41.16515966504812 33.97554263472557 70
    endloop
  endfacet
  facet normal 0 0 -1
    outer loop
      vertex 42.50331856040635 35.412597283258926 70
      vertex 40.91681157797575 34.28569335490465 70
      vertex 42.39785300299879 35.575 70
    endloop
  endfacet
  facet normal 0 0 -1
    outer loop
      vertex 42.62518207286682 35.262108378236114 70
      vertex 41.16515966504812 33.97554263472557 70
      vertex 42.50331856040635 35.412597283258926 70
    endloop
  endfacet
  facet normal 0 0 -1
    outer loop
      vertex 42.30994090336119 35.74753721030977 70
      vertex 40.52380633354187 34.9751123636961 70
      vertex 42.240545444853964 35.928318560406346 70
    endloop
  endfacet
  facet normal 0 0 -1
    outer loop
      vertex 42.240545444853964 35.928318560406346 70
      vertex 40.38345514982939 35.34682697057724 70
      vertex 42.19042693864246 36.115363371987144 70
    endloop
  endfacet
  facet normal 0 0 -1
    outer loop
      vertex 42.39785300299879 35.575 70
      vertex 40.70224350690842 34.62010455876589 70
      vertex 42.30994090336119 35.74753721030977 70
    endloop
  endfacet
  facet normal 0 0 -1
    outer loop
      vertex 40.22095795720816 36.12117397040129 70
      vertex 42.16013449356869 36.30662234295484 70
      vertex 40.28272756934166 35.73117595911026 70
    endloop
  endfacet
  facet normal 0 0 -1
    outer loop
      vertex 40.2161438241601 36.157741002738476 70
      vertex 42.16013449356869 36.30662234295484 70
      vertex 40.22095795720816 36.12117397040129 70
    endloop
  endfacet
  facet normal 0 0 -1
    outer loop
      vertex 40.167020954191685 36.467890687286854 70
      vertex 42.15 36.5 70
      vertex 40.2161438241601 36.157741002738476 70
    endloop
  endfacet
  facet normal 0 0 -1
    outer loop
      vertex 40.119143433868885 36.693136759102345 70
      vertex 42.16013449356869 36.69337765704516 70
      vertex 40.167020954191685 36.467890687286854 70
    endloop
  endfacet
  facet normal 0 0 -1
    outer loop
      vertex 42.19042693864246 36.884636628012856 70
      vertex 40.119143433868885 36.693136759102345 70
      vertex 40.037870183587074 36.99645269662142 70
    endloop
  endfacet
  facet normal 0 0 -1
    outer loop
      vertex 42.240545444853964 37.071681439593654 70
      vertex 40.037870183587074 36.99645269662142 70
      vertex 39.966710314154625 37.215460285544395 70
    endloop
  endfacet
  facet normal 0 0 -1
    outer loop
      vertex 42.19042693864246 36.115363371987144 70
      vertex 40.28272756934166 35.73117595911026 70
      vertex 42.16013449356869 36.30662234295484 70
    endloop
  endfacet
  facet normal 0 0 -1
    outer loop
      vertex 42.16013449356869 36.30662234295484 70
      vertex 40.2161438241601 36.157741002738476 70
      vertex 42.15 36.5 70
    endloop
  endfacet
  facet normal 0 0 -1
    outer loop
      vertex 42.15 36.5 70
      vertex 40.167020954191685 36.467890687286854 70
      vertex 42.16013449356869 36.69337765704516 70
    endloop
  endfacet
  facet normal 0 0 -1
    outer loop
      vertex 42.16013449356869 36.69337765704516 70
      vertex 40.119143433868885 36.693136759102345 70
      vertex 42.19042693864246 36.884636628012856 70
    endloop
  endfacet
  facet normal 0 0 -1
    outer loop
      vertex 42.19042693864246 36.884636628012856 70
      vertex 40.037870183587074 36.99645269662142 70
      vertex 42.240545444853964 37.071681439593654 70
    endloop
  endfacet
  facet normal 0 0 -1
    outer loop
      vertex 42.240545444853964 37.071681439593654 70
      vertex 39.966710314154625 37.215460285544395 70
      vertex 42.30994090336119 37.25246278969023 70
    endloop
  endfacet
  facet normal 0 0 -1
    outer loop
      vertex 42.762108378236114 35.12518207286682 70
      vertex 41.444566778838634 33.69305045157671 70
      vertex 42.62518207286682 35.262108378236114 70
    endloop
  endfacet
  facet normal 0 0 -1
    outer loop
      vertex 39.50281532853842 38.1982057094574 70
      vertex 42.62518207286682 37.737891621763886 70
      vertex 39.617954447865486 37.99877889454365 70
    endloop
  endfacet
  facet normal 0 0 -1
    outer loop
      vertex 43.428318560406346 38.259454555146036 70
      vertex 39.19643598794937 38.64786045998335 70
      vertex 38.99881947040558 38.89189654588699 70
    endloop
  endfacet
  facet normal 0 0 -1
    outer loop
      vertex 48.01478363573551 40.95886895060539 70
      vertex 35.17480307072401 40.696984969079494 70
      vertex 35.059663876891136 40.70000000298023 70
    endloop
  endfacet
  facet normal 0 0 -1
    outer loop
      vertex 48.01478363573551 40.95886895060539 70
      vertex 35.48838846385479 40.68055064231157 70
      vertex 35.17480307072401 40.696984969079494 70
    endloop
  endfacet
  facet normal 0 0 -1
    outer loop
      vertex 48.01478363573551 40.95886895060539 70
      vertex 35.717405155301094 40.65648001432419 70
      vertex 35.48838846385479 40.68055064231157 70
    endloop
  endfacet
  facet normal 0 0 -1
    outer loop
      vertex 48.01478363573551 40.95886895060539 70
      vertex 36.02755483239889 40.60735712200403 70
      vertex 35.717405155301094 40.65648001432419 70
    endloop
  endfacet
  facet normal 0 0 -1
    outer loop
      vertex 48.01478363573551 40.95886895060539 70
      vertex 36.252800926566124 40.55947957932949 70
      vertex 36.02755483239889 40.60735712200403 70
    endloop
  endfacet
  facet normal 0 0 -1
    outer loop
      vertex 48.01478363573551 40.95886895060539 70
      vertex 36.556116834282875 40.47820631414652 70
      vertex 36.252800926566124 40.55947957932949 70
    endloop
  endfacet
  facet normal 0 0 -1
    outer loop
      vertex 48.01478363573551 40.95886895060539 70
      vertex 36.775124438107014 40.40704641491175 70
      vertex 36.556116834282875 40.47820631414652 70
    endloop
  endfacet
  facet normal 0 0 -1
    outer loop
      vertex 42.30994090336119 37.25246278969023 70
      vertex 39.966710314154625 37.215460285544395 70
      vertex 39.85417713969946 37.508619248867035 70
    endloop
  endfacet
  facet normal 0 0 -1
    outer loop
      vertex 39.760514594614506 37.71898881345987 70
      vertex 42.39785300299879 37.425 70
      vertex 39.85417713969946 37.508619248867035 70
    endloop
  endfacet
  facet normal 0 0 -1
    outer loop
      vertex 42.50331856040635 37.587402716741074 70
      vertex 39.760514594614506 37.71898881345987 70
      vertex 39.617954447865486 37.99877889454365 70
    endloop
  endfacet
  facet normal 0 0 -1
    outer loop
      vertex 39.33179011195898 38.46156147122383 70
      vertex 43.24753721030977 38.19005909663881 70
      vertex 39.50281532853842 38.1982057094574 70
    endloop
  endfacet
  facet normal 0 0 -1
    outer loop
      vertex 43.428318560406346 38.259454555146036 70
      vertex 39.33179011195898 38.46156147122383 70
      vertex 39.19643598794937 38.64786045998335 70
    endloop
  endfacet
  facet normal 0 0 -1
    outer loop
      vertex 42.30994090336119 37.25246278969023 70
      vertex 39.85417713969946 37.508619248867035 70
      vertex 42.39785300299879 37.425 70
    endloop
  endfacet
  facet normal 0 0 -1
    outer loop
      vertex 39.760514594614506 37.71898881345987 70
      vertex 42.50331856040635 37.587402716741074 70
      vertex 42.39785300299879 37.425 70
    endloop
  endfacet
  facet normal 0 0 -1
    outer loop
      vertex 42.50331856040635 37.587402716741074 70
      vertex 39.617954447865486 37.99877889454365 70
      vertex 42.62518207286682 37.737891621763886 70
    endloop
  endfacet
  facet normal 0 0 -1
    outer loop
      vertex 39.50281532853842 38.1982057094574 70
      vertex 42.762108378236114 37.87481792713318 70
      vertex 42.62518207286682 37.737891621763886 70
    endloop
  endfacet
  facet normal 0 0 -1
    outer loop
      vertex 39.50281532853842 38.1982057094574 70
      vertex 42.912597283258926 37.99668143959365 70
      vertex 42.762108378236114 37.87481792713318 70
    endloop
  endfacet
  facet normal 0 0 -1
    outer loop
      vertex 39.50281532853842 38.1982057094574 70
      vertex 43.075 38.10214699700121 70
      vertex 42.912597283258926 37.99668143959365 70
    endloop
  endfacet
  facet normal 0 0 -1
    outer loop
      vertex 39.50281532853842 38.1982057094574 70
      vertex 43.24753721030977 38.19005909663881 70
      vertex 43.075 38.10214699700121 70
    endloop
  endfacet
  facet normal 0 0 -1
    outer loop
      vertex 39.33179011195898 38.46156147122383 70
      vertex 43.428318560406346 38.259454555146036 70
      vertex 43.24753721030977 38.19005909663881 70
    endloop
  endfacet
  facet normal 0 0 -1
    outer loop
      vertex 43.428318560406346 38.259454555146036 70
      vertex 38.99881947040558 38.89189654588699 70
      vertex 43.615363371987144 38.30957306135754 70
    endloop
  endfacet
  facet normal 0 0 -1
    outer loop
      vertex 38.99881947040558 38.89189654588699 70
      vertex 43.80662234295484 38.33986550643131 70
      vertex 43.615363371987144 38.30957306135754 70
    endloop
  endfacet
  facet normal 0 0 -1
    outer loop
      vertex 48.854101963341236 40.02671151608229 70
      vertex 38.20752454549074 39.636771976947784 70
      vertex 38.021225556731224 39.772126130759716 70
    endloop
  endfacet
  facet normal 0 0 -1
    outer loop
      vertex 49.19615242630243 39.5 70
      vertex 38.62269067019224 39.28506924211979 70
      vertex 38.451560601592064 39.43915545940399 70
    endloop
  endfacet
  facet normal 0 0 -1
    outer loop
      vertex 48.854101963341236 40.02671151608229 70
      vertex 38.451560601592064 39.43915545940399 70
      vertex 38.20752454549074 39.636771976947784 70
    endloop
  endfacet
  facet normal 0 0 -1
    outer loop
      vertex 38.99881947040558 38.89189654588699 70
      vertex 44 38.35 70
      vertex 43.80662234295484 38.33986550643131 70
    endloop
  endfacet
  facet normal 0 0 -1
    outer loop
      vertex 38.99881947040558 38.89189654588699 70
      vertex 44.19337765704516 38.33986550643131 70
      vertex 44 38.35 70
    endloop
  endfacet
  facet normal 0 0 -1
    outer loop
      vertex 49.19615242630243 39.5 70
      vertex 38.99881947040558 38.89189654588699 70
      vertex 38.84473331272602 39.06302657723427 70
    endloop
  endfacet
  facet normal 0 0 -1
    outer loop
      vertex 49.19615242630243 39.5 70
      vertex 38.84473331272602 39.06302657723427 70
      vertex 38.62269067019224 39.28506924211979 70
    endloop
  endfacet
  facet normal 0 0 -1
    outer loop
      vertex 48.45886895060539 40.51478363573551 70
      vertex 37.06828337907791 40.29451322555542 70
      vertex 36.775124438107014 40.40704641491175 70
    endloop
  endfacet
  facet normal 0 0 -1
    outer loop
      vertex 48.45886895060539 40.51478363573551 70
      vertex 37.27865295112133 40.200850650668144 70
      vertex 37.06828337907791 40.29451322555542 70
    endloop
  endfacet
  facet normal 0 0 -1
    outer loop
      vertex 48.45886895060539 40.51478363573551 70
      vertex 37.75786980241537 39.943151369690895 70
      vertex 37.558443017303944 40.05829048156738 70
    endloop
  endfacet
  facet normal 0 0 -1
    outer loop
      vertex 48.45886895060539 40.51478363573551 70
      vertex 37.558443017303944 40.05829048156738 70
      vertex 37.27865295112133 40.200850650668144 70
    endloop
  endfacet
  facet normal 0 0 -1
    outer loop
      vertex 48.854101963341236 40.02671151608229 70
      vertex 38.021225556731224 39.772126130759716 70
      vertex 37.75786980241537 39.943151369690895 70
    endloop
  endfacet
  facet normal 0 0 -1
    outer loop
      vertex 43.19040474295616 32.791393756866455 70
      vertex 44 34.65 70
      vertex 44.19337765704516 34.66013449356869 70
    endloop
  endfacet
  facet normal 0 0 -1
    outer loop
      vertex 43.19040474295616 32.791393756866455 70
      vertex 44.19337765704516 34.66013449356869 70
      vertex 44.384636628012856 34.69042693864246 70
    endloop
  endfacet
  facet normal 0 0 -1
    outer loop
      vertex 43.19040474295616 32.791393756866455 70
      vertex 44.384636628012856 34.69042693864246 70
      vertex 44.571681439593654 34.740545444853964 70
    endloop
  endfacet
  facet normal 0 0 -1
    outer loop
      vertex 43.19040474295616 32.791393756866455 70
      vertex 44.571681439593654 34.740545444853964 70
      vertex 44.75246278969023 34.80994090336119 70
    endloop
  endfacet
  facet normal 0 0 -1
    outer loop
      vertex 43.19040474295616 32.791393756866455 70
      vertex 44.75246278969023 34.80994090336119 70
      vertex 44.925 34.89785300299879 70
    endloop
  endfacet
  facet normal 0 0 -1
    outer loop
      vertex 49.86888560652733 37.747470147907734 70
      vertex 43.23117606341839 32.78272754698992 70
      vertex 43.19040474295616 32.791393756866455 70
    endloop
  endfacet
  facet normal 0 0 -1
    outer loop
      vertex 49.86888560652733 37.747470147907734 70
      vertex 43.6211738884449 32.72095795720816 70
      vertex 43.23117606341839 32.78272754698992 70
    endloop
  endfacet
  facet normal 0 0 -1
    outer loop
      vertex 49.9671313688159 37.12717077881098 70
      vertex 43.657741360366344 32.716143772006035 70
      vertex 43.6211738884449 32.72095795720816 70
    endloop
  endfacet
  facet normal 0 0 -1
    outer loop
      vertex 49.9671313688159 37.12717077881098 70
      vertex 43.96789092570543 32.66702090203762 70
      vertex 43.657741360366344 32.716143772006035 70
    endloop
  endfacet
  facet normal 0 0 -1
    outer loop
      vertex 49.9671313688159 37.12717077881098 70
      vertex 44.19313699007034 32.61914337426424 70
      vertex 43.96789092570543 32.66702090203762 70
    endloop
  endfacet
  facet normal 0 0 -1
    outer loop
      vertex 50 36.5 70
      vertex 44.71546047925949 32.46671023964882 70
      vertex 44.496452905237675 32.53787011653185 70
    endloop
  endfacet
  facet normal 0 0 -1
    outer loop
      vertex 50 36.5 70
      vertex 45.00861942023039 32.35417706519365 70
      vertex 44.71546047925949 32.46671023964882 70
    endloop
  endfacet
  facet normal 0 0 -1
    outer loop
      vertex 50 36.5 70
      vertex 45.21898901462555 32.2605144828558 70
      vertex 45.00861942023039 32.35417706519365 70
    endloop
  endfacet
  facet normal 0 0 -1
    outer loop
      vertex 50 36.5 70
      vertex 44.496452905237675 32.53787011653185 70
      vertex 44.19313699007034 32.61914337426424 70
    endloop
  endfacet
  facet normal 0 0 -1
    outer loop
      vertex 49.86888560652733 37.747470147907734 70
      vertex 43.19040474295616 32.791393756866455 70
      vertex 44.925 34.89785300299879 70
    endloop
  endfacet
  facet normal 0 0 -1
    outer loop
      vertex 49.86888560652733 37.747470147907734 70
      vertex 44.925 34.89785300299879 70
      vertex 45.087402716741074 35.00331856040635 70
    endloop
  endfacet
  facet normal 0 0 -1
    outer loop
      vertex 49.86888560652733 37.747470147907734 70
      vertex 45.087402716741074 35.00331856040635 70
      vertex 45.237891621763886 35.12518207286682 70
    endloop
  endfacet
  facet normal 0 0 -1
    outer loop
      vertex 49.86888560652733 37.747470147907734 70
      vertex 45.237891621763886 35.12518207286682 70
      vertex 45.37481792713318 35.262108378236114 70
    endloop
  endfacet
  facet normal 0 0 -1
    outer loop
      vertex 50 36.5 70
      vertex 46.56302673369646 31.344733148813248 70
      vertex 46.391896687448025 31.49881934374571 70
    endloop
  endfacet
  facet normal 0 0 -1
    outer loop
      vertex 50 36.5 70
      vertex 47.70085072517395 29.778652772307396 70
      vertex 47.55829056352377 30.05844284594059 70
    endloop
  endfacet
  facet normal 0 0 -1
    outer loop
      vertex 50 36.5 70
      vertex 47.44315146654844 30.257869623601437 70
      vertex 47.272126242518425 30.52122537791729 70
    endloop
  endfacet
  facet normal 0 0 -1
    outer loop
      vertex 50 36.5 70
      vertex 47.55829056352377 30.05844284594059 70
      vertex 47.44315146654844 30.257869623601437 70
    endloop
  endfacet
  facet normal 0 0 -1
    outer loop
      vertex 50 36.5 70
      vertex 46.93915558606386 30.95156044512987 70
      vertex 46.7850693911314 31.122690491378307 70
    endloop
  endfacet
  facet normal 0 0 -1
    outer loop
      vertex 50 36.5 70
      vertex 47.136772096157074 30.70752438157797 70
      vertex 46.93915558606386 30.95156044512987 70
    endloop
  endfacet
  facet normal 0 0 -1
    outer loop
      vertex 50 36.5 70
      vertex 46.7850693911314 31.122690491378307 70
      vertex 46.56302673369646 31.344733148813248 70
    endloop
  endfacet
  facet normal 0 0 -1
    outer loop
      vertex 50 36.5 70
      vertex 47.272126242518425 30.52122537791729 70
      vertex 47.136772096157074 30.70752438157797 70
    endloop
  endfacet
  facet normal 0 0 -1
    outer loop
      vertex 50 36.5 70
      vertex 45.961561642587185 31.83178998529911 70
      vertex 45.69820586591959 32.00281522423029 70
    endloop
  endfacet
  facet normal 0 0 -1
    outer loop
      vertex 50 36.5 70
      vertex 45.49877908825874 32.117954321205616 70
      vertex 45.21898901462555 32.2605144828558 70
    endloop
  endfacet
  facet normal 0 0 -1
    outer loop
      vertex 50 36.5 70
      vertex 45.69820586591959 32.00281522423029 70
      vertex 45.49877908825874 32.117954321205616 70
    endloop
  endfacet
  facet normal 0 0 -1
    outer loop
      vertex 50 36.5 70
      vertex 46.14786062389612 31.69643585383892 70
      vertex 45.961561642587185 31.83178998529911 70
    endloop
  endfacet
  facet normal 0 0 -1
    outer loop
      vertex 50 36.5 70
      vertex 46.391896687448025 31.49881934374571 70
      vertex 46.14786062389612 31.69643585383892 70
    endloop
  endfacet
  facet normal 0 0 -1
    outer loop
      vertex 50 36.5 70
      vertex 47.79451330751181 29.568283177912235 70
      vertex 47.70085072517395 29.778652772307396 70
    endloop
  endfacet
  facet normal 0 0 -1
    outer loop
      vertex 50 36.5 70
      vertex 44.19313699007034 32.61914337426424 70
      vertex 49.9671313688159 37.12717077881098 70
    endloop
  endfacet
  facet normal 0 0 -1
    outer loop
      vertex 49.86888560652733 37.747470147907734 70
      vertex 45.37481792713318 35.262108378236114 70
      vertex 45.49668143959365 35.412597283258926 70
    endloop
  endfacet
  facet normal 0 0 -1
    outer loop
      vertex 49.86888560652733 37.747470147907734 70
      vertex 45.49668143959365 35.412597283258926 70
      vertex 45.60214699700121 35.575 70
    endloop
  endfacet
  facet normal 0 0 -1
    outer loop
      vertex 49.86888560652733 37.747470147907734 70
      vertex 45.60214699700121 35.575 70
      vertex 45.69005909663881 35.74753721030977 70
    endloop
  endfacet
  facet normal 0 0 -1
    outer loop
      vertex 49.86888560652733 37.747470147907734 70
      vertex 45.69005909663881 35.74753721030977 70
      vertex 45.759454555146036 35.928318560406346 70
    endloop
  endfacet
  facet normal 0 0 -1
    outer loop
      vertex 49.86888560652733 37.747470147907734 70
      vertex 45.759454555146036 35.928318560406346 70
      vertex 45.80957306135754 36.115363371987144 70
    endloop
  endfacet
  facet normal 0 0 -1
    outer loop
      vertex 49.86888560652733 37.747470147907734 70
      vertex 45.80957306135754 36.115363371987144 70
      vertex 45.83986550643131 36.30662234295484 70
    endloop
  endfacet
  facet normal 0 0 -1
    outer loop
      vertex 49.86888560652733 37.747470147907734 70
      vertex 45.83986550643131 36.30662234295484 70
      vertex 45.85 36.5 70
    endloop
  endfacet
  facet normal 0 0 -1
    outer loop
      vertex 49.86888560652733 37.747470147907734 70
      vertex 45.85 36.5 70
      vertex 45.83986550643131 36.69337765704516 70
    endloop
  endfacet
  facet normal 0 0 -1
    outer loop
      vertex 49.86888560652733 37.747470147907734 70
      vertex 45.83986550643131 36.69337765704516 70
      vertex 45.80957306135754 36.884636628012856 70
    endloop
  endfacet
  facet normal 0 0 -1
    outer loop
      vertex 49.9671313688159 37.12717077881098 70
      vertex 43.6211738884449 32.72095795720816 70
      vertex 49.86888560652733 37.747470147907734 70
    endloop
  endfacet
  facet normal 0 0 -1
    outer loop
      vertex 49.481272742152214 38.94041986018419 70
      vertex 44.19337765704516 38.33986550643131 70
      vertex 38.99881947040558 38.89189654588699 70
    endloop
  endfacet
  facet normal 0 0 -1
    outer loop
      vertex 49.706339098513126 38.354101963341236 70
      vertex 44.571681439593654 38.259454555146036 70
      vertex 44.384636628012856 38.30957306135754 70
    endloop
  endfacet
  facet normal 0 0 -1
    outer loop
      vertex 49.706339098513126 38.354101963341236 70
      vertex 44.75246278969023 38.19005909663881 70
      vertex 44.571681439593654 38.259454555146036 70
    endloop
  endfacet
  facet normal 0 0 -1
    outer loop
      vertex 49.706339098513126 38.354101963341236 70
      vertex 44.925 38.10214699700121 70
      vertex 44.75246278969023 38.19005909663881 70
    endloop
  endfacet
  facet normal 0 0 -1
    outer loop
      vertex 49.706339098513126 38.354101963341236 70
      vertex 45.087402716741074 37.99668143959365 70
      vertex 44.925 38.10214699700121 70
    endloop
  endfacet
  facet normal 0 0 -1
    outer loop
      vertex 49.706339098513126 38.354101963341236 70
      vertex 45.237891621763886 37.87481792713318 70
      vertex 45.087402716741074 37.99668143959365 70
    endloop
  endfacet
  facet normal 0 0 -1
    outer loop
      vertex 49.706339098513126 38.354101963341236 70
      vertex 45.37481792713318 37.737891621763886 70
      vertex 45.237891621763886 37.87481792713318 70
    endloop
  endfacet
  facet normal 0 0 -1
    outer loop
      vertex 49.481272742152214 38.94041986018419 70
      vertex 44.384636628012856 38.30957306135754 70
      vertex 44.19337765704516 38.33986550643131 70
    endloop
  endfacet
  facet normal 0 0 -1
    outer loop
      vertex 49.19615242630243 39.5 70
      vertex 49.481272742152214 38.94041986018419 70
      vertex 38.99881947040558 38.89189654588699 70
    endloop
  endfacet
  facet normal 0 0 -1
    outer loop
      vertex 49.19615242630243 39.5 70
      vertex 38.451560601592064 39.43915545940399 70
      vertex 48.854101963341236 40.02671151608229 70
    endloop
  endfacet
  facet normal 0 0 -1
    outer loop
      vertex 48.01478363573551 40.95886895060539 70
      vertex 48.45886895060539 40.51478363573551 70
      vertex 36.775124438107014 40.40704641491175 70
    endloop
  endfacet
  facet normal 0 0 -1
    outer loop
      vertex 48.854101963341236 40.02671151608229 70
      vertex 37.75786980241537 39.943151369690895 70
      vertex 48.45886895060539 40.51478363573551 70
    endloop
  endfacet
  facet normal 0 0 -1
    outer loop
      vertex 49.86888560652733 37.747470147907734 70
      vertex 45.69005909663881 37.25246278969023 70
      vertex 45.60214699700121 37.425 70
    endloop
  endfacet
  facet normal 0 0 -1
    outer loop
      vertex 49.86888560652733 37.747470147907734 70
      vertex 45.80957306135754 36.884636628012856 70
      vertex 45.759454555146036 37.071681439593654 70
    endloop
  endfacet
  facet normal 0 0 -1
    outer loop
      vertex 49.86888560652733 37.747470147907734 70
      vertex 45.759454555146036 37.071681439593654 70
      vertex 45.69005909663881 37.25246278969023 70
    endloop
  endfacet
  facet normal 0 0 -1
    outer loop
      vertex 49.86888560652733 37.747470147907734 70
      vertex 45.60214699700121 37.425 70
      vertex 45.49668143959365 37.587402716741074 70
    endloop
  endfacet
  facet normal 0 0 -1
    outer loop
      vertex 49.86888560652733 37.747470147907734 70
      vertex 45.49668143959365 37.587402716741074 70
      vertex 45.37481792713318 37.737891621763886 70
    endloop
  endfacet
  facet normal 0 0 -1
    outer loop
      vertex 49.86888560652733 37.747470147907734 70
      vertex 45.37481792713318 37.737891621763886 70
      vertex 49.706339098513126 38.354101963341236 70
    endloop
  endfacet
  facet normal 0 0 -1
    outer loop
      vertex 49.706339098513126 38.354101963341236 70
      vertex 44.384636628012856 38.30957306135754 70
      vertex 49.481272742152214 38.94041986018419 70
    endloop
  endfacet
  facet normal 0.9876883405951344 0.1564344650402512 0
    outer loop
      vertex 42.16013449356869 36.30662234295484 72.5
      vertex 42.19042693864246 36.115363371987144 70
      vertex 42.16013449356869 36.30662234295484 70
    endloop
  endfacet
  facet normal 0.9986295347545744 0.052335956242933517 0
    outer loop
      vertex 42.15 36.5 72.5
      vertex 42.16013449356869 36.30662234295484 70
      vertex 42.15 36.5 70
    endloop
  endfacet
  facet normal 0.9986295347545744 -0.052335956242933517 0
    outer loop
      vertex 42.16013449356869 36.69337765704516 72.5
      vertex 42.15 36.5 70
      vertex 42.16013449356869 36.69337765704516 70
    endloop
  endfacet
  facet normal 0.9876883405951344 -0.1564344650402512 0
    outer loop
      vertex 42.19042693864246 36.884636628012856 72.5
      vertex 42.16013449356869 36.69337765704516 70
      vertex 42.19042693864246 36.884636628012856 70
    endloop
  endfacet
  facet normal 0.5446390350150357 0.8386705679454183 0
    outer loop
      vertex 42.912597283258926 35.00331856040635 72.5
      vertex 43.075 34.89785300299879 70
      vertex 42.912597283258926 35.00331856040635 70
    endloop
  endfacet
  facet normal 0.6293203910498343 0.7771459614569735 0
    outer loop
      vertex 42.762108378236114 35.12518207286682 72.5
      vertex 42.912597283258926 35.00331856040635 70
      vertex 42.762108378236114 35.12518207286682 70
    endloop
  endfacet
  facet normal 0.8386705679454183 0.5446390350150357 0
    outer loop
      vertex 42.39785300299879 35.575 72.5
      vertex 42.50331856040635 35.412597283258926 70
      vertex 42.39785300299879 35.575 70
    endloop
  endfacet
  facet normal 0.7771459614569735 0.6293203910498343 0
    outer loop
      vertex 42.50331856040635 35.412597283258926 72.5
      vertex 42.62518207286682 35.262108378236114 70
      vertex 42.50331856040635 35.412597283258926 70
    endloop
  endfacet
  facet normal 0.8910065241883708 0.453990499739541 0
    outer loop
      vertex 42.30994090336119 35.74753721030977 72.5
      vertex 42.39785300299879 35.575 70
      vertex 42.30994090336119 35.74753721030977 70
    endloop
  endfacet
  facet normal 0.7071067811865476 0.7071067811865476 0
    outer loop
      vertex 42.62518207286682 35.262108378236114 72.5
      vertex 42.762108378236114 35.12518207286682 70
      vertex 42.62518207286682 35.262108378236114 70
    endloop
  endfacet
  facet normal 0.35836794954531154 0.9335804264971974 0
    outer loop
      vertex 43.24753721030977 34.80994090336119 72.5
      vertex 43.428318560406346 34.740545444853964 70
      vertex 43.24753721030977 34.80994090336119 70
    endloop
  endfacet
  facet normal 0.453990499739541 0.8910065241883708 0
    outer loop
      vertex 43.075 34.89785300299879 72.5
      vertex 43.24753721030977 34.80994090336119 70
      vertex 43.075 34.89785300299879 70
    endloop
  endfacet
  facet normal 0.25881904510251097 0.9659258262890709 0
    outer loop
      vertex 43.428318560406346 34.740545444853964 72.5
      vertex 43.615363371987144 34.69042693864246 70
      vertex 43.428318560406346 34.740545444853964 70
    endloop
  endfacet
  facet normal 0.1564344650402512 0.9876883405951344 0
    outer loop
      vertex 43.615363371987144 34.69042693864246 72.5
      vertex 43.80662234295484 34.66013449356869 70
      vertex 43.615363371987144 34.69042693864246 70
    endloop
  endfacet
  facet normal 0.9335804264971974 0.35836794954531154 0
    outer loop
      vertex 42.240545444853964 35.928318560406346 72.5
      vertex 42.30994090336119 35.74753721030977 70
      vertex 42.240545444853964 35.928318560406346 70
    endloop
  endfacet
  facet normal 0.9659258262890709 0.25881904510251097 0
    outer loop
      vertex 42.19042693864246 36.115363371987144 72.5
      vertex 42.240545444853964 35.928318560406346 70
      vertex 42.19042693864246 36.115363371987144 70
    endloop
  endfacet
  facet normal 0.9659258262890709 -0.25881904510251097 0
    outer loop
      vertex 42.240545444853964 37.071681439593654 72.5
      vertex 42.19042693864246 36.884636628012856 70
      vertex 42.240545444853964 37.071681439593654 70
    endloop
  endfacet
  facet normal -0.9135454366258215 -0.40673669028025616 0
    outer loop
      vertex 40.540760070085526 34.93703365325928 73.1
      vertex 40.52380633354187 34.9751123636961 70
      vertex 40.540760070085526 34.93703365325928 70
    endloop
  endfacet
  facet normal -0.9335804262228318 -0.35836795026005863 0
    outer loop
      vertex 40.52380633354187 34.9751123636961 73.1
      vertex 40.39633567631245 35.307184778153896 70
      vertex 40.52380633354187 34.9751123636961 70
    endloop
  endfacet
  facet normal -0.9510565348890563 -0.309016937148793 0
    outer loop
      vertex 40.39633567631245 35.307184778153896 73.1
      vertex 40.38345514982939 35.34682697057724 70
      vertex 40.39633567631245 35.307184778153896 70
    endloop
  endfacet
  facet normal -0.965925821849404 -0.25881906167157254 0
    outer loop
      vertex 40.38345514982939 35.34682697057724 73.1
      vertex 40.291393756866455 35.69040474295616 70
      vertex 40.38345514982939 35.34682697057724 70
    endloop
  endfacet
  facet normal -0.9781476104724821 -0.20791164500088272 0
    outer loop
      vertex 40.291393756866455 35.69040474295616 73.1
      vertex 40.28272756934166 35.73117595911026 70
      vertex 40.291393756866455 35.69040474295616 70
    endloop
  endfacet
  facet normal -0.9914448897538057 -0.13052597665240342 0
    outer loop
      vertex 40.22095795720816 36.12117397040129 73.1
      vertex 40.2161438241601 36.157741002738476 70
      vertex 40.22095795720816 36.12117397040129 70
    endloop
  endfacet
  facet normal -0.9876883475996361 -0.15643442081556247 0
    outer loop
      vertex 40.2161438241601 36.157741002738476 73.1
      vertex 40.167020954191685 36.467890687286854 70
      vertex 40.2161438241601 36.157741002738476 70
    endloop
  endfacet
  facet normal -0.9876883424000126 -0.1564344536446997 0
    outer loop
      vertex 40.28272756934166 35.73117595911026 73.1
      vertex 40.22095795720816 36.12117397040129 70
      vertex 40.28272756934166 35.73117595911026 70
    endloop
  endfacet
  facet normal -0.9781476097700946 -0.20791164830535763 0
    outer loop
      vertex 40.167020954191685 36.467890687286854 73.1
      vertex 40.119143433868885 36.693136759102345 70
      vertex 40.167020954191685 36.467890687286854 70
    endloop
  endfacet
  facet normal -0.9659258344319026 -0.2588190147130476 0
    outer loop
      vertex 40.119143433868885 36.693136759102345 73.1
      vertex 40.037870183587074 36.99645269662142 70
      vertex 40.119143433868885 36.693136759102345 70
    endloop
  endfacet
  facet normal -0.951056528844657 -0.309016955751545 0
    outer loop
      vertex 40.037870183587074 36.99645269662142 73.1
      vertex 39.966710314154625 37.215460285544395 70
      vertex 40.037870183587074 36.99645269662142 70
    endloop
  endfacet
  facet normal -0.7071067811865476 -0.7071067811865476 0
    outer loop
      vertex 41.444566778838634 33.69305045157671 73.1
      vertex 41.19305045157671 33.944566778838634 70
      vertex 41.444566778838634 33.69305045157671 70
    endloop
  endfacet
  facet normal -0.8090170353239369 -0.5877851959310201 0
    outer loop
      vertex 40.94131155312061 34.251972027122974 73.1
      vertex 40.91681157797575 34.28569335490465 70
      vertex 40.94131155312061 34.251972027122974 70
    endloop
  endfacet
  facet normal -0.838670556988845 -0.5446390518866788 0
    outer loop
      vertex 40.91681157797575 34.28569335490465 73.1
      vertex 40.72308457642794 34.584006763994694 70
      vertex 40.91681157797575 34.28569335490465 70
    endloop
  endfacet
  facet normal -0.7431448181715272 -0.6691306144728455 0
    outer loop
      vertex 41.19305045157671 33.944566778838634 73.1
      vertex 41.16515966504812 33.97554263472557 70
      vertex 41.19305045157671 33.944566778838634 70
    endloop
  endfacet
  facet normal -0.777145956426931 -0.6293203972614194 0
    outer loop
      vertex 41.16515966504812 33.97554263472557 73.1
      vertex 40.94131155312061 34.251972027122974 70
      vertex 41.16515966504812 33.97554263472557 70
    endloop
  endfacet
  facet normal -0.6293204009055282 -0.7771459534759897 0
    outer loop
      vertex 41.75197196006775 33.44131160527468 73.1
      vertex 41.47554263472557 33.66515966504812 70
      vertex 41.75197196006775 33.44131160527468 70
    endloop
  endfacet
  facet normal -0.5877851237884874 -0.8090170877385424 0
    outer loop
      vertex 41.7856934890151 33.41681148856878 73.1
      vertex 41.75197196006775 33.44131160527468 70
      vertex 41.7856934890151 33.41681148856878 70
    endloop
  endfacet
  facet normal -0.6691306144728455 -0.7431448181715272 0
    outer loop
      vertex 41.47554263472557 33.66515966504812 73.1
      vertex 41.444566778838634 33.69305045157671 70
      vertex 41.47554263472557 33.66515966504812 70
    endloop
  endfacet
  facet normal -0.5446390545889127 -0.8386705552339938 0
    outer loop
      vertex 42.08400668948889 33.22308462113142 73.1
      vertex 41.7856934890151 33.41681148856878 70
      vertex 42.08400668948889 33.22308462113142 70
    endloop
  endfacet
  facet normal -0.5000000301411045 -0.8660253863824631 0
    outer loop
      vertex 42.12010458111763 33.202243492007256 73.1
      vertex 42.08400668948889 33.22308462113142 70
      vertex 42.12010458111763 33.202243492007256 70
    endloop
  endfacet
  facet normal -0.4539904947783353 -0.8910065267162314 0
    outer loop
      vertex 42.4370336458087 33.040760070085526 73.1
      vertex 42.12010458111763 33.202243492007256 70
      vertex 42.4370336458087 33.040760070085526 70
    endloop
  endfacet
  facet normal -0.40673662386291654 -0.9135454661967277 0
    outer loop
      vertex 42.4751123636961 33.02380633354187 73.1
      vertex 42.4370336458087 33.040760070085526 70
      vertex 42.4751123636961 33.02380633354187 70
    endloop
  endfacet
  facet normal -0.35836795026005863 -0.9335804262228318 0
    outer loop
      vertex 42.807184778153896 32.89633567631245 73.1
      vertex 42.4751123636961 33.02380633354187 70
      vertex 42.807184778153896 32.89633567631245 70
    endloop
  endfacet
  facet normal -0.309016937148793 -0.9510565348890563 0
    outer loop
      vertex 42.84682697057724 32.88345514982939 73.1
      vertex 42.807184778153896 32.89633567631245 70
      vertex 42.84682697057724 32.88345514982939 70
    endloop
  endfacet
  facet normal -0.25881906167157254 -0.965925821849404 0
    outer loop
      vertex 43.19040474295616 32.791393756866455 73.1
      vertex 42.84682697057724 32.88345514982939 70
      vertex 43.19040474295616 32.791393756866455 70
    endloop
  endfacet
  facet normal -0.20791164914109106 -0.9781476095924541 0
    outer loop
      vertex 43.23117606341839 32.78272754698992 73.1
      vertex 43.19040474295616 32.791393756866455 70
      vertex 43.23117606341839 32.78272754698992 70
    endloop
  endfacet
  facet normal -0.1564344713084453 -0.98768833960235 0
    outer loop
      vertex 43.6211738884449 32.72095795720816 73.1
      vertex 43.23117606341839 32.78272754698992 70
      vertex 43.6211738884449 32.72095795720816 70
    endloop
  endfacet
  facet normal -0.13052582425750334 -0.9914449098169295 0
    outer loop
      vertex 43.657741360366344 32.716143772006035 73.1
      vertex 43.6211738884449 32.72095795720816 70
      vertex 43.657741360366344 32.716143772006035 70
    endloop
  endfacet
  facet normal -0.8660254246525537 -0.49999996385536283 0
    outer loop
      vertex 40.72308457642794 34.584006763994694 73.1
      vertex 40.70224350690842 34.62010455876589 70
      vertex 40.72308457642794 34.584006763994694 70
    endloop
  endfacet
  facet normal -0.8910065270390671 -0.45399049414473436 0
    outer loop
      vertex 40.70224350690842 34.62010455876589 73.1
      vertex 40.540760070085526 34.93703365325928 70
      vertex 40.70224350690842 34.62010455876589 70
    endloop
  endfacet
  facet normal 0.9335804264971974 -0.35836794954531154 0
    outer loop
      vertex 42.30994090336119 37.25246278969023 72.5
      vertex 42.240545444853964 37.071681439593654 70
      vertex 42.30994090336119 37.25246278969023 70
    endloop
  endfacet
  facet normal 0.8910065241883708 -0.453990499739541 0
    outer loop
      vertex 42.39785300299879 37.425 72.5
      vertex 42.30994090336119 37.25246278969023 70
      vertex 42.39785300299879 37.425 70
    endloop
  endfacet
  facet normal 0.8386705679454183 -0.5446390350150357 0
    outer loop
      vertex 42.50331856040635 37.587402716741074 72.5
      vertex 42.39785300299879 37.425 70
      vertex 42.50331856040635 37.587402716741074 70
    endloop
  endfacet
  facet normal 0.7771459614569735 -0.6293203910498343 0
    outer loop
      vertex 42.62518207286682 37.737891621763886 72.5
      vertex 42.50331856040635 37.587402716741074 70
      vertex 42.62518207286682 37.737891621763886 70
    endloop
  endfacet
  facet normal 0.7071067811865476 -0.7071067811865476 0
    outer loop
      vertex 42.762108378236114 37.87481792713318 72.5
      vertex 42.62518207286682 37.737891621763886 70
      vertex 42.762108378236114 37.87481792713318 70
    endloop
  endfacet
  facet normal 0.6293203910498343 -0.7771459614569735 0
    outer loop
      vertex 42.912597283258926 37.99668143959365 72.5
      vertex 42.762108378236114 37.87481792713318 70
      vertex 42.912597283258926 37.99668143959365 70
    endloop
  endfacet
  facet normal 0.5446390350150357 -0.8386705679454183 0
    outer loop
      vertex 43.075 38.10214699700121 72.5
      vertex 42.912597283258926 37.99668143959365 70
      vertex 43.075 38.10214699700121 70
    endloop
  endfacet
  facet normal 0.453990499739541 -0.8910065241883708 0
    outer loop
      vertex 43.24753721030977 38.19005909663881 72.5
      vertex 43.075 38.10214699700121 70
      vertex 43.24753721030977 38.19005909663881 70
    endloop
  endfacet
  facet normal 0.35836794954531154 -0.9335804264971974 0
    outer loop
      vertex 43.428318560406346 38.259454555146036 72.5
      vertex 43.24753721030977 38.19005909663881 70
      vertex 43.428318560406346 38.259454555146036 70
    endloop
  endfacet
  facet normal 0.25881904510251097 -0.9659258262890709 0
    outer loop
      vertex 43.615363371987144 38.30957306135754 72.5
      vertex 43.428318560406346 38.259454555146036 70
      vertex 43.615363371987144 38.30957306135754 70
    endloop
  endfacet
  facet normal 0.1564344650402512 -0.9876883405951344 0
    outer loop
      vertex 43.80662234295484 38.33986550643131 72.5
      vertex 43.615363371987144 38.30957306135754 70
      vertex 43.80662234295484 38.33986550643131 70
    endloop
  endfacet
  facet normal -0.5446390627142673 -0.8386705499573265 0
    outer loop
      vertex 38.021225556731224 39.772126130759716 73.1
      vertex 37.75786980241537 39.943151369690895 70
      vertex 38.021225556731224 39.772126130759716 70
    endloop
  endfacet
  facet normal -0.587785296500131 -0.8090169622562021 0
    outer loop
      vertex 38.20752454549074 39.636771976947784 73.1
      vertex 38.021225556731224 39.772126130759716 70
      vertex 38.20752454549074 39.636771976947784 70
    endloop
  endfacet
  facet normal -0.707106816776709 -0.7071067455963843 0
    outer loop
      vertex 38.84473331272602 39.06302657723427 73.1
      vertex 38.62269067019224 39.28506924211979 70
      vertex 38.84473331272602 39.06302657723427 70
    endloop
  endfacet
  facet normal -0.7431448571046009 -0.6691305712332851 0
    outer loop
      vertex 38.99881947040558 38.89189654588699 73.1
      vertex 38.84473331272602 39.06302657723427 70
      vertex 38.99881947040558 38.89189654588699 70
    endloop
  endfacet
  facet normal -0.6293204214174093 -0.777145936865795 0
    outer loop
      vertex 38.451560601592064 39.43915545940399 73.1
      vertex 38.20752454549074 39.636771976947784 70
      vertex 38.451560601592064 39.43915545940399 70
    endloop
  endfacet
  facet normal -0.6691306337363798 -0.7431448008265621 0
    outer loop
      vertex 38.62269067019224 39.28506924211979 73.1
      vertex 38.451560601592064 39.43915545940399 70
      vertex 38.62269067019224 39.28506924211979 70
    endloop
  endfacet
  facet normal -0.9135454892488474 -0.4067365720870006 0
    outer loop
      vertex 39.85417713969946 37.508619248867035 73.1
      vertex 39.760514594614506 37.71898881345987 70
      vertex 39.85417713969946 37.508619248867035 70
    endloop
  endfacet
  facet normal -0.8910065500540655 -0.4539904489752531 0
    outer loop
      vertex 39.760514594614506 37.71898881345987 73.1
      vertex 39.617954447865486 37.99877889454365 70
      vertex 39.760514594614506 37.71898881345987 70
    endloop
  endfacet
  facet normal -0.8386705895086698 -0.544639001810539 0
    outer loop
      vertex 39.50281532853842 38.1982057094574 73.1
      vertex 39.33179011195898 38.46156147122383 70
      vertex 39.50281532853842 38.1982057094574 70
    endloop
  endfacet
  facet normal -0.86602541496714 -0.49999998063099266 0
    outer loop
      vertex 39.617954447865486 37.99877889454365 73.1
      vertex 39.50281532853842 38.1982057094574 70
      vertex 39.617954447865486 37.99877889454365 70
    endloop
  endfacet
  facet normal -0.9335804351407654 -0.3583679270280465 0
    outer loop
      vertex 39.966710314154625 37.215460285544395 73.1
      vertex 39.85417713969946 37.508619248867035 70
      vertex 39.966710314154625 37.215460285544395 70
    endloop
  endfacet
  facet normal -0.7771459744531957 -0.629320375000836 0
    outer loop
      vertex 39.19643598794937 38.64786045998335 73.1
      vertex 38.99881947040558 38.89189654588699 70
      vertex 39.19643598794937 38.64786045998335 70
    endloop
  endfacet
  facet normal -0.8090170237984825 -0.5877852117944492 0
    outer loop
      vertex 39.33179011195898 38.46156147122383 73.1
      vertex 39.19643598794937 38.64786045998335 70
      vertex 39.33179011195898 38.46156147122383 70
    endloop
  endfacet
  facet normal -0.5000000124049407 -0.8660253966224428 0
    outer loop
      vertex 37.75786980241537 39.943151369690895 73.1
      vertex 37.558443017303944 40.05829048156738 70
      vertex 37.75786980241537 39.943151369690895 70
    endloop
  endfacet
  facet normal 0.052335956242933517 0.9986295347545744 0
    outer loop
      vertex 43.80662234295484 34.66013449356869 72.5
      vertex 44 34.65 70
      vertex 43.80662234295484 34.66013449356869 70
    endloop
  endfacet
  facet normal -0.052335956242933517 0.9986295347545744 0
    outer loop
      vertex 44 34.65 72.5
      vertex 44.19337765704516 34.66013449356869 70
      vertex 44 34.65 70
    endloop
  endfacet
  facet normal -0.1564344650402512 0.9876883405951344 0
    outer loop
      vertex 44.19337765704516 34.66013449356869 72.5
      vertex 44.384636628012856 34.69042693864246 70
      vertex 44.19337765704516 34.66013449356869 70
    endloop
  endfacet
  facet normal -0.25881904510251097 0.9659258262890709 0
    outer loop
      vertex 44.384636628012856 34.69042693864246 72.5
      vertex 44.571681439593654 34.740545444853964 70
      vertex 44.384636628012856 34.69042693864246 70
    endloop
  endfacet
  facet normal -0.35836794954531154 0.9335804264971974 0
    outer loop
      vertex 44.571681439593654 34.740545444853964 72.5
      vertex 44.75246278969023 34.80994090336119 70
      vertex 44.571681439593654 34.740545444853964 70
    endloop
  endfacet
  facet normal -0.453990499739541 0.8910065241883708 0
    outer loop
      vertex 44.75246278969023 34.80994090336119 72.5
      vertex 44.925 34.89785300299879 70
      vertex 44.75246278969023 34.80994090336119 70
    endloop
  endfacet
  facet normal -0.5446390350150357 0.8386705679454183 0
    outer loop
      vertex 44.925 34.89785300299879 72.5
      vertex 45.087402716741074 35.00331856040635 70
      vertex 44.925 34.89785300299879 70
    endloop
  endfacet
  facet normal -0.6293203910498343 0.7771459614569735 0
    outer loop
      vertex 45.087402716741074 35.00331856040635 72.5
      vertex 45.237891621763886 35.12518207286682 70
      vertex 45.087402716741074 35.00331856040635 70
    endloop
  endfacet
  facet normal -0.7071067811865476 0.7071067811865476 0
    outer loop
      vertex 45.237891621763886 35.12518207286682 72.5
      vertex 45.37481792713318 35.262108378236114 70
      vertex 45.237891621763886 35.12518207286682 70
    endloop
  endfacet
  facet normal -0.7771459614569735 0.6293203910498343 0
    outer loop
      vertex 45.37481792713318 35.262108378236114 72.5
      vertex 45.49668143959365 35.412597283258926 70
      vertex 45.37481792713318 35.262108378236114 70
    endloop
  endfacet
  facet normal -0.8386705679454183 0.5446390350150357 0
    outer loop
      vertex 45.49668143959365 35.412597283258926 72.5
      vertex 45.60214699700121 35.575 70
      vertex 45.49668143959365 35.412597283258926 70
    endloop
  endfacet
  facet normal -0.8910065241883708 0.453990499739541 0
    outer loop
      vertex 45.60214699700121 35.575 72.5
      vertex 45.69005909663881 35.74753721030977 70
      vertex 45.60214699700121 35.575 70
    endloop
  endfacet
  facet normal -0.9335804264971974 0.35836794954531154 0
    outer loop
      vertex 45.69005909663881 35.74753721030977 72.5
      vertex 45.759454555146036 35.928318560406346 70
      vertex 45.69005909663881 35.74753721030977 70
    endloop
  endfacet
  facet normal -0.9659258262890709 0.25881904510251097 0
    outer loop
      vertex 45.759454555146036 35.928318560406346 72.5
      vertex 45.80957306135754 36.115363371987144 70
      vertex 45.759454555146036 35.928318560406346 70
    endloop
  endfacet
  facet normal -0.9876883405951344 0.1564344650402512 0
    outer loop
      vertex 45.80957306135754 36.115363371987144 72.5
      vertex 45.83986550643131 36.30662234295484 70
      vertex 45.80957306135754 36.115363371987144 70
    endloop
  endfacet
  facet normal -0.9986295347545744 0.052335956242933517 0
    outer loop
      vertex 45.83986550643131 36.30662234295484 72.5
      vertex 45.85 36.5 70
      vertex 45.83986550643131 36.30662234295484 70
    endloop
  endfacet
  facet normal -0.9986295347545744 -0.052335956242933517 0
    outer loop
      vertex 45.85 36.5 72.5
      vertex 45.83986550643131 36.69337765704516 70
      vertex 45.85 36.5 70
    endloop
  endfacet
  facet normal -0.9876883405951344 -0.1564344650402512 0
    outer loop
      vertex 45.83986550643131 36.69337765704516 72.5
      vertex 45.80957306135754 36.884636628012856 70
      vertex 45.83986550643131 36.69337765704516 70
    endloop
  endfacet
  facet normal -0.9659258262890709 -0.25881904510251097 0
    outer loop
      vertex 45.80957306135754 36.884636628012856 72.5
      vertex 45.759454555146036 37.071681439593654 70
      vertex 45.80957306135754 36.884636628012856 70
    endloop
  endfacet
  facet normal -0.9335804264971974 -0.35836794954531154 0
    outer loop
      vertex 45.759454555146036 37.071681439593654 72.5
      vertex 45.69005909663881 37.25246278969023 70
      vertex 45.759454555146036 37.071681439593654 70
    endloop
  endfacet
  facet normal -0.15643447947138045 -0.987688338309468 0
    outer loop
      vertex 43.96789092570543 32.66702090203762 73.1
      vertex 43.657741360366344 32.716143772006035 70
      vertex 43.96789092570543 32.66702090203762 70
    endloop
  endfacet
  facet normal -0.20791168584136577 -0.9781476017915708 0
    outer loop
      vertex 44.19313699007034 32.61914337426424 73.1
      vertex 43.96789092570543 32.66702090203762 70
      vertex 44.19313699007034 32.61914337426424 70
    endloop
  endfacet
  facet normal -0.25881905464550803 -0.9659258237320325 0
    outer loop
      vertex 44.496452905237675 32.53787011653185 73.1
      vertex 44.19313699007034 32.61914337426424 70
      vertex 44.496452905237675 32.53787011653185 70
    endloop
  endfacet
  facet normal -0.30901700403425203 -0.9510565131566553 0
    outer loop
      vertex 44.71546047925949 32.46671023964882 73.1
      vertex 44.496452905237675 32.53787011653185 70
      vertex 44.71546047925949 32.46671023964882 70
    endloop
  endfacet
  facet normal -0.358367950842512 -0.9335804259992488 0
    outer loop
      vertex 45.00861942023039 32.35417706519365 73.1
      vertex 44.71546047925949 32.46671023964882 70
      vertex 45.00861942023039 32.35417706519365 70
    endloop
  endfacet
  facet normal -0.40673665900909506 -0.9135454505486409 0
    outer loop
      vertex 45.21898901462555 32.2605144828558 73.1
      vertex 45.00861942023039 32.35417706519365 70
      vertex 45.21898901462555 32.2605144828558 70
    endloop
  endfacet
  facet normal -0.45399049624595805 -0.8910065259684403 0
    outer loop
      vertex 45.49877908825874 32.117954321205616 73.1
      vertex 45.21898901462555 32.2605144828558 70
      vertex 45.49877908825874 32.117954321205616 70
    endloop
  endfacet
  facet normal -0.4999999778828949 -0.8660254165537549 0
    outer loop
      vertex 45.69820586591959 32.00281522423029 73.1
      vertex 45.49877908825874 32.117954321205616 70
      vertex 45.69820586591959 32.00281522423029 70
    endloop
  endfacet
  facet normal -0.5446390302010375 -0.8386705710716652 0
    outer loop
      vertex 45.961561642587185 31.83178998529911 73.1
      vertex 45.69820586591959 32.00281522423029 70
      vertex 45.961561642587185 31.83178998529911 70
    endloop
  endfacet
  facet normal 0.052335956242933517 -0.9986295347545744 0
    outer loop
      vertex 44 38.35 72.5
      vertex 43.80662234295484 38.33986550643131 70
      vertex 44 38.35 70
    endloop
  endfacet
  facet normal -0.052335956242933517 -0.9986295347545744 0
    outer loop
      vertex 44.19337765704516 38.33986550643131 72.5
      vertex 44 38.35 70
      vertex 44.19337765704516 38.33986550643131 70
    endloop
  endfacet
  facet normal -0.1564344650402512 -0.9876883405951344 0
    outer loop
      vertex 44.384636628012856 38.30957306135754 72.5
      vertex 44.19337765704516 38.33986550643131 70
      vertex 44.384636628012856 38.30957306135754 70
    endloop
  endfacet
  facet normal -0.25881904510251097 -0.9659258262890709 0
    outer loop
      vertex 44.571681439593654 38.259454555146036 72.5
      vertex 44.384636628012856 38.30957306135754 70
      vertex 44.571681439593654 38.259454555146036 70
    endloop
  endfacet
  facet normal -0.453990499739541 -0.8910065241883708 0
    outer loop
      vertex 44.925 38.10214699700121 72.5
      vertex 44.75246278969023 38.19005909663881 70
      vertex 44.925 38.10214699700121 70
    endloop
  endfacet
  facet normal -0.35836794954531154 -0.9335804264971974 0
    outer loop
      vertex 44.75246278969023 38.19005909663881 72.5
      vertex 44.571681439593654 38.259454555146036 70
      vertex 44.75246278969023 38.19005909663881 70
    endloop
  endfacet
  facet normal -0.5446390350150357 -0.8386705679454183 0
    outer loop
      vertex 45.087402716741074 37.99668143959365 72.5
      vertex 44.925 38.10214699700121 70
      vertex 45.087402716741074 37.99668143959365 70
    endloop
  endfacet
  facet normal -0.6293203910498343 -0.7771459614569735 0
    outer loop
      vertex 45.237891621763886 37.87481792713318 72.5
      vertex 45.087402716741074 37.99668143959365 70
      vertex 45.237891621763886 37.87481792713318 70
    endloop
  endfacet
  facet normal -0.8910065241883708 -0.453990499739541 0
    outer loop
      vertex 45.69005909663881 37.25246278969023 72.5
      vertex 45.60214699700121 37.425 70
      vertex 45.69005909663881 37.25246278969023 70
    endloop
  endfacet
  facet normal -0.8386705679454183 -0.5446390350150357 0
    outer loop
      vertex 45.60214699700121 37.425 72.5
      vertex 45.49668143959365 37.587402716741074 70
      vertex 45.60214699700121 37.425 70
    endloop
  endfacet
  facet normal -0.7771459614569735 -0.6293203910498343 0
    outer loop
      vertex 45.49668143959365 37.587402716741074 72.5
      vertex 45.37481792713318 37.737891621763886 70
      vertex 45.49668143959365 37.587402716741074 70
    endloop
  endfacet
  facet normal -0.7071067811865476 -0.7071067811865476 0
    outer loop
      vertex 45.37481792713318 37.737891621763886 72.5
      vertex 45.237891621763886 37.87481792713318 70
      vertex 45.37481792713318 37.737891621763886 70
    endloop
  endfacet
  facet normal -0.026177017730521536 -0.9996573231576589 0
    outer loop
      vertex 35.059663876891136 40.70000000298023 73.1
      vertex 35.059663876891136 40.70000000298023 70
      vertex 35.17480307072401 40.696984969079494 73.1
    endloop
  endfacet
  facet normal -0.05233599657071969 -0.9986295326410839 0
    outer loop
      vertex 35.17480307072401 40.696984969079494 73.1
      vertex 35.17480307072401 40.696984969079494 70
      vertex 35.48838846385479 40.68055064231157 73.1
    endloop
  endfacet
  facet normal -0.10452847945961533 -0.9945218936664294 0
    outer loop
      vertex 35.48838846385479 40.68055064231157 73.1
      vertex 35.48838846385479 40.68055064231157 70
      vertex 35.717405155301094 40.65648001432419 73.1
    endloop
  endfacet
  facet normal -0.1564344939199683 -0.9876883360210363 0
    outer loop
      vertex 35.717405155301094 40.65648001432419 73.1
      vertex 35.717405155301094 40.65648001432419 70
      vertex 36.02755483239889 40.60735712200403 73.1
    endloop
  endfacet
  facet normal -0.30901705379430644 -0.9510564969886316 0
    outer loop
      vertex 36.556116834282875 40.47820631414652 73.1
      vertex 36.556116834282875 40.47820631414652 70
      vertex 36.775124438107014 40.40704641491175 73.1
    endloop
  endfacet
  facet normal -0.2079117214338601 -0.9781475942261519 0
    outer loop
      vertex 36.02755483239889 40.60735712200403 73.1
      vertex 36.02755483239889 40.60735712200403 70
      vertex 36.252800926566124 40.55947957932949 73.1
    endloop
  endfacet
  facet normal -0.25881908271458365 -0.9659258162109456 0
    outer loop
      vertex 36.252800926566124 40.55947957932949 73.1
      vertex 36.252800926566124 40.55947957932949 70
      vertex 36.556116834282875 40.47820631414652 73.1
    endloop
  endfacet
  facet normal -0.35836799220171583 -0.9335804101229368 0
    outer loop
      vertex 36.775124438107014 40.40704641491175 73.1
      vertex 36.775124438107014 40.40704641491175 70
      vertex 37.06828337907791 40.29451322555542 73.1
    endloop
  endfacet
  facet normal -0.4539905246801511 -0.8910065114804947 0
    outer loop
      vertex 37.558443017303944 40.05829048156738 73.1
      vertex 37.27865295112133 40.200850650668144 73.1
      vertex 37.27865295112133 40.200850650668144 70
    endloop
  endfacet
  facet normal -0.4067366680733278 -0.9135454465129842 0
    outer loop
      vertex 37.06828337907791 40.29451322555542 73.1
      vertex 37.06828337907791 40.29451322555542 70
      vertex 37.27865295112133 40.200850650668144 73.1
    endloop
  endfacet
  facet normal -0.5877852483564419 -0.8090169972346416 0
    outer loop
      vertex 46.14786062389612 31.69643585383892 73.1
      vertex 45.961561642587185 31.83178998529911 73.1
      vertex 45.961561642587185 31.83178998529911 70
    endloop
  endfacet
  facet normal -0.7431448056336751 -0.6691306283975405 0
    outer loop
      vertex 46.7850693911314 31.122690491378307 73.1
      vertex 46.7850693911314 31.122690491378307 70
      vertex 46.93915558606386 30.95156044512987 73.1
    endloop
  endfacet
  facet normal -0.6691306283975405 -0.7431448056336751 0
    outer loop
      vertex 46.56302673369646 31.344733148813248 73.1
      vertex 46.391896687448025 31.49881934374571 73.1
      vertex 46.391896687448025 31.49881934374571 70
    endloop
  endfacet
  facet normal -0.629320395483342 -0.7771459578667896 0
    outer loop
      vertex 46.14786062389612 31.69643585383892 73.1
      vertex 46.14786062389612 31.69643585383892 70
      vertex 46.391896687448025 31.49881934374571 73.1
    endloop
  endfacet
  facet normal -0.7071067811865476 -0.7071067811865476 0
    outer loop
      vertex 46.56302673369646 31.344733148813248 73.1
      vertex 46.56302673369646 31.344733148813248 70
      vertex 46.7850693911314 31.122690491378307 73.1
    endloop
  endfacet
  facet normal -0.9996573242298319 -0.026176976785963785 0
    outer loop
      vertex 48.20000000298023 27.559663757681847 73.1
      vertex 48.196984976530075 27.674802847206593 73.1
      vertex 48.196984976530075 27.674802847206593 70
    endloop
  endfacet
  facet normal -0.9986295351212079 -0.05233594924714904 0
    outer loop
      vertex 48.196984976530075 27.674802847206593 73.1
      vertex 48.180550664663315 27.988388240337372 73.1
      vertex 48.180550664663315 27.988388240337372 70
    endloop
  endfacet
  facet normal -0.9945218961410265 -0.10452845591539826 0
    outer loop
      vertex 48.180550664663315 27.988388240337372 73.1
      vertex 48.15648003667593 28.21740498393774 73.1
      vertex 48.15648003667593 28.21740498393774 70
    endloop
  endfacet
  facet normal -0.9876883396870251 -0.15643447077382908 0
    outer loop
      vertex 48.15648003667593 28.21740498393774 73.1
      vertex 48.107357151806355 28.527554661035538 73.1
      vertex 48.107357151806355 28.527554661035538 70
    endloop
  endfacet
  facet normal -0.9659258237320325 -0.25881905464550803 0
    outer loop
      vertex 48.059479616582394 28.75280074775219 73.1
      vertex 47.97820635885 29.05611666291952 73.1
      vertex 47.97820635885 29.05611666291952 70
    endloop
  endfacet
  facet normal -0.9510565131566553 -0.30901700403425203 0
    outer loop
      vertex 47.97820635885 29.05611666291952 73.1
      vertex 47.90704648196697 29.275124236941338 73.1
      vertex 47.90704648196697 29.275124236941338 70
    endloop
  endfacet
  facet normal -0.9781475994074664 -0.20791169705769463 0
    outer loop
      vertex 48.107357151806355 28.527554661035538 73.1
      vertex 48.059479616582394 28.75280074775219 73.1
      vertex 48.059479616582394 28.75280074775219 70
    endloop
  endfacet
  facet normal -0.8910065259684403 -0.45399049624595805 0
    outer loop
      vertex 47.70085072517395 29.778652772307396 73.1
      vertex 47.55829056352377 30.05844284594059 73.1
      vertex 47.55829056352377 30.05844284594059 70
    endloop
  endfacet
  facet normal -0.8660254165537549 -0.4999999778828949 0
    outer loop
      vertex 47.44315146654844 30.257869623601437 73.1
      vertex 47.44315146654844 30.257869623601437 70
      vertex 47.55829056352377 30.05844284594059 73.1
    endloop
  endfacet
  facet normal -0.8386705716328138 -0.5446390293369446 0
    outer loop
      vertex 47.44315146654844 30.257869623601437 73.1
      vertex 47.272126242518425 30.52122537791729 73.1
      vertex 47.272126242518425 30.52122537791729 70
    endloop
  endfacet
  facet normal -0.9335804259992488 -0.358367950842512 0
    outer loop
      vertex 47.79451330751181 29.568283177912235 73.1
      vertex 47.79451330751181 29.568283177912235 70
      vertex 47.90704648196697 29.275124236941338 73.1
    endloop
  endfacet
  facet normal -0.9135454505486409 -0.40673665900909506 0
    outer loop
      vertex 47.79451330751181 29.568283177912235 73.1
      vertex 47.70085072517395 29.778652772307396 73.1
      vertex 47.70085072517395 29.778652772307396 70
    endloop
  endfacet
  facet normal -0.7771459578667896 -0.629320395483342 0
    outer loop
      vertex 46.93915558606386 30.95156044512987 73.1
      vertex 46.93915558606386 30.95156044512987 70
      vertex 47.136772096157074 30.70752438157797 73.1
    endloop
  endfacet
  facet normal -0.8090169999983138 -0.5877852445525733 0
    outer loop
      vertex 47.272126242518425 30.52122537791729 73.1
      vertex 47.136772096157074 30.70752438157797 73.1
      vertex 47.136772096157074 30.70752438157797 70
    endloop
  endfacet
  facet normal 0.9876883405951344 0.1564344650402512 0
    outer loop
      vertex 42.16013449356869 36.30662234295484 72.5
      vertex 42.19042693864246 36.115363371987144 72.5
      vertex 42.19042693864246 36.115363371987144 70
    endloop
  endfacet
  facet normal 0.9986295347545744 0.052335956242933517 0
    outer loop
      vertex 42.16013449356869 36.30662234295484 72.5
      vertex 42.16013449356869 36.30662234295484 70
      vertex 42.15 36.5 72.5
    endloop
  endfacet
  facet normal 0.9986295347545744 -0.052335956242933517 0
    outer loop
      vertex 42.15 36.5 72.5
      vertex 42.15 36.5 70
      vertex 42.16013449356869 36.69337765704516 72.5
    endloop
  endfacet
  facet normal 0.9876883405951344 -0.1564344650402512 0
    outer loop
      vertex 42.16013449356869 36.69337765704516 72.5
      vertex 42.16013449356869 36.69337765704516 70
      vertex 42.19042693864246 36.884636628012856 72.5
    endloop
  endfacet
  facet normal 0.7071067811865476 0.7071067811865476 0
    outer loop
      vertex 42.62518207286682 35.262108378236114 72.5
      vertex 42.762108378236114 35.12518207286682 72.5
      vertex 42.762108378236114 35.12518207286682 70
    endloop
  endfacet
  facet normal 0.6293203910498343 0.7771459614569735 0
    outer loop
      vertex 42.762108378236114 35.12518207286682 72.5
      vertex 42.912597283258926 35.00331856040635 72.5
      vertex 42.912597283258926 35.00331856040635 70
    endloop
  endfacet
  facet normal 0.8386705679454183 0.5446390350150357 0
    outer loop
      vertex 42.50331856040635 35.412597283258926 72.5
      vertex 42.50331856040635 35.412597283258926 70
      vertex 42.39785300299879 35.575 72.5
    endloop
  endfacet
  facet normal 0.8910065241883708 0.453990499739541 0
    outer loop
      vertex 42.39785300299879 35.575 72.5
      vertex 42.39785300299879 35.575 70
      vertex 42.30994090336119 35.74753721030977 72.5
    endloop
  endfacet
  facet normal 0.9335804264971974 0.35836794954531154 0
    outer loop
      vertex 42.30994090336119 35.74753721030977 72.5
      vertex 42.30994090336119 35.74753721030977 70
      vertex 42.240545444853964 35.928318560406346 72.5
    endloop
  endfacet
  facet normal 0.7771459614569735 0.6293203910498343 0
    outer loop
      vertex 42.50331856040635 35.412597283258926 72.5
      vertex 42.62518207286682 35.262108378236114 72.5
      vertex 42.62518207286682 35.262108378236114 70
    endloop
  endfacet
  facet normal 0.453990499739541 0.8910065241883708 0
    outer loop
      vertex 43.075 34.89785300299879 72.5
      vertex 43.24753721030977 34.80994090336119 72.5
      vertex 43.24753721030977 34.80994090336119 70
    endloop
  endfacet
  facet normal 0.5446390350150357 0.8386705679454183 0
    outer loop
      vertex 42.912597283258926 35.00331856040635 72.5
      vertex 43.075 34.89785300299879 72.5
      vertex 43.075 34.89785300299879 70
    endloop
  endfacet
  facet normal 0.35836794954531154 0.9335804264971974 0
    outer loop
      vertex 43.24753721030977 34.80994090336119 72.5
      vertex 43.428318560406346 34.740545444853964 72.5
      vertex 43.428318560406346 34.740545444853964 70
    endloop
  endfacet
  facet normal 0.25881904510251097 0.9659258262890709 0
    outer loop
      vertex 43.428318560406346 34.740545444853964 72.5
      vertex 43.615363371987144 34.69042693864246 72.5
      vertex 43.615363371987144 34.69042693864246 70
    endloop
  endfacet
  facet normal 0.1564344650402512 0.9876883405951344 0
    outer loop
      vertex 43.615363371987144 34.69042693864246 72.5
      vertex 43.80662234295484 34.66013449356869 72.5
      vertex 43.80662234295484 34.66013449356869 70
    endloop
  endfacet
  facet normal 0.9659258262890709 0.25881904510251097 0
    outer loop
      vertex 42.240545444853964 35.928318560406346 72.5
      vertex 42.240545444853964 35.928318560406346 70
      vertex 42.19042693864246 36.115363371987144 72.5
    endloop
  endfacet
  facet normal 0.9659258262890709 -0.25881904510251097 0
    outer loop
      vertex 42.19042693864246 36.884636628012856 72.5
      vertex 42.19042693864246 36.884636628012856 70
      vertex 42.240545444853964 37.071681439593654 72.5
    endloop
  endfacet
  facet normal 0.9335804264971974 -0.35836794954531154 0
    outer loop
      vertex 42.240545444853964 37.071681439593654 72.5
      vertex 42.240545444853964 37.071681439593654 70
      vertex 42.30994090336119 37.25246278969023 72.5
    endloop
  endfacet
  facet normal 0.8910065241883708 -0.453990499739541 0
    outer loop
      vertex 42.30994090336119 37.25246278969023 72.5
      vertex 42.30994090336119 37.25246278969023 70
      vertex 42.39785300299879 37.425 72.5
    endloop
  endfacet
  facet normal 0.8386705679454183 -0.5446390350150357 0
    outer loop
      vertex 42.39785300299879 37.425 72.5
      vertex 42.39785300299879 37.425 70
      vertex 42.50331856040635 37.587402716741074 72.5
    endloop
  endfacet
  facet normal 0.7771459614569735 -0.6293203910498343 0
    outer loop
      vertex 42.50331856040635 37.587402716741074 72.5
      vertex 42.50331856040635 37.587402716741074 70
      vertex 42.62518207286682 37.737891621763886 72.5
    endloop
  endfacet
  facet normal 0.7071067811865476 -0.7071067811865476 0
    outer loop
      vertex 42.62518207286682 37.737891621763886 72.5
      vertex 42.62518207286682 37.737891621763886 70
      vertex 42.762108378236114 37.87481792713318 72.5
    endloop
  endfacet
  facet normal 0.6293203910498343 -0.7771459614569735 0
    outer loop
      vertex 42.762108378236114 37.87481792713318 72.5
      vertex 42.762108378236114 37.87481792713318 70
      vertex 42.912597283258926 37.99668143959365 72.5
    endloop
  endfacet
  facet normal 0.5446390350150357 -0.8386705679454183 0
    outer loop
      vertex 42.912597283258926 37.99668143959365 72.5
      vertex 42.912597283258926 37.99668143959365 70
      vertex 43.075 38.10214699700121 72.5
    endloop
  endfacet
  facet normal 0.453990499739541 -0.8910065241883708 0
    outer loop
      vertex 43.075 38.10214699700121 72.5
      vertex 43.075 38.10214699700121 70
      vertex 43.24753721030977 38.19005909663881 72.5
    endloop
  endfacet
  facet normal 0.35836794954531154 -0.9335804264971974 0
    outer loop
      vertex 43.24753721030977 38.19005909663881 72.5
      vertex 43.24753721030977 38.19005909663881 70
      vertex 43.428318560406346 38.259454555146036 72.5
    endloop
  endfacet
  facet normal 0.25881904510251097 -0.9659258262890709 0
    outer loop
      vertex 43.428318560406346 38.259454555146036 72.5
      vertex 43.428318560406346 38.259454555146036 70
      vertex 43.615363371987144 38.30957306135754 72.5
    endloop
  endfacet
  facet normal 0.1564344650402512 -0.9876883405951344 0
    outer loop
      vertex 43.615363371987144 38.30957306135754 72.5
      vertex 43.615363371987144 38.30957306135754 70
      vertex 43.80662234295484 38.33986550643131 72.5
    endloop
  endfacet
  facet normal 0.052335956242933517 0.9986295347545744 0
    outer loop
      vertex 44 34.65 72.5
      vertex 44 34.65 70
      vertex 43.80662234295484 34.66013449356869 72.5
    endloop
  endfacet
  facet normal -0.052335956242933517 0.9986295347545744 0
    outer loop
      vertex 44 34.65 72.5
      vertex 44.19337765704516 34.66013449356869 72.5
      vertex 44.19337765704516 34.66013449356869 70
    endloop
  endfacet
  facet normal -0.1564344650402512 0.9876883405951344 0
    outer loop
      vertex 44.19337765704516 34.66013449356869 72.5
      vertex 44.384636628012856 34.69042693864246 72.5
      vertex 44.384636628012856 34.69042693864246 70
    endloop
  endfacet
  facet normal -0.25881904510251097 0.9659258262890709 0
    outer loop
      vertex 44.384636628012856 34.69042693864246 72.5
      vertex 44.571681439593654 34.740545444853964 72.5
      vertex 44.571681439593654 34.740545444853964 70
    endloop
  endfacet
  facet normal -0.35836794954531154 0.9335804264971974 0
    outer loop
      vertex 44.571681439593654 34.740545444853964 72.5
      vertex 44.75246278969023 34.80994090336119 72.5
      vertex 44.75246278969023 34.80994090336119 70
    endloop
  endfacet
  facet normal -0.453990499739541 0.8910065241883708 0
    outer loop
      vertex 44.75246278969023 34.80994090336119 72.5
      vertex 44.925 34.89785300299879 72.5
      vertex 44.925 34.89785300299879 70
    endloop
  endfacet
  facet normal -0.5446390350150357 0.8386705679454183 0
    outer loop
      vertex 44.925 34.89785300299879 72.5
      vertex 45.087402716741074 35.00331856040635 72.5
      vertex 45.087402716741074 35.00331856040635 70
    endloop
  endfacet
  facet normal -0.6293203910498343 0.7771459614569735 0
    outer loop
      vertex 45.087402716741074 35.00331856040635 72.5
      vertex 45.237891621763886 35.12518207286682 72.5
      vertex 45.237891621763886 35.12518207286682 70
    endloop
  endfacet
  facet normal -0.7071067811865476 0.7071067811865476 0
    outer loop
      vertex 45.237891621763886 35.12518207286682 72.5
      vertex 45.37481792713318 35.262108378236114 72.5
      vertex 45.37481792713318 35.262108378236114 70
    endloop
  endfacet
  facet normal -0.7771459614569735 0.6293203910498343 0
    outer loop
      vertex 45.37481792713318 35.262108378236114 72.5
      vertex 45.49668143959365 35.412597283258926 72.5
      vertex 45.49668143959365 35.412597283258926 70
    endloop
  endfacet
  facet normal -0.8386705679454183 0.5446390350150357 0
    outer loop
      vertex 45.49668143959365 35.412597283258926 72.5
      vertex 45.60214699700121 35.575 72.5
      vertex 45.60214699700121 35.575 70
    endloop
  endfacet
  facet normal -0.8910065241883708 0.453990499739541 0
    outer loop
      vertex 45.60214699700121 35.575 72.5
      vertex 45.69005909663881 35.74753721030977 72.5
      vertex 45.69005909663881 35.74753721030977 70
    endloop
  endfacet
  facet normal -0.9335804264971974 0.35836794954531154 0
    outer loop
      vertex 45.69005909663881 35.74753721030977 72.5
      vertex 45.759454555146036 35.928318560406346 72.5
      vertex 45.759454555146036 35.928318560406346 70
    endloop
  endfacet
  facet normal -0.9659258262890709 0.25881904510251097 0
    outer loop
      vertex 45.759454555146036 35.928318560406346 72.5
      vertex 45.80957306135754 36.115363371987144 72.5
      vertex 45.80957306135754 36.115363371987144 70
    endloop
  endfacet
  facet normal -0.9876883405951344 0.1564344650402512 0
    outer loop
      vertex 45.80957306135754 36.115363371987144 72.5
      vertex 45.83986550643131 36.30662234295484 72.5
      vertex 45.83986550643131 36.30662234295484 70
    endloop
  endfacet
  facet normal -0.9986295347545744 0.052335956242933517 0
    outer loop
      vertex 45.83986550643131 36.30662234295484 72.5
      vertex 45.85 36.5 72.5
      vertex 45.85 36.5 70
    endloop
  endfacet
  facet normal -0.9986295347545744 -0.052335956242933517 0
    outer loop
      vertex 45.85 36.5 72.5
      vertex 45.83986550643131 36.69337765704516 72.5
      vertex 45.83986550643131 36.69337765704516 70
    endloop
  endfacet
  facet normal -0.9876883405951344 -0.1564344650402512 0
    outer loop
      vertex 45.83986550643131 36.69337765704516 72.5
      vertex 45.80957306135754 36.884636628012856 72.5
      vertex 45.80957306135754 36.884636628012856 70
    endloop
  endfacet
  facet normal -0.9659258262890709 -0.25881904510251097 0
    outer loop
      vertex 45.80957306135754 36.884636628012856 72.5
      vertex 45.759454555146036 37.071681439593654 72.5
      vertex 45.759454555146036 37.071681439593654 70
    endloop
  endfacet
  facet normal 0.9986295344686827 0.052335961698072614 0
    outer loop
      vertex 50 36.5 70
      vertex 49.9671313688159 37.12717077881098 70
      vertex 50 36.5 75
    endloop
  endfacet
  facet normal 0.052335956242933517 -0.9986295347545744 0
    outer loop
      vertex 43.80662234295484 38.33986550643131 72.5
      vertex 43.80662234295484 38.33986550643131 70
      vertex 44 38.35 72.5
    endloop
  endfacet
  facet normal -0.052335956242933517 -0.9986295347545744 0
    outer loop
      vertex 44 38.35 72.5
      vertex 44 38.35 70
      vertex 44.19337765704516 38.33986550643131 72.5
    endloop
  endfacet
  facet normal -0.1564344650402512 -0.9876883405951344 0
    outer loop
      vertex 44.19337765704516 38.33986550643131 72.5
      vertex 44.19337765704516 38.33986550643131 70
      vertex 44.384636628012856 38.30957306135754 72.5
    endloop
  endfacet
  facet normal -0.25881904510251097 -0.9659258262890709 0
    outer loop
      vertex 44.384636628012856 38.30957306135754 72.5
      vertex 44.384636628012856 38.30957306135754 70
      vertex 44.571681439593654 38.259454555146036 72.5
    endloop
  endfacet
  facet normal -0.7071067811865476 -0.7071067811865476 0
    outer loop
      vertex 45.37481792713318 37.737891621763886 72.5
      vertex 45.237891621763886 37.87481792713318 72.5
      vertex 45.237891621763886 37.87481792713318 70
    endloop
  endfacet
  facet normal -0.453990499739541 -0.8910065241883708 0
    outer loop
      vertex 44.925 38.10214699700121 72.5
      vertex 44.75246278969023 38.19005909663881 72.5
      vertex 44.75246278969023 38.19005909663881 70
    endloop
  endfacet
  facet normal -0.35836794954531154 -0.9335804264971974 0
    outer loop
      vertex 44.571681439593654 38.259454555146036 72.5
      vertex 44.571681439593654 38.259454555146036 70
      vertex 44.75246278969023 38.19005909663881 72.5
    endloop
  endfacet
  facet normal -0.5446390350150357 -0.8386705679454183 0
    outer loop
      vertex 44.925 38.10214699700121 72.5
      vertex 44.925 38.10214699700121 70
      vertex 45.087402716741074 37.99668143959365 72.5
    endloop
  endfacet
  facet normal -0.6293203910498343 -0.7771459614569735 0
    outer loop
      vertex 45.087402716741074 37.99668143959365 72.5
      vertex 45.087402716741074 37.99668143959365 70
      vertex 45.237891621763886 37.87481792713318 72.5
    endloop
  endfacet
  facet normal -0.8910065241883708 -0.453990499739541 0
    outer loop
      vertex 45.69005909663881 37.25246278969023 72.5
      vertex 45.60214699700121 37.425 72.5
      vertex 45.60214699700121 37.425 70
    endloop
  endfacet
  facet normal -0.7771459614569735 -0.6293203910498343 0
    outer loop
      vertex 45.37481792713318 37.737891621763886 72.5
      vertex 45.37481792713318 37.737891621763886 70
      vertex 45.49668143959365 37.587402716741074 72.5
    endloop
  endfacet
  facet normal -0.8386705679454183 -0.5446390350150357 0
    outer loop
      vertex 45.60214699700121 37.425 72.5
      vertex 45.49668143959365 37.587402716741074 72.5
      vertex 45.49668143959365 37.587402716741074 70
    endloop
  endfacet
  facet normal -0.9335804264971974 -0.35836794954531154 0
    outer loop
      vertex 45.759454555146036 37.071681439593654 72.5
      vertex 45.69005909663881 37.25246278969023 72.5
      vertex 45.69005909663881 37.25246278969023 70
    endloop
  endfacet
  facet normal 0.052335961698072614 0.9986295344686827 0
    outer loop
      vertex 44 42.5 70
      vertex 44.62717077881098 42.4671313688159 75
      vertex 44.62717077881098 42.4671313688159 70
    endloop
  endfacet
  facet normal 0.15643445553477123 0.9876883421006546 0
    outer loop
      vertex 44.62717077881098 42.4671313688159 70
      vertex 45.247470147907734 42.36888560652733 75
      vertex 45.247470147907734 42.36888560652733 70
    endloop
  endfacet
  facet normal 0.25881904950851087 0.9659258251084867 0
    outer loop
      vertex 45.247470147907734 42.36888560652733 70
      vertex 45.854101963341236 42.206339098513126 75
      vertex 45.854101963341236 42.206339098513126 70
    endloop
  endfacet
  facet normal 0.4539904916265432 0.8910065283221495 0
    outer loop
      vertex 46.44041986018419 41.981272742152214 70
      vertex 47 41.69615242630243 75
      vertex 47 41.69615242630243 70
    endloop
  endfacet
  facet normal 0.3583679532441575 0.9335804250773435 0
    outer loop
      vertex 45.854101963341236 42.206339098513126 70
      vertex 46.44041986018419 41.981272742152214 75
      vertex 46.44041986018419 41.981272742152214 70
    endloop
  endfacet
  facet normal 0.9876883421006546 0.15643445553477123 0
    outer loop
      vertex 49.9671313688159 37.12717077881098 70
      vertex 49.86888560652733 37.747470147907734 70
      vertex 49.9671313688159 37.12717077881098 75
    endloop
  endfacet
  facet normal 0.9659258251084867 0.25881904950851087 0
    outer loop
      vertex 49.86888560652733 37.747470147907734 70
      vertex 49.706339098513126 38.354101963341236 70
      vertex 49.86888560652733 37.747470147907734 75
    endloop
  endfacet
  facet normal 0.8386705643141267 0.5446390406067345 0
    outer loop
      vertex 49.19615242630243 39.5 70
      vertex 48.854101963341236 40.02671151608229 70
      vertex 49.19615242630243 39.5 75
    endloop
  endfacet
  facet normal 0.8910065283221495 0.4539904916265432 0
    outer loop
      vertex 49.19615242630243 39.5 70
      vertex 49.481272742152214 38.94041986018419 75
      vertex 49.481272742152214 38.94041986018419 70
    endloop
  endfacet
  facet normal 0.9335804250773435 0.3583679532441575 0
    outer loop
      vertex 49.706339098513126 38.354101963341236 70
      vertex 49.481272742152214 38.94041986018419 70
      vertex 49.706339098513126 38.354101963341236 75
    endloop
  endfacet
  facet normal 0.6293203941204519 0.7771459589704363 0
    outer loop
      vertex 48.01478363573551 40.95886895060539 70
      vertex 47.52671151608229 41.354101963341236 70
      vertex 48.01478363573551 40.95886895060539 75
    endloop
  endfacet
  facet normal 0.7071067811865476 0.7071067811865476 0
    outer loop
      vertex 48.01478363573551 40.95886895060539 70
      vertex 48.45886895060539 40.51478363573551 75
      vertex 48.45886895060539 40.51478363573551 70
    endloop
  endfacet
  facet normal 0.5446390406067345 0.8386705643141267 0
    outer loop
      vertex 47 41.69615242630243 70
      vertex 47.52671151608229 41.354101963341236 75
      vertex 47.52671151608229 41.354101963341236 70
    endloop
  endfacet
  facet normal 0.7771459589704363 0.6293203941204519 0
    outer loop
      vertex 48.854101963341236 40.02671151608229 70
      vertex 48.45886895060539 40.51478363573551 70
      vertex 48.854101963341236 40.02671151608229 75
    endloop
  endfacet
  facet normal -0.8910065270390671 -0.45399049414473436 0
    outer loop
      vertex 40.540760070085526 34.93703365325928 73.1
      vertex 40.540760070085526 34.93703365325928 70
      vertex 40.70224350690842 34.62010455876589 73.1
    endloop
  endfacet
  facet normal -0.9135454366258215 -0.40673669028025616 0
    outer loop
      vertex 40.540760070085526 34.93703365325928 73.1
      vertex 40.52380633354187 34.9751123636961 73.1
      vertex 40.52380633354187 34.9751123636961 70
    endloop
  endfacet
  facet normal -0.9510565348890563 -0.309016937148793 0
    outer loop
      vertex 40.38345514982939 35.34682697057724 73.1
      vertex 40.38345514982939 35.34682697057724 70
      vertex 40.39633567631245 35.307184778153896 73.1
    endloop
  endfacet
  facet normal -0.9335804262228318 -0.35836795026005863 0
    outer loop
      vertex 40.52380633354187 34.9751123636961 73.1
      vertex 40.39633567631245 35.307184778153896 73.1
      vertex 40.39633567631245 35.307184778153896 70
    endloop
  endfacet
  facet normal -0.965925821849404 -0.25881906167157254 0
    outer loop
      vertex 40.38345514982939 35.34682697057724 73.1
      vertex 40.291393756866455 35.69040474295616 73.1
      vertex 40.291393756866455 35.69040474295616 70
    endloop
  endfacet
  facet normal -0.9781476104724821 -0.20791164500088272 0
    outer loop
      vertex 40.291393756866455 35.69040474295616 73.1
      vertex 40.28272756934166 35.73117595911026 73.1
      vertex 40.28272756934166 35.73117595911026 70
    endloop
  endfacet
  facet normal -0.9914448897538057 -0.13052597665240342 0
    outer loop
      vertex 40.22095795720816 36.12117397040129 73.1
      vertex 40.2161438241601 36.157741002738476 73.1
      vertex 40.2161438241601 36.157741002738476 70
    endloop
  endfacet
  facet normal -0.9876883475996361 -0.15643442081556247 0
    outer loop
      vertex 40.2161438241601 36.157741002738476 73.1
      vertex 40.167020954191685 36.467890687286854 73.1
      vertex 40.167020954191685 36.467890687286854 70
    endloop
  endfacet
  facet normal -0.9876883424000126 -0.1564344536446997 0
    outer loop
      vertex 40.28272756934166 35.73117595911026 73.1
      vertex 40.22095795720816 36.12117397040129 73.1
      vertex 40.22095795720816 36.12117397040129 70
    endloop
  endfacet
  facet normal -0.9781476097700946 -0.20791164830535763 0
    outer loop
      vertex 40.167020954191685 36.467890687286854 73.1
      vertex 40.119143433868885 36.693136759102345 73.1
      vertex 40.119143433868885 36.693136759102345 70
    endloop
  endfacet
  facet normal -0.951056528844657 -0.309016955751545 0
    outer loop
      vertex 40.037870183587074 36.99645269662142 73.1
      vertex 39.966710314154625 37.215460285544395 73.1
      vertex 39.966710314154625 37.215460285544395 70
    endloop
  endfacet
  facet normal -0.9659258344319026 -0.2588190147130476 0
    outer loop
      vertex 40.119143433868885 36.693136759102345 73.1
      vertex 40.037870183587074 36.99645269662142 73.1
      vertex 40.037870183587074 36.99645269662142 70
    endloop
  endfacet
  facet normal -0.7071067811865476 -0.7071067811865476 0
    outer loop
      vertex 41.19305045157671 33.944566778838634 73.1
      vertex 41.19305045157671 33.944566778838634 70
      vertex 41.444566778838634 33.69305045157671 73.1
    endloop
  endfacet
  facet normal -0.838670556988845 -0.5446390518866788 0
    outer loop
      vertex 40.91681157797575 34.28569335490465 73.1
      vertex 40.72308457642794 34.584006763994694 73.1
      vertex 40.72308457642794 34.584006763994694 70
    endloop
  endfacet
  facet normal -0.8090170353239369 -0.5877851959310201 0
    outer loop
      vertex 40.94131155312061 34.251972027122974 73.1
      vertex 40.91681157797575 34.28569335490465 73.1
      vertex 40.91681157797575 34.28569335490465 70
    endloop
  endfacet
  facet normal -0.7431448181715272 -0.6691306144728455 0
    outer loop
      vertex 41.19305045157671 33.944566778838634 73.1
      vertex 41.16515966504812 33.97554263472557 73.1
      vertex 41.16515966504812 33.97554263472557 70
    endloop
  endfacet
  facet normal -0.777145956426931 -0.6293203972614194 0
    outer loop
      vertex 40.94131155312061 34.251972027122974 73.1
      vertex 40.94131155312061 34.251972027122974 70
      vertex 41.16515966504812 33.97554263472557 73.1
    endloop
  endfacet
  facet normal -0.5877851237884874 -0.8090170877385424 0
    outer loop
      vertex 41.7856934890151 33.41681148856878 73.1
      vertex 41.75197196006775 33.44131160527468 73.1
      vertex 41.75197196006775 33.44131160527468 70
    endloop
  endfacet
  facet normal -0.6691306144728455 -0.7431448181715272 0
    outer loop
      vertex 41.47554263472557 33.66515966504812 73.1
      vertex 41.444566778838634 33.69305045157671 73.1
      vertex 41.444566778838634 33.69305045157671 70
    endloop
  endfacet
  facet normal -0.6293204009055282 -0.7771459534759897 0
    outer loop
      vertex 41.47554263472557 33.66515966504812 73.1
      vertex 41.47554263472557 33.66515966504812 70
      vertex 41.75197196006775 33.44131160527468 73.1
    endloop
  endfacet
  facet normal -0.5446390545889127 -0.8386705552339938 0
    outer loop
      vertex 41.7856934890151 33.41681148856878 73.1
      vertex 41.7856934890151 33.41681148856878 70
      vertex 42.08400668948889 33.22308462113142 73.1
    endloop
  endfacet
  facet normal -0.5000000301411045 -0.8660253863824631 0
    outer loop
      vertex 42.12010458111763 33.202243492007256 73.1
      vertex 42.08400668948889 33.22308462113142 73.1
      vertex 42.08400668948889 33.22308462113142 70
    endloop
  endfacet
  facet normal -0.4539904947783353 -0.8910065267162314 0
    outer loop
      vertex 42.12010458111763 33.202243492007256 73.1
      vertex 42.12010458111763 33.202243492007256 70
      vertex 42.4370336458087 33.040760070085526 73.1
    endloop
  endfacet
  facet normal -0.40673662386291654 -0.9135454661967277 0
    outer loop
      vertex 42.4370336458087 33.040760070085526 73.1
      vertex 42.4370336458087 33.040760070085526 70
      vertex 42.4751123636961 33.02380633354187 73.1
    endloop
  endfacet
  facet normal -0.25881906167157254 -0.965925821849404 0
    outer loop
      vertex 42.84682697057724 32.88345514982939 73.1
      vertex 42.84682697057724 32.88345514982939 70
      vertex 43.19040474295616 32.791393756866455 73.1
    endloop
  endfacet
  facet normal -0.35836795026005863 -0.9335804262228318 0
    outer loop
      vertex 42.4751123636961 33.02380633354187 73.1
      vertex 42.4751123636961 33.02380633354187 70
      vertex 42.807184778153896 32.89633567631245 73.1
    endloop
  endfacet
  facet normal -0.309016937148793 -0.9510565348890563 0
    outer loop
      vertex 42.807184778153896 32.89633567631245 73.1
      vertex 42.807184778153896 32.89633567631245 70
      vertex 42.84682697057724 32.88345514982939 73.1
    endloop
  endfacet
  facet normal -0.20791164914109106 -0.9781476095924541 0
    outer loop
      vertex 43.19040474295616 32.791393756866455 73.1
      vertex 43.19040474295616 32.791393756866455 70
      vertex 43.23117606341839 32.78272754698992 73.1
    endloop
  endfacet
  facet normal -0.1564344713084453 -0.98768833960235 0
    outer loop
      vertex 43.23117606341839 32.78272754698992 73.1
      vertex 43.23117606341839 32.78272754698992 70
      vertex 43.6211738884449 32.72095795720816 73.1
    endloop
  endfacet
  facet normal -0.13052582425750334 -0.9914449098169295 0
    outer loop
      vertex 43.657741360366344 32.716143772006035 73.1
      vertex 43.6211738884449 32.72095795720816 73.1
      vertex 43.6211738884449 32.72095795720816 70
    endloop
  endfacet
  facet normal -0.8660254246525537 -0.49999996385536283 0
    outer loop
      vertex 40.72308457642794 34.584006763994694 73.1
      vertex 40.70224350690842 34.62010455876589 73.1
      vertex 40.70224350690842 34.62010455876589 70
    endloop
  endfacet
  facet normal -0.587785296500131 -0.8090169622562021 0
    outer loop
      vertex 38.021225556731224 39.772126130759716 73.1
      vertex 38.021225556731224 39.772126130759716 70
      vertex 38.20752454549074 39.636771976947784 73.1
    endloop
  endfacet
  facet normal -0.7431448571046009 -0.6691305712332851 0
    outer loop
      vertex 38.84473331272602 39.06302657723427 73.1
      vertex 38.84473331272602 39.06302657723427 70
      vertex 38.99881947040558 38.89189654588699 73.1
    endloop
  endfacet
  facet normal -0.6691306337363798 -0.7431448008265621 0
    outer loop
      vertex 38.62269067019224 39.28506924211979 73.1
      vertex 38.451560601592064 39.43915545940399 73.1
      vertex 38.451560601592064 39.43915545940399 70
    endloop
  endfacet
  facet normal -0.6293204214174093 -0.777145936865795 0
    outer loop
      vertex 38.20752454549074 39.636771976947784 73.1
      vertex 38.20752454549074 39.636771976947784 70
      vertex 38.451560601592064 39.43915545940399 73.1
    endloop
  endfacet
  facet normal -0.707106816776709 -0.7071067455963843 0
    outer loop
      vertex 38.62269067019224 39.28506924211979 73.1
      vertex 38.62269067019224 39.28506924211979 70
      vertex 38.84473331272602 39.06302657723427 73.1
    endloop
  endfacet
  facet normal -0.9135454892488474 -0.4067365720870006 0
    outer loop
      vertex 39.85417713969946 37.508619248867035 73.1
      vertex 39.760514594614506 37.71898881345987 73.1
      vertex 39.760514594614506 37.71898881345987 70
    endloop
  endfacet
  facet normal -0.8386705895086698 -0.544639001810539 0
    outer loop
      vertex 39.33179011195898 38.46156147122383 73.1
      vertex 39.33179011195898 38.46156147122383 70
      vertex 39.50281532853842 38.1982057094574 73.1
    endloop
  endfacet
  facet normal -0.86602541496714 -0.49999998063099266 0
    outer loop
      vertex 39.617954447865486 37.99877889454365 73.1
      vertex 39.50281532853842 38.1982057094574 73.1
      vertex 39.50281532853842 38.1982057094574 70
    endloop
  endfacet
  facet normal -0.8910065500540655 -0.4539904489752531 0
    outer loop
      vertex 39.760514594614506 37.71898881345987 73.1
      vertex 39.617954447865486 37.99877889454365 73.1
      vertex 39.617954447865486 37.99877889454365 70
    endloop
  endfacet
  facet normal -0.9335804351407654 -0.3583679270280465 0
    outer loop
      vertex 39.85417713969946 37.508619248867035 73.1
      vertex 39.85417713969946 37.508619248867035 70
      vertex 39.966710314154625 37.215460285544395 73.1
    endloop
  endfacet
  facet normal -0.8090170237984825 -0.5877852117944492 0
    outer loop
      vertex 39.33179011195898 38.46156147122383 73.1
      vertex 39.19643598794937 38.64786045998335 73.1
      vertex 39.19643598794937 38.64786045998335 70
    endloop
  endfacet
  facet normal -0.7771459744531957 -0.629320375000836 0
    outer loop
      vertex 38.99881947040558 38.89189654588699 73.1
      vertex 38.99881947040558 38.89189654588699 70
      vertex 39.19643598794937 38.64786045998335 73.1
    endloop
  endfacet
  facet normal -0.5000000124049407 -0.8660253966224428 0
    outer loop
      vertex 37.558443017303944 40.05829048156738 73.1
      vertex 37.558443017303944 40.05829048156738 70
      vertex 37.75786980241537 39.943151369690895 73.1
    endloop
  endfacet
  facet normal -0.5446390627142673 -0.8386705499573265 0
    outer loop
      vertex 37.75786980241537 39.943151369690895 73.1
      vertex 37.75786980241537 39.943151369690895 70
      vertex 38.021225556731224 39.772126130759716 73.1
    endloop
  endfacet
  facet normal -0.15643447947138045 -0.987688338309468 0
    outer loop
      vertex 43.657741360366344 32.716143772006035 73.1
      vertex 43.657741360366344 32.716143772006035 70
      vertex 43.96789092570543 32.66702090203762 73.1
    endloop
  endfacet
  facet normal -0.20791168584136577 -0.9781476017915708 0
    outer loop
      vertex 43.96789092570543 32.66702090203762 73.1
      vertex 43.96789092570543 32.66702090203762 70
      vertex 44.19313699007034 32.61914337426424 73.1
    endloop
  endfacet
  facet normal -0.25881905464550803 -0.9659258237320325 0
    outer loop
      vertex 44.19313699007034 32.61914337426424 73.1
      vertex 44.19313699007034 32.61914337426424 70
      vertex 44.496452905237675 32.53787011653185 73.1
    endloop
  endfacet
  facet normal -0.30901700403425203 -0.9510565131566553 0
    outer loop
      vertex 44.496452905237675 32.53787011653185 73.1
      vertex 44.496452905237675 32.53787011653185 70
      vertex 44.71546047925949 32.46671023964882 73.1
    endloop
  endfacet
  facet normal -0.358367950842512 -0.9335804259992488 0
    outer loop
      vertex 45.00861942023039 32.35417706519365 73.1
      vertex 44.71546047925949 32.46671023964882 73.1
      vertex 44.71546047925949 32.46671023964882 70
    endloop
  endfacet
  facet normal -0.40673665900909506 -0.9135454505486409 0
    outer loop
      vertex 45.00861942023039 32.35417706519365 73.1
      vertex 45.00861942023039 32.35417706519365 70
      vertex 45.21898901462555 32.2605144828558 73.1
    endloop
  endfacet
  facet normal -0.45399049624595805 -0.8910065259684403 0
    outer loop
      vertex 45.21898901462555 32.2605144828558 73.1
      vertex 45.21898901462555 32.2605144828558 70
      vertex 45.49877908825874 32.117954321205616 73.1
    endloop
  endfacet
  facet normal -0.4999999778828949 -0.8660254165537549 0
    outer loop
      vertex 45.49877908825874 32.117954321205616 73.1
      vertex 45.49877908825874 32.117954321205616 70
      vertex 45.69820586591959 32.00281522423029 73.1
    endloop
  endfacet
  facet normal -0.5446390302010375 -0.8386705710716652 0
    outer loop
      vertex 45.69820586591959 32.00281522423029 73.1
      vertex 45.69820586591959 32.00281522423029 70
      vertex 45.961561642587185 31.83178998529911 73.1
    endloop
  endfacet
  facet normal 0 0 1
    outer loop
      vertex -44.78844917491986 -32.79063827187859 75
      vertex 41.18182309908104 33.96250212086582 75
      vertex 40.93202061316417 34.270982500419954 75
    endloop
  endfacet
  facet normal 0 0 1
    outer loop
      vertex -44.78844917491986 -32.79063827187859 75
      vertex 40.93202061316417 34.270982500419954 75
      vertex 40.71583155142543 34.6038844621514 75
    endloop
  endfacet
  facet normal 0 0 1
    outer loop
      vertex -44.78844917491986 -32.79063827187859 75
      vertex 42.1038844621514 33.21583155142543 75
      vertex 41.770982500419954 33.43202061316417 75
    endloop
  endfacet
  facet normal 0 0 1
    outer loop
      vertex -44.78844917491986 -32.79063827187859 75
      vertex 42.45756066250319 33.035624526465696 75
      vertex 42.1038844621514 33.21583155142543 75
    endloop
  endfacet
  facet normal 0 0 1
    outer loop
      vertex -44.78844917491986 -32.79063827187859 75
      vertex 41.46250212086582 33.68182309908104 75
      vertex 41.18182309908104 33.96250212086582 75
    endloop
  endfacet
  facet normal 0 0 1
    outer loop
      vertex -44.78844917491986 -32.79063827187859 75
      vertex 41.770982500419954 33.43202061316417 75
      vertex 41.46250212086582 33.68182309908104 75
    endloop
  endfacet
  facet normal 0 0 1
    outer loop
      vertex -44.78844917491986 -32.79063827187859 75
      vertex 42.82813615101277 32.89337392416119 75
      vertex 42.45756066250319 33.035624526465696 75
    endloop
  endfacet
  facet normal 0 0 1
    outer loop
      vertex -44.78844917491986 -32.79063827187859 75
      vertex 43.603603913301534 32.728543162923145 75
      vertex 43.21155082508014 32.79063827187859 75
    endloop
  endfacet
  facet normal 0 0 1
    outer loop
      vertex -44.78844917491986 -32.79063827187859 75
      vertex 43.21155082508014 32.79063827187859 75
      vertex 42.82813615101277 32.89337392416119 75
    endloop
  endfacet
  facet normal 0 0 1
    outer loop
      vertex -44 -32.70776892430279 75
      vertex 44 32.70776892430279 75
      vertex 43.603603913301534 32.728543162923145 75
    endloop
  endfacet
  facet normal 0 0 1
    outer loop
      vertex 44 32.70776892430279 75
      vertex -43.603603913301534 -32.728543162923145 75
      vertex 44.396396086698466 32.728543162923145 75
    endloop
  endfacet
  facet normal 0 0 1
    outer loop
      vertex -43.603603913301534 -32.728543162923145 75
      vertex 44.78844917491986 32.79063827187859 75
      vertex 44.396396086698466 32.728543162923145 75
    endloop
  endfacet
  facet normal 0 0 -1
    outer loop
      vertex -43.19040474295616 32.791393756866455 73.1
      vertex 43.19040474295616 32.791393756866455 73.1
      vertex 43.23117606341839 32.78272754698992 73.1
    endloop
  endfacet
  facet normal 0 0 -1
    outer loop
      vertex -43.23117606341839 32.78272754698992 73.1
      vertex 43.23117606341839 32.78272754698992 73.1
      vertex 43.6211738884449 32.72095795720816 73.1
    endloop
  endfacet
  facet normal 0 0 -1
    outer loop
      vertex -35.05966376513243 40.70000000298023 73.1
      vertex 40.72308457642794 34.584006763994694 73.1
      vertex 40.91681157797575 34.28569335490465 73.1
    endloop
  endfacet
  facet normal 0 0 -1
    outer loop
      vertex -35.05966376513243 40.70000000298023 73.1
      vertex 40.91681157797575 34.28569335490465 73.1
      vertex 40.94131155312061 34.251972027122974 73.1
    endloop
  endfacet
  facet normal 0 0 -1
    outer loop
      vertex -35.05966376513243 40.70000000298023 73.1
      vertex 40.540760070085526 34.93703365325928 73.1
      vertex 40.70224350690842 34.62010455876589 73.1
    endloop
  endfacet
  facet normal 0 0 -1
    outer loop
      vertex -35.05966376513243 40.70000000298023 73.1
      vertex 40.70224350690842 34.62010455876589 73.1
      vertex 40.72308457642794 34.584006763994694 73.1
    endloop
  endfacet
  facet normal 0 0 -1
    outer loop
      vertex -35.05966376513243 40.70000000298023 73.1
      vertex 40.39633567631245 35.307184778153896 73.1
      vertex 40.52380633354187 34.9751123636961 73.1
    endloop
  endfacet
  facet normal 0 0 -1
    outer loop
      vertex -35.05966376513243 40.70000000298023 73.1
      vertex 40.52380633354187 34.9751123636961 73.1
      vertex 40.540760070085526 34.93703365325928 73.1
    endloop
  endfacet
  facet normal 0 0 -1
    outer loop
      vertex -35.05966376513243 40.70000000298023 73.1
      vertex 40.38345514982939 35.34682697057724 73.1
      vertex 40.39633567631245 35.307184778153896 73.1
    endloop
  endfacet
  facet normal 0 0 -1
    outer loop
      vertex -35.05966376513243 40.70000000298023 73.1
      vertex 41.75197196006775 33.44131160527468 73.1
      vertex 41.7856934890151 33.41681148856878 73.1
    endloop
  endfacet
  facet normal 0 0 -1
    outer loop
      vertex -35.05966376513243 40.70000000298023 73.1
      vertex 41.7856934890151 33.41681148856878 73.1
      vertex 42.08400668948889 33.22308462113142 73.1
    endloop
  endfacet
  facet normal 0 0 -1
    outer loop
      vertex -35.05966376513243 40.70000000298023 73.1
      vertex 42.08400668948889 33.22308462113142 73.1
      vertex 42.12010458111763 33.202243492007256 73.1
    endloop
  endfacet
  facet normal 0 0 -1
    outer loop
      vertex -35.05966376513243 40.70000000298023 73.1
      vertex 42.12010458111763 33.202243492007256 73.1
      vertex 42.4370336458087 33.040760070085526 73.1
    endloop
  endfacet
  facet normal 0 0 -1
    outer loop
      vertex -35.05966376513243 40.70000000298023 73.1
      vertex 42.4370336458087 33.040760070085526 73.1
      vertex 42.4751123636961 33.02380633354187 73.1
    endloop
  endfacet
  facet normal 0 0 -1
    outer loop
      vertex -35.05966376513243 40.70000000298023 73.1
      vertex 42.4751123636961 33.02380633354187 73.1
      vertex 42.807184778153896 32.89633567631245 73.1
    endloop
  endfacet
  facet normal 0 0 -1
    outer loop
      vertex -35.05966376513243 40.70000000298023 73.1
      vertex 42.807184778153896 32.89633567631245 73.1
      vertex 42.84682697057724 32.88345514982939 73.1
    endloop
  endfacet
  facet normal 0 0 -1
    outer loop
      vertex -35.05966376513243 40.70000000298023 73.1
      vertex 42.84682697057724 32.88345514982939 73.1
      vertex 43.19040474295616 32.791393756866455 73.1
    endloop
  endfacet
  facet normal 0 0 -1
    outer loop
      vertex -35.05966376513243 40.70000000298023 73.1
      vertex 41.444566778838634 33.69305045157671 73.1
      vertex 41.47554263472557 33.66515966504812 73.1
    endloop
  endfacet
  facet normal 0 0 -1
    outer loop
      vertex -35.05966376513243 40.70000000298023 73.1
      vertex 41.19305045157671 33.944566778838634 73.1
      vertex 41.444566778838634 33.69305045157671 73.1
    endloop
  endfacet
  facet normal 0 0 -1
    outer loop
      vertex -35.05966376513243 40.70000000298023 73.1
      vertex 40.94131155312061 34.251972027122974 73.1
      vertex 41.16515966504812 33.97554263472557 73.1
    endloop
  endfacet
  facet normal 0 0 -1
    outer loop
      vertex -35.05966376513243 40.70000000298023 73.1
      vertex 41.16515966504812 33.97554263472557 73.1
      vertex 41.19305045157671 33.944566778838634 73.1
    endloop
  endfacet
  facet normal 0 0 -1
    outer loop
      vertex -35.05966376513243 40.70000000298023 73.1
      vertex 41.47554263472557 33.66515966504812 73.1
      vertex 41.75197196006775 33.44131160527468 73.1
    endloop
  endfacet
  facet normal 0 0 -1
    outer loop
      vertex -35.05966376513243 40.70000000298023 73.1
      vertex 35.059663876891136 40.70000000298023 73.1
      vertex 40.22095795720816 36.12117397040129 73.1
    endloop
  endfacet
  facet normal 0 0 -1
    outer loop
      vertex -35.05966376513243 40.70000000298023 73.1
      vertex 40.291393756866455 35.69040474295616 73.1
      vertex 40.38345514982939 35.34682697057724 73.1
    endloop
  endfacet
  facet normal 0 0 -1
    outer loop
      vertex -35.05966376513243 40.70000000298023 73.1
      vertex 40.28272756934166 35.73117595911026 73.1
      vertex 40.291393756866455 35.69040474295616 73.1
    endloop
  endfacet
  facet normal 0 0 -1
    outer loop
      vertex -35.05966376513243 40.70000000298023 73.1
      vertex 40.22095795720816 36.12117397040129 73.1
      vertex 40.28272756934166 35.73117595911026 73.1
    endloop
  endfacet
  facet normal 0 0 1
    outer loop
      vertex -40.71583155142543 34.6038844621514 75
      vertex 40.71583155142543 34.6038844621514 75
      vertex 40.535624526465696 34.95756066250319 75
    endloop
  endfacet
  facet normal 0 0 1
    outer loop
      vertex -40.535624526465696 34.95756066250319 75
      vertex 40.535624526465696 34.95756066250319 75
      vertex 40.39337392416119 35.32813615101277 75
    endloop
  endfacet
  facet normal 0 0 1
    outer loop
      vertex -40.39337392416119 35.32813615101277 75
      vertex 40.39337392416119 35.32813615101277 75
      vertex 40.29063827187859 35.71155082508014 75
    endloop
  endfacet
  facet normal 0 0 1
    outer loop
      vertex -40.29063827187859 35.71155082508014 75
      vertex 40.29063827187859 35.71155082508014 75
      vertex 40.228543162923145 36.103603913301534 75
    endloop
  endfacet
  facet normal 0 0 1
    outer loop
      vertex -40.228543162923145 36.103603913301534 75
      vertex 40.228543162923145 36.103603913301534 75
      vertex 40.20776892430279 36.5 75
    endloop
  endfacet
  facet normal 0 0 1
    outer loop
      vertex -40.20776892430279 36.5 75
      vertex 40.20776892430279 36.5 75
      vertex 40.228543162923145 36.896396086698466 75
    endloop
  endfacet
  facet normal 0 0 1
    outer loop
      vertex -40.20776892430279 36.5 75
      vertex 40.228543162923145 36.896396086698466 75
      vertex 40.29063827187859 37.28844917491986 75
    endloop
  endfacet
  facet normal 0 0 1
    outer loop
      vertex -40.20776892430279 36.5 75
      vertex 40.29063827187859 37.28844917491986 75
      vertex 40.39337392416119 37.67186384898723 75
    endloop
  endfacet
  facet normal 0 0 1
    outer loop
      vertex -40.20776892430279 36.5 75
      vertex 40.39337392416119 37.67186384898723 75
      vertex 40.535624526465696 38.04243933749681 75
    endloop
  endfacet
  facet normal 0 0 1
    outer loop
      vertex -40.20776892430279 36.5 75
      vertex 40.535624526465696 38.04243933749681 75
      vertex 40.71583155142543 38.3961155378486 75
    endloop
  endfacet
  facet normal 0 0 1
    outer loop
      vertex -40.29063827187859 37.28844917491986 75
      vertex 40.71583155142543 38.3961155378486 75
      vertex 40.93202061316417 38.729017499580046 75
    endloop
  endfacet
  facet normal 0 0 1
    outer loop
      vertex -40.29063827187859 37.28844917491986 75
      vertex 40.93202061316417 38.729017499580046 75
      vertex 41.18182309908104 39.03749787913418 75
    endloop
  endfacet
  facet normal 0 0 1
    outer loop
      vertex -40.39337392416119 37.67186384898723 75
      vertex 41.18182309908104 39.03749787913418 75
      vertex 41.46250212086582 39.31817690091896 75
    endloop
  endfacet
  facet normal 0 0 1
    outer loop
      vertex -40.39337392416119 37.67186384898723 75
      vertex 41.46250212086582 39.31817690091896 75
      vertex 41.770982500419954 39.56797938683583 75
    endloop
  endfacet
  facet normal 0 0 1
    outer loop
      vertex -40.71583155142543 38.3961155378486 75
      vertex 41.770982500419954 39.56797938683583 75
      vertex 42.1038844621514 39.78416844857457 75
    endloop
  endfacet
  facet normal 0 0 1
    outer loop
      vertex -40.71583155142543 38.3961155378486 75
      vertex 42.1038844621514 39.78416844857457 75
      vertex 42.457560662503184 39.964375473534304 75
    endloop
  endfacet
  facet normal 0 0 1
    outer loop
      vertex -40.93202061316417 38.729017499580046 75
      vertex 42.457560662503184 39.964375473534304 75
      vertex 42.82813615101277 40.10662607583881 75
    endloop
  endfacet
  facet normal 0 0 1
    outer loop
      vertex -40.93202061316417 38.729017499580046 75
      vertex 42.82813615101277 40.10662607583881 75
      vertex 43.21155082508014 40.20936172812141 75
    endloop
  endfacet
  facet normal 0 0 1
    outer loop
      vertex -40.93202061316417 38.729017499580046 75
      vertex 43.21155082508014 40.20936172812141 75
      vertex 43.603603913301534 40.271456837076855 75
    endloop
  endfacet
  facet normal 0 0 1
    outer loop
      vertex -40.93202061316417 38.729017499580046 75
      vertex 43.603603913301534 40.271456837076855 75
      vertex 44 40.29223107569721 75
    endloop
  endfacet
  facet normal 0 0 1
    outer loop
      vertex -45.854101963341236 42.206339098513126 75
      vertex 44.62717077881098 42.4671313688159 75
      vertex 44 42.5 75
    endloop
  endfacet
  facet normal 0 0 1
    outer loop
      vertex -47 41.69615242630243 75
      vertex 45.854101963341236 42.206339098513126 75
      vertex 45.247470147907734 42.36888560652733 75
    endloop
  endfacet
  facet normal 0 0 1
    outer loop
      vertex -46.44041986018419 41.981272742152214 75
      vertex 45.247470147907734 42.36888560652733 75
      vertex 44.62717077881098 42.4671313688159 75
    endloop
  endfacet
  facet normal 0 0 1
    outer loop
      vertex -48.01478363573551 40.95886895060539 75
      vertex 47 41.69615242630243 75
      vertex 46.44041986018419 41.981272742152214 75
    endloop
  endfacet
  facet normal 0 0 1
    outer loop
      vertex -48.45886895060539 40.51478363573551 75
      vertex 47.52671151608229 41.354101963341236 75
      vertex 47 41.69615242630243 75
    endloop
  endfacet
  facet normal 0 0 1
    outer loop
      vertex -47.52671151608229 41.354101963341236 75
      vertex 46.44041986018419 41.981272742152214 75
      vertex 45.854101963341236 42.206339098513126 75
    endloop
  endfacet
  facet normal 0 0 1
    outer loop
      vertex 48.45886895060539 40.51478363573551 75
      vertex -40.93202061316417 38.729017499580046 75
      vertex 44 40.29223107569721 75
    endloop
  endfacet
  facet normal 0 0 1
    outer loop
      vertex 48.01478363573551 40.95886895060539 75
      vertex 47.52671151608229 41.354101963341236 75
      vertex -42.45756066250319 39.964375473534304 75
    endloop
  endfacet
  facet normal 0 0 1
    outer loop
      vertex 48.01478363573551 40.95886895060539 75
      vertex -41.770982500419954 39.56797938683583 75
      vertex 48.45886895060539 40.51478363573551 75
    endloop
  endfacet
  facet normal 0 0 -1
    outer loop
      vertex 35.05966376513243 -40.70000000298023 73.1
      vertex 43.6211738884449 32.72095795720816 73.1
      vertex 43.657741360366344 32.716143772006035 73.1
    endloop
  endfacet
  facet normal 0 0 -1
    outer loop
      vertex 45.698206037282944 -32.00281512737274 73.1
      vertex 45.69820586591959 32.00281522423029 73.1
      vertex 45.961561642587185 31.83178998529911 73.1
    endloop
  endfacet
  facet normal 0 0 -1
    outer loop
      vertex 45.9615617915988 -31.831789888441563 73.1
      vertex 45.961561642587185 31.83178998529911 73.1
      vertex 46.14786062389612 31.69643585383892 73.1
    endloop
  endfacet
  facet normal 0 0 -1
    outer loop
      vertex 46.147860780358315 -31.69643573462963 73.1
      vertex 46.14786062389612 31.69643585383892 73.1
      vertex 46.391896687448025 31.49881934374571 73.1
    endloop
  endfacet
  facet normal 0 0 -1
    outer loop
      vertex 46.39189683645964 -31.49881921708584 73.1
      vertex 46.391896687448025 31.49881934374571 73.1
      vertex 46.56302673369646 31.344733148813248 73.1
    endloop
  endfacet
  facet normal 0 0 -1
    outer loop
      vertex 46.56302689015865 -31.344733014702797 73.1
      vertex 46.56302673369646 31.344733148813248 73.1
      vertex 46.7850693911314 31.122690491378307 73.1
    endloop
  endfacet
  facet normal 0 0 -1
    outer loop
      vertex 46.785069547593594 -31.122690334916115 73.1
      vertex 46.7850693911314 31.122690491378307 73.1
      vertex 46.93915558606386 30.95156044512987 73.1
    endloop
  endfacet
  facet normal 0 0 -1
    outer loop
      vertex 48.196984976530075 -27.674802839756012 73.1
      vertex 48.196984976530075 27.674802847206593 73.1
      vertex 48.20000000298023 27.559663757681847 73.1
    endloop
  endfacet
  facet normal 0 0 -1
    outer loop
      vertex 48.180550672113895 -27.9883881136775 73.1
      vertex 48.180550664663315 27.988388240337372 73.1
      vertex 48.196984976530075 27.674802847206593 73.1
    endloop
  endfacet
  facet normal 0 0 -1
    outer loop
      vertex 47.55829066038132 -30.058442689478397 73.1
      vertex 47.55829056352377 30.05844284594059 73.1
      vertex 47.70085072517395 29.778652772307396 73.1
    endloop
  endfacet
  facet normal 0 0 -1
    outer loop
      vertex 46.93915570527315 -30.95156030356884 73.1
      vertex 46.93915558606386 30.95156044512987 73.1
      vertex 47.136772096157074 30.70752438157797 73.1
    endloop
  endfacet
  facet normal 0 0 -1
    outer loop
      vertex 47.13677220791578 -30.707524232566357 73.1
      vertex 47.136772096157074 30.70752438157797 73.1
      vertex 47.272126242518425 30.52122537791729 73.1
    endloop
  endfacet
  facet normal 0 0 -1
    outer loop
      vertex 47.27212633192539 -30.52122525125742 73.1
      vertex 47.272126242518425 30.52122537791729 73.1
      vertex 47.44315146654844 30.257869623601437 73.1
    endloop
  endfacet
  facet normal 0 0 -1
    outer loop
      vertex 47.44315156340599 -30.257869467139244 73.1
      vertex 47.44315146654844 30.257869623601437 73.1
      vertex 47.55829056352377 30.05844284594059 73.1
    endloop
  endfacet
  facet normal 0 0 -1
    outer loop
      vertex 47.97820641845465 -29.056116454303265 73.1
      vertex 47.97820635885 29.05611666291952 73.1
      vertex 48.059479616582394 28.75280074775219 73.1
    endloop
  endfacet
  facet normal 0 0 -1
    outer loop
      vertex 47.794513404369354 -29.568282961845398 73.1
      vertex 47.79451330751181 29.568283177912235 73.1
      vertex 47.90704648196697 29.275124236941338 73.1
    endloop
  endfacet
  facet normal 0 0 -1
    outer loop
      vertex 47.70085081458092 -29.778652608394623 73.1
      vertex 47.70085072517395 29.778652772307396 73.1
      vertex 47.79451330751181 29.568283177912235 73.1
    endloop
  endfacet
  facet normal 0 0 -1
    outer loop
      vertex 47.90704656392336 -29.27512401342392 73.1
      vertex 47.90704648196697 29.275124236941338 73.1
      vertex 47.97820635885 29.05611666291952 73.1
    endloop
  endfacet
  facet normal 0 0 -1
    outer loop
      vertex 48.10735718905926 -28.52755445986986 73.1
      vertex 48.107357151806355 28.527554661035538 73.1
      vertex 48.15648003667593 28.21740498393774 73.1
    endloop
  endfacet
  facet normal 0 0 -1
    outer loop
      vertex 48.15648005902767 -28.217404760420322 73.1
      vertex 48.15648003667593 28.21740498393774 73.1
      vertex 48.180550664663315 27.988388240337372 73.1
    endloop
  endfacet
  facet normal 0 0 -1
    outer loop
      vertex 48.05947966128588 -28.752800539135933 73.1
      vertex 48.059479616582394 28.75280074775219 73.1
      vertex 48.107357151806355 28.527554661035538 73.1
    endloop
  endfacet
  facet normal 0 0 -1
    outer loop
      vertex 43.65774139016867 -32.716143772006035 73.1
      vertex 43.657741360366344 32.716143772006035 73.1
      vertex 43.96789092570543 32.66702090203762 73.1
    endloop
  endfacet
  facet normal 0 0 -1
    outer loop
      vertex 43.967891067266464 -32.66702087968588 73.1
      vertex 43.96789092570543 32.66702090203762 73.1
      vertex 44.19313699007034 32.61914337426424 73.1
    endloop
  endfacet
  facet normal 0 0 -1
    outer loop
      vertex 44.1931371614337 -32.61914333701134 73.1
      vertex 44.19313699007034 32.61914337426424 73.1
      vertex 44.496452905237675 32.53787011653185 73.1
    endloop
  endfacet
  facet normal 0 0 -1
    outer loop
      vertex 44.49645306915045 -32.537870071828365 73.1
      vertex 44.496452905237675 32.53787011653185 73.1
      vertex 44.71546047925949 32.46671023964882 73.1
    endloop
  endfacet
  facet normal 0 0 -1
    outer loop
      vertex 44.715460658073425 -32.466710180044174 73.1
      vertex 44.71546047925949 32.46671023964882 73.1
      vertex 45.00861942023039 32.35417706519365 73.1
    endloop
  endfacet
  facet normal 0 0 -1
    outer loop
      vertex 45.008619613945484 -32.35417698323727 73.1
      vertex 45.00861942023039 32.35417706519365 73.1
      vertex 45.21898901462555 32.2605144828558 73.1
    endloop
  endfacet
  facet normal 0 0 -1
    outer loop
      vertex 45.2189891859889 -32.26051440834999 73.1
      vertex 45.21898901462555 32.2605144828558 73.1
      vertex 45.49877908825874 32.117954321205616 73.1
    endloop
  endfacet
  facet normal 0 0 -1
    outer loop
      vertex 45.498779252171516 -32.11795423924923 73.1
      vertex 45.49877908825874 32.117954321205616 73.1
      vertex 45.69820586591959 32.00281522423029 73.1
    endloop
  endfacet
  facet normal 1 0 0
    outer loop
      vertex 50 -36.5 75
      vertex 50 36.5 70
      vertex 50 36.5 75
    endloop
  endfacet
  facet normal 0 0 1
    outer loop
      vertex 44.78844917491986 32.79063827187859 75
      vertex 44.396396086698466 -32.728543162923145 75
      vertex 45.17186384898723 32.89337392416119 75
    endloop
  endfacet
  facet normal 0 0 1
    outer loop
      vertex 45.17186384898723 -32.89337392416119 75
      vertex 45.54243933749681 33.035624526465696 75
      vertex 45.17186384898723 32.89337392416119 75
    endloop
  endfacet
  facet normal 0 0 1
    outer loop
      vertex 45.8961155378486 -33.21583155142543 75
      vertex 45.8961155378486 33.21583155142543 75
      vertex 45.54243933749681 33.035624526465696 75
    endloop
  endfacet
  facet normal 0 0 1
    outer loop
      vertex 46.229017499580046 -33.43202061316417 75
      vertex 46.229017499580046 33.43202061316417 75
      vertex 45.8961155378486 33.21583155142543 75
    endloop
  endfacet
  facet normal 0 0 1
    outer loop
      vertex 46.53749787913418 -33.68182309908104 75
      vertex 46.53749787913418 33.68182309908104 75
      vertex 46.229017499580046 33.43202061316417 75
    endloop
  endfacet
  facet normal 0 0 1
    outer loop
      vertex 46.81817690091896 -33.96250212086582 75
      vertex 46.81817690091896 33.96250212086582 75
      vertex 46.53749787913418 33.68182309908104 75
    endloop
  endfacet
  facet normal 0 0 1
    outer loop
      vertex 46.81817690091896 -33.96250212086582 75
      vertex 47.06797938683583 34.270982500419954 75
      vertex 46.81817690091896 33.96250212086582 75
    endloop
  endfacet
  facet normal 0 0 1
    outer loop
      vertex 50 36.5 75
      vertex 47.06797938683583 34.270982500419954 75
      vertex 47.771456837076855 -36.103603913301534 75
    endloop
  endfacet
  facet normal 0 0 -1
    outer loop
      vertex 35.059663876891136 40.70000000298023 73.1
      vertex 35.17480307072401 40.696984969079494 73.1
      vertex 40.22095795720816 36.12117397040129 73.1
    endloop
  endfacet
  facet normal 0 0 -1
    outer loop
      vertex 35.17480307072401 40.696984969079494 73.1
      vertex 35.48838846385479 40.68055064231157 73.1
      vertex 40.2161438241601 36.157741002738476 73.1
    endloop
  endfacet
  facet normal 0 0 -1
    outer loop
      vertex 35.48838846385479 40.68055064231157 73.1
      vertex 35.717405155301094 40.65648001432419 73.1
      vertex 40.2161438241601 36.157741002738476 73.1
    endloop
  endfacet
  facet normal 0 0 -1
    outer loop
      vertex 35.717405155301094 40.65648001432419 73.1
      vertex 36.02755483239889 40.60735712200403 73.1
      vertex 40.2161438241601 36.157741002738476 73.1
    endloop
  endfacet
  facet normal 0 0 -1
    outer loop
      vertex 36.02755483239889 40.60735712200403 73.1
      vertex 36.252800926566124 40.55947957932949 73.1
      vertex 40.2161438241601 36.157741002738476 73.1
    endloop
  endfacet
  facet normal 0 0 -1
    outer loop
      vertex 40.2161438241601 36.157741002738476 73.1
      vertex 39.33179011195898 38.46156147122383 73.1
      vertex 40.167020954191685 36.467890687286854 73.1
    endloop
  endfacet
  facet normal 0 0 -1
    outer loop
      vertex 35.17480307072401 40.696984969079494 73.1
      vertex 40.2161438241601 36.157741002738476 73.1
      vertex 40.22095795720816 36.12117397040129 73.1
    endloop
  endfacet
  facet normal 0 0 -1
    outer loop
      vertex 38.20752454549074 39.636771976947784 73.1
      vertex 38.451560601592064 39.43915545940399 73.1
      vertex 40.2161438241601 36.157741002738476 73.1
    endloop
  endfacet
  facet normal 0 0 -1
    outer loop
      vertex 36.252800926566124 40.55947957932949 73.1
      vertex 36.556116834282875 40.47820631414652 73.1
      vertex 40.2161438241601 36.157741002738476 73.1
    endloop
  endfacet
  facet normal 0 0 -1
    outer loop
      vertex 36.556116834282875 40.47820631414652 73.1
      vertex 36.775124438107014 40.40704641491175 73.1
      vertex 40.2161438241601 36.157741002738476 73.1
    endloop
  endfacet
  facet normal 0 0 -1
    outer loop
      vertex 36.775124438107014 40.40704641491175 73.1
      vertex 37.06828337907791 40.29451322555542 73.1
      vertex 40.2161438241601 36.157741002738476 73.1
    endloop
  endfacet
  facet normal 0 0 -1
    outer loop
      vertex 37.06828337907791 40.29451322555542 73.1
      vertex 37.27865295112133 40.200850650668144 73.1
      vertex 40.2161438241601 36.157741002738476 73.1
    endloop
  endfacet
  facet normal 0 0 -1
    outer loop
      vertex 37.558443017303944 40.05829048156738 73.1
      vertex 40.2161438241601 36.157741002738476 73.1
      vertex 37.27865295112133 40.200850650668144 73.1
    endloop
  endfacet
  facet normal 0 0 -1
    outer loop
      vertex 37.75786980241537 39.943151369690895 73.1
      vertex 38.021225556731224 39.772126130759716 73.1
      vertex 40.2161438241601 36.157741002738476 73.1
    endloop
  endfacet
  facet normal 0 0 -1
    outer loop
      vertex 37.558443017303944 40.05829048156738 73.1
      vertex 37.75786980241537 39.943151369690895 73.1
      vertex 40.2161438241601 36.157741002738476 73.1
    endloop
  endfacet
  facet normal 0 0 -1
    outer loop
      vertex 38.021225556731224 39.772126130759716 73.1
      vertex 38.20752454549074 39.636771976947784 73.1
      vertex 40.2161438241601 36.157741002738476 73.1
    endloop
  endfacet
  facet normal 0 0 -1
    outer loop
      vertex 40.119143433868885 36.693136759102345 73.1
      vertex 39.33179011195898 38.46156147122383 73.1
      vertex 40.037870183587074 36.99645269662142 73.1
    endloop
  endfacet
  facet normal 0 0 -1
    outer loop
      vertex 40.2161438241601 36.157741002738476 73.1
      vertex 39.19643598794937 38.64786045998335 73.1
      vertex 39.33179011195898 38.46156147122383 73.1
    endloop
  endfacet
  facet normal 0 0 -1
    outer loop
      vertex 40.037870183587074 36.99645269662142 73.1
      vertex 39.33179011195898 38.46156147122383 73.1
      vertex 39.966710314154625 37.215460285544395 73.1
    endloop
  endfacet
  facet normal 0 0 -1
    outer loop
      vertex 39.85417713969946 37.508619248867035 73.1
      vertex 39.966710314154625 37.215460285544395 73.1
      vertex 39.33179011195898 38.46156147122383 73.1
    endloop
  endfacet
  facet normal 0 0 -1
    outer loop
      vertex 38.62269067019224 39.28506924211979 73.1
      vertex 38.84473331272602 39.06302657723427 73.1
      vertex 40.2161438241601 36.157741002738476 73.1
    endloop
  endfacet
  facet normal 0 0 -1
    outer loop
      vertex 38.84473331272602 39.06302657723427 73.1
      vertex 38.99881947040558 38.89189654588699 73.1
      vertex 40.2161438241601 36.157741002738476 73.1
    endloop
  endfacet
  facet normal 0 0 -1
    outer loop
      vertex 38.62269067019224 39.28506924211979 73.1
      vertex 40.2161438241601 36.157741002738476 73.1
      vertex 38.451560601592064 39.43915545940399 73.1
    endloop
  endfacet
  facet normal 0 0 -1
    outer loop
      vertex 38.99881947040558 38.89189654588699 73.1
      vertex 39.19643598794937 38.64786045998335 73.1
      vertex 40.2161438241601 36.157741002738476 73.1
    endloop
  endfacet
  facet normal 0 0 -1
    outer loop
      vertex 39.760514594614506 37.71898881345987 73.1
      vertex 39.50281532853842 38.1982057094574 73.1
      vertex 39.617954447865486 37.99877889454365 73.1
    endloop
  endfacet
  facet normal 0 0 -1
    outer loop
      vertex 39.760514594614506 37.71898881345987 73.1
      vertex 39.33179011195898 38.46156147122383 73.1
      vertex 39.50281532853842 38.1982057094574 73.1
    endloop
  endfacet
  facet normal 0 0 -1
    outer loop
      vertex 39.85417713969946 37.508619248867035 73.1
      vertex 39.33179011195898 38.46156147122383 73.1
      vertex 39.760514594614506 37.71898881345987 73.1
    endloop
  endfacet
  facet normal 0 0 -1
    outer loop
      vertex 40.167020954191685 36.467890687286854 73.1
      vertex 39.33179011195898 38.46156147122383 73.1
      vertex 40.119143433868885 36.693136759102345 73.1
    endloop
  endfacet
  facet normal 0.43031837363658176 0.6626321868486301 0.6129801646570378
    outer loop
      vertex 42.912597283258926 35.00331856040635 72.5
      vertex 41.770982500419954 33.43202061316417 75
      vertex 43.075 34.89785300299879 72.5
    endloop
  endfacet
  facet normal 0.35869712035786316 0.703982736708799 0.6129801646570356
    outer loop
      vertex 43.075 34.89785300299879 72.5
      vertex 42.1038844621514 33.21583155142543 75
      vertex 43.24753721030977 34.80994090336119 72.5
    endloop
  endfacet
  facet normal 0.2831459063663291 0.7376203043877123 0.6129801646570374
    outer loop
      vertex 43.24753721030977 34.80994090336119 72.5
      vertex 42.45756066250319 33.035624526465696 75
      vertex 43.428318560406346 34.740545444853964 72.5
    endloop
  endfacet
  facet normal 0.20449248657252617 0.763176349654795 0.6129801646570364
    outer loop
      vertex 43.428318560406346 34.740545444853964 72.5
      vertex 42.82813615101277 32.89337392416119 75
      vertex 43.615363371987144 34.69042693864246 72.5
    endloop
  endfacet
  facet normal 0.12359860430307058 0.780370875130129 0.612980164657038
    outer loop
      vertex 43.615363371987144 34.69042693864246 72.5
      vertex 43.21155082508014 32.79063827187859 75
      vertex 43.80662234295484 34.66013449356869 72.5
    endloop
  endfacet
  facet normal 0.6140217000846631 0.49722496876380934 0.6129801646570378
    outer loop
      vertex 42.50331856040635 35.412597283258926 72.5
      vertex 40.93202061316417 34.270982500419954 75
      vertex 42.62518207286682 35.262108378236114 72.5
    endloop
  endfacet
  facet normal 0.7039827367087977 0.3586971203578626 0.6129801646570372
    outer loop
      vertex 42.39785300299879 35.575 72.5
      vertex 42.30994090336119 35.74753721030977 72.5
      vertex 40.535624526465696 34.95756066250319 75
    endloop
  endfacet
  facet normal 0.737620304387713 0.2831459063663293 0.6129801646570363
    outer loop
      vertex 42.30994090336119 35.74753721030977 72.5
      vertex 42.240545444853964 35.928318560406346 72.5
      vertex 40.39337392416119 35.32813615101277 75
    endloop
  endfacet
  facet normal 0.6626321868486317 0.4303183736365828 0.6129801646570355
    outer loop
      vertex 42.50331856040635 35.412597283258926 72.5
      vertex 42.39785300299879 35.575 72.5
      vertex 40.71583155142543 34.6038844621514 75
    endloop
  endfacet
  facet normal 0.7631763496547938 0.20449248657252583 0.6129801646570378
    outer loop
      vertex 42.240545444853964 35.928318560406346 72.5
      vertex 42.19042693864246 36.115363371987144 72.5
      vertex 40.29063827187859 35.71155082508014 75
    endloop
  endfacet
  facet normal 0.780370875130131 0.12359860430307089 0.6129801646570354
    outer loop
      vertex 42.16013449356869 36.30662234295484 72.5
      vertex 40.228543162923145 36.103603913301534 75
      vertex 42.19042693864246 36.115363371987144 72.5
    endloop
  endfacet
  facet normal 0.7890154939944433 0.04135054986015233 0.6129801646570366
    outer loop
      vertex 42.16013449356869 36.30662234295484 72.5
      vertex 42.15 36.5 72.5
      vertex 40.20776892430279 36.5 75
    endloop
  endfacet
  facet normal 0.7890154939944439 -0.04135054986015237 0.6129801646570358
    outer loop
      vertex 42.15 36.5 72.5
      vertex 42.16013449356869 36.69337765704516 72.5
      vertex 40.228543162923145 36.896396086698466 75
    endloop
  endfacet
  facet normal 0.780370875130129 -0.12359860430307058 0.612980164657038
    outer loop
      vertex 42.16013449356869 36.69337765704516 72.5
      vertex 42.19042693864246 36.884636628012856 72.5
      vertex 40.29063827187859 37.28844917491986 75
    endloop
  endfacet
  facet normal 0.4972249687638095 0.6140217000846633 0.6129801646570373
    outer loop
      vertex 42.762108378236114 35.12518207286682 72.5
      vertex 41.46250212086582 33.68182309908104 75
      vertex 42.912597283258926 35.00331856040635 72.5
    endloop
  endfacet
  facet normal 0.5586838630822585 0.5586838630822585 0.6129801646570373
    outer loop
      vertex 42.62518207286682 35.262108378236114 72.5
      vertex 41.18182309908104 33.96250212086582 75
      vertex 42.762108378236114 35.12518207286682 72.5
    endloop
  endfacet
  facet normal 0.763176349654795 -0.20449248657252617 0.6129801646570364
    outer loop
      vertex 42.19042693864246 36.884636628012856 72.5
      vertex 42.240545444853964 37.071681439593654 72.5
      vertex 40.39337392416119 37.67186384898723 75
    endloop
  endfacet
  facet normal 0.7376203043877123 -0.2831459063663291 0.6129801646570374
    outer loop
      vertex 42.240545444853964 37.071681439593654 72.5
      vertex 42.30994090336119 37.25246278969023 72.5
      vertex 40.535624526465696 38.04243933749681 75
    endloop
  endfacet
  facet normal 0.703982736708799 -0.35869712035786316 0.6129801646570356
    outer loop
      vertex 42.30994090336119 37.25246278969023 72.5
      vertex 42.39785300299879 37.425 72.5
      vertex 40.71583155142543 38.3961155378486 75
    endloop
  endfacet
  facet normal 0.6626321868486302 -0.4303183736365819 0.6129801646570379
    outer loop
      vertex 42.39785300299879 37.425 72.5
      vertex 42.50331856040635 37.587402716741074 72.5
      vertex 40.93202061316417 38.729017499580046 75
    endloop
  endfacet
  facet normal 0.6140217000846633 -0.4972249687638095 0.6129801646570373
    outer loop
      vertex 42.50331856040635 37.587402716741074 72.5
      vertex 42.62518207286682 37.737891621763886 72.5
      vertex 41.18182309908104 39.03749787913418 75
    endloop
  endfacet
  facet normal 0.5586838630822585 -0.5586838630822585 0.6129801646570373
    outer loop
      vertex 42.62518207286682 37.737891621763886 72.5
      vertex 42.762108378236114 37.87481792713318 72.5
      vertex 41.46250212086582 39.31817690091896 75
    endloop
  endfacet
  facet normal 0.49722496876380934 -0.6140217000846631 0.6129801646570378
    outer loop
      vertex 42.762108378236114 37.87481792713318 72.5
      vertex 42.912597283258926 37.99668143959365 72.5
      vertex 41.770982500419954 39.56797938683583 75
    endloop
  endfacet
  facet normal 0.4303183736365828 -0.6626321868486317 0.6129801646570355
    outer loop
      vertex 42.912597283258926 37.99668143959365 72.5
      vertex 43.075 38.10214699700121 72.5
      vertex 42.1038844621514 39.78416844857457 75
    endloop
  endfacet
  facet normal 0.3586971203578624 -0.7039827367087974 0.6129801646570379
    outer loop
      vertex 43.075 38.10214699700121 72.5
      vertex 43.24753721030977 38.19005909663881 72.5
      vertex 42.457560662503184 39.964375473534304 75
    endloop
  endfacet
  facet normal 0.2831459063663293 -0.737620304387713 0.6129801646570363
    outer loop
      vertex 43.24753721030977 38.19005909663881 72.5
      vertex 43.428318560406346 38.259454555146036 72.5
      vertex 42.82813615101277 40.10662607583881 75
    endloop
  endfacet
  facet normal 0.20449248657252583 -0.7631763496547938 0.6129801646570378
    outer loop
      vertex 43.428318560406346 38.259454555146036 72.5
      vertex 43.615363371987144 38.30957306135754 72.5
      vertex 43.21155082508014 40.20936172812141 75
    endloop
  endfacet
  facet normal 0.12359860430307089 -0.780370875130131 0.6129801646570354
    outer loop
      vertex 43.615363371987144 38.30957306135754 72.5
      vertex 43.80662234295484 38.33986550643131 72.5
      vertex 43.603603913301534 40.271456837076855 75
    endloop
  endfacet
  facet normal 0.04135054986015237 0.7890154939944439 0.6129801646570358
    outer loop
      vertex 44 34.65 72.5
      vertex 43.80662234295484 34.66013449356869 72.5
      vertex 43.603603913301534 32.728543162923145 75
    endloop
  endfacet
  facet normal -0.04135054986015233 0.7890154939944433 0.6129801646570366
    outer loop
      vertex 44 34.65 72.5
      vertex 44 32.70776892430279 75
      vertex 44.19337765704516 34.66013449356869 72.5
    endloop
  endfacet
  facet normal -0.12359860430307089 0.780370875130131 0.6129801646570354
    outer loop
      vertex 44.19337765704516 34.66013449356869 72.5
      vertex 44.396396086698466 32.728543162923145 75
      vertex 44.384636628012856 34.69042693864246 72.5
    endloop
  endfacet
  facet normal -0.20449248657252583 0.7631763496547938 0.6129801646570378
    outer loop
      vertex 44.384636628012856 34.69042693864246 72.5
      vertex 44.78844917491986 32.79063827187859 75
      vertex 44.571681439593654 34.740545444853964 72.5
    endloop
  endfacet
  facet normal -0.2831459063663293 0.737620304387713 0.6129801646570363
    outer loop
      vertex 44.571681439593654 34.740545444853964 72.5
      vertex 45.17186384898723 32.89337392416119 75
      vertex 44.75246278969023 34.80994090336119 72.5
    endloop
  endfacet
  facet normal -0.3586971203578626 0.7039827367087977 0.6129801646570372
    outer loop
      vertex 44.75246278969023 34.80994090336119 72.5
      vertex 45.54243933749681 33.035624526465696 75
      vertex 44.925 34.89785300299879 72.5
    endloop
  endfacet
  facet normal -0.4303183736365828 0.6626321868486317 0.6129801646570355
    outer loop
      vertex 44.925 34.89785300299879 72.5
      vertex 45.8961155378486 33.21583155142543 75
      vertex 45.087402716741074 35.00331856040635 72.5
    endloop
  endfacet
  facet normal -0.49722496876380934 0.6140217000846631 0.6129801646570378
    outer loop
      vertex 45.087402716741074 35.00331856040635 72.5
      vertex 46.229017499580046 33.43202061316417 75
      vertex 45.237891621763886 35.12518207286682 72.5
    endloop
  endfacet
  facet normal -0.5586838630822585 0.5586838630822585 0.6129801646570373
    outer loop
      vertex 45.237891621763886 35.12518207286682 72.5
      vertex 46.53749787913418 33.68182309908104 75
      vertex 45.37481792713318 35.262108378236114 72.5
    endloop
  endfacet
  facet normal -0.6140217000846633 0.4972249687638095 0.6129801646570373
    outer loop
      vertex 45.37481792713318 35.262108378236114 72.5
      vertex 46.81817690091896 33.96250212086582 75
      vertex 45.49668143959365 35.412597283258926 72.5
    endloop
  endfacet
  facet normal -0.6626321868486301 0.43031837363658176 0.6129801646570378
    outer loop
      vertex 45.49668143959365 35.412597283258926 72.5
      vertex 47.06797938683583 34.270982500419954 75
      vertex 45.60214699700121 35.575 72.5
    endloop
  endfacet
  facet normal -0.703982736708799 0.35869712035786316 0.6129801646570356
    outer loop
      vertex 45.60214699700121 35.575 72.5
      vertex 47.28416844857457 34.6038844621514 75
      vertex 45.69005909663881 35.74753721030977 72.5
    endloop
  endfacet
  facet normal -0.7376203043877123 0.2831459063663291 0.6129801646570374
    outer loop
      vertex 45.69005909663881 35.74753721030977 72.5
      vertex 47.464375473534304 34.95756066250319 75
      vertex 45.759454555146036 35.928318560406346 72.5
    endloop
  endfacet
  facet normal -0.763176349654795 0.20449248657252617 0.6129801646570364
    outer loop
      vertex 45.759454555146036 35.928318560406346 72.5
      vertex 47.60662607583881 35.32813615101277 75
      vertex 45.80957306135754 36.115363371987144 72.5
    endloop
  endfacet
  facet normal -0.780370875130129 0.12359860430307058 0.612980164657038
    outer loop
      vertex 45.80957306135754 36.115363371987144 72.5
      vertex 47.70936172812141 35.71155082508014 75
      vertex 45.83986550643131 36.30662234295484 72.5
    endloop
  endfacet
  facet normal -0.7890154939944439 0.04135054986015237 0.6129801646570358
    outer loop
      vertex 45.83986550643131 36.30662234295484 72.5
      vertex 47.771456837076855 36.103603913301534 75
      vertex 45.85 36.5 72.5
    endloop
  endfacet
  facet normal -0.780370875130131 -0.12359860430307089 0.6129801646570354
    outer loop
      vertex 45.83986550643131 36.69337765704516 72.5
      vertex 47.771456837076855 36.896396086698466 75
      vertex 45.80957306135754 36.884636628012856 72.5
    endloop
  endfacet
  facet normal -0.7631763496547938 -0.20449248657252583 0.6129801646570378
    outer loop
      vertex 45.80957306135754 36.884636628012856 72.5
      vertex 47.70936172812141 37.28844917491986 75
      vertex 45.759454555146036 37.071681439593654 72.5
    endloop
  endfacet
  facet normal -0.7890154939944433 -0.04135054986015233 0.6129801646570366
    outer loop
      vertex 45.85 36.5 72.5
      vertex 47.79223107569721 36.5 75
      vertex 45.83986550643131 36.69337765704516 72.5
    endloop
  endfacet
  facet normal 0.9986295344686827 0.052335961698072614 0
    outer loop
      vertex 49.9671313688159 37.12717077881098 70
      vertex 49.9671313688159 37.12717077881098 75
      vertex 50 36.5 75
    endloop
  endfacet
  facet normal 0.04135054986015233 -0.7890154939944433 0.6129801646570366
    outer loop
      vertex 43.80662234295484 38.33986550643131 72.5
      vertex 44 38.35 72.5
      vertex 44 40.29223107569721 75
    endloop
  endfacet
  facet normal -0.04135054986015237 -0.7890154939944439 0.6129801646570358
    outer loop
      vertex 44 38.35 72.5
      vertex 44.19337765704516 38.33986550643131 72.5
      vertex 44.396396086698466 40.271456837076855 75
    endloop
  endfacet
  facet normal -0.12359860430307058 -0.780370875130129 0.612980164657038
    outer loop
      vertex 44.19337765704516 38.33986550643131 72.5
      vertex 44.384636628012856 38.30957306135754 72.5
      vertex 44.78844917491986 40.20936172812141 75
    endloop
  endfacet
  facet normal -0.20449248657252617 -0.763176349654795 0.6129801646570364
    outer loop
      vertex 44.384636628012856 38.30957306135754 72.5
      vertex 44.571681439593654 38.259454555146036 72.5
      vertex 45.17186384898723 40.10662607583881 75
    endloop
  endfacet
  facet normal -0.2831459063663291 -0.7376203043877123 0.6129801646570374
    outer loop
      vertex 44.571681439593654 38.259454555146036 72.5
      vertex 44.75246278969023 38.19005909663881 72.5
      vertex 45.54243933749681 39.964375473534304 75
    endloop
  endfacet
  facet normal -0.35869712035786316 -0.703982736708799 0.6129801646570356
    outer loop
      vertex 44.925 38.10214699700121 72.5
      vertex 45.8961155378486 39.78416844857457 75
      vertex 44.75246278969023 38.19005909663881 72.5
    endloop
  endfacet
  facet normal -0.4972249687638095 -0.6140217000846633 0.6129801646570373
    outer loop
      vertex 45.087402716741074 37.99668143959365 72.5
      vertex 45.237891621763886 37.87481792713318 72.5
      vertex 46.53749787913418 39.31817690091896 75
    endloop
  endfacet
  facet normal -0.6140217000846631 -0.49722496876380934 0.6129801646570378
    outer loop
      vertex 45.37481792713318 37.737891621763886 72.5
      vertex 45.49668143959365 37.587402716741074 72.5
      vertex 47.06797938683583 38.729017499580046 75
    endloop
  endfacet
  facet normal -0.5586838630822585 -0.5586838630822585 0.6129801646570373
    outer loop
      vertex 45.37481792713318 37.737891621763886 72.5
      vertex 46.81817690091896 39.03749787913418 75
      vertex 45.237891621763886 37.87481792713318 72.5
    endloop
  endfacet
  facet normal -0.737620304387713 -0.2831459063663293 0.6129801646570363
    outer loop
      vertex 45.759454555146036 37.071681439593654 72.5
      vertex 47.60662607583881 37.67186384898723 75
      vertex 45.69005909663881 37.25246278969023 72.5
    endloop
  endfacet
  facet normal -0.7039827367087977 -0.3586971203578626 0.6129801646570372
    outer loop
      vertex 45.69005909663881 37.25246278969023 72.5
      vertex 47.464375473534304 38.04243933749681 75
      vertex 45.60214699700121 37.425 72.5
    endloop
  endfacet
  facet normal -0.6626321868486317 -0.4303183736365828 0.6129801646570355
    outer loop
      vertex 45.60214699700121 37.425 72.5
      vertex 47.28416844857457 38.3961155378486 75
      vertex 45.49668143959365 37.587402716741074 72.5
    endloop
  endfacet
  facet normal -0.4303183736365819 -0.6626321868486302 0.6129801646570379
    outer loop
      vertex 44.925 38.10214699700121 72.5
      vertex 45.087402716741074 37.99668143959365 72.5
      vertex 46.229017499580046 39.56797938683583 75
    endloop
  endfacet
  facet normal 0.052335961698072614 0.9986295344686827 0
    outer loop
      vertex 44 42.5 70
      vertex 44 42.5 75
      vertex 44.62717077881098 42.4671313688159 75
    endloop
  endfacet
  facet normal 0.15643445553477123 0.9876883421006546 0
    outer loop
      vertex 44.62717077881098 42.4671313688159 70
      vertex 44.62717077881098 42.4671313688159 75
      vertex 45.247470147907734 42.36888560652733 75
    endloop
  endfacet
  facet normal 0.25881904950851087 0.9659258251084867 0
    outer loop
      vertex 45.247470147907734 42.36888560652733 70
      vertex 45.247470147907734 42.36888560652733 75
      vertex 45.854101963341236 42.206339098513126 75
    endloop
  endfacet
  facet normal 0.3583679532441575 0.9335804250773435 0
    outer loop
      vertex 45.854101963341236 42.206339098513126 70
      vertex 45.854101963341236 42.206339098513126 75
      vertex 46.44041986018419 41.981272742152214 75
    endloop
  endfacet
  facet normal 0.4539904916265432 0.8910065283221495 0
    outer loop
      vertex 46.44041986018419 41.981272742152214 70
      vertex 46.44041986018419 41.981272742152214 75
      vertex 47 41.69615242630243 75
    endloop
  endfacet
  facet normal 0.9876883421006546 0.15643445553477123 0
    outer loop
      vertex 49.86888560652733 37.747470147907734 70
      vertex 49.86888560652733 37.747470147907734 75
      vertex 49.9671313688159 37.12717077881098 75
    endloop
  endfacet
  facet normal 0.9659258251084867 0.25881904950851087 0
    outer loop
      vertex 49.706339098513126 38.354101963341236 70
      vertex 49.706339098513126 38.354101963341236 75
      vertex 49.86888560652733 37.747470147907734 75
    endloop
  endfacet
  facet normal 0.9335804250773435 0.3583679532441575 0
    outer loop
      vertex 49.481272742152214 38.94041986018419 70
      vertex 49.481272742152214 38.94041986018419 75
      vertex 49.706339098513126 38.354101963341236 75
    endloop
  endfacet
  facet normal 0.8910065283221495 0.4539904916265432 0
    outer loop
      vertex 49.19615242630243 39.5 70
      vertex 49.19615242630243 39.5 75
      vertex 49.481272742152214 38.94041986018419 75
    endloop
  endfacet
  facet normal 0.7071067811865476 0.7071067811865476 0
    outer loop
      vertex 48.01478363573551 40.95886895060539 70
      vertex 48.01478363573551 40.95886895060539 75
      vertex 48.45886895060539 40.51478363573551 75
    endloop
  endfacet
  facet normal 0.5446390406067345 0.8386705643141267 0
    outer loop
      vertex 47 41.69615242630243 70
      vertex 47 41.69615242630243 75
      vertex 47.52671151608229 41.354101963341236 75
    endloop
  endfacet
  facet normal 0.6293203941204519 0.7771459589704363 0
    outer loop
      vertex 47.52671151608229 41.354101963341236 70
      vertex 47.52671151608229 41.354101963341236 75
      vertex 48.01478363573551 40.95886895060539 75
    endloop
  endfacet
  facet normal 0.7771459589704363 0.6293203941204519 0
    outer loop
      vertex 48.45886895060539 40.51478363573551 70
      vertex 48.45886895060539 40.51478363573551 75
      vertex 48.854101963341236 40.02671151608229 75
    endloop
  endfacet
  facet normal 0.8386705643141267 0.5446390406067345 0
    outer loop
      vertex 48.854101963341236 40.02671151608229 70
      vertex 48.854101963341236 40.02671151608229 75
      vertex 49.19615242630243 39.5 75
    endloop
  endfacet
  facet normal 0.6140217000846602 0.49722496876381317 0.6129801646570373
    outer loop
      vertex 42.62518207286682 35.262108378236114 72.5
      vertex 40.93202061316417 34.270982500419954 75
      vertex 41.18182309908104 33.96250212086582 75
    endloop
  endfacet
  facet normal 0.497224968763813 0.61402170008466 0.6129801646570378
    outer loop
      vertex 42.912597283258926 35.00331856040635 72.5
      vertex 41.46250212086582 33.68182309908104 75
      vertex 41.770982500419954 33.43202061316417 75
    endloop
  endfacet
  facet normal 0.5586838630822585 0.5586838630822585 0.6129801646570372
    outer loop
      vertex 42.762108378236114 35.12518207286682 72.5
      vertex 41.18182309908104 33.96250212086582 75
      vertex 41.46250212086582 33.68182309908104 75
    endloop
  endfacet
  facet normal 0.4303183736365638 0.6626321868486437 0.6129801646570361
    outer loop
      vertex 43.075 34.89785300299879 72.5
      vertex 41.770982500419954 33.43202061316417 75
      vertex 42.1038844621514 33.21583155142543 75
    endloop
  endfacet
  facet normal 0.35869712035787743 0.7039827367087906 0.6129801646570368
    outer loop
      vertex 43.24753721030977 34.80994090336119 72.5
      vertex 42.1038844621514 33.21583155142543 75
      vertex 42.45756066250319 33.035624526465696 75
    endloop
  endfacet
  facet normal 0.28314590636631976 0.7376203043877165 0.6129801646570366
    outer loop
      vertex 43.428318560406346 34.740545444853964 72.5
      vertex 42.45756066250319 33.035624526465696 75
      vertex 42.82813615101277 32.89337392416119 75
    endloop
  endfacet
  facet normal 0.2044924865725404 0.7631763496547903 0.6129801646570374
    outer loop
      vertex 43.615363371987144 34.69042693864246 72.5
      vertex 42.82813615101277 32.89337392416119 75
      vertex 43.21155082508014 32.79063827187859 75
    endloop
  endfacet
  facet normal 0.12359860430304488 0.7803708751301347 0.6129801646570361
    outer loop
      vertex 43.80662234295484 34.66013449356869 72.5
      vertex 43.21155082508014 32.79063827187859 75
      vertex 43.603603913301534 32.728543162923145 75
    endloop
  endfacet
  facet normal 0.6626321868486429 0.43031837363656333 0.6129801646570372
    outer loop
      vertex 42.50331856040635 35.412597283258926 72.5
      vertex 40.71583155142543 34.6038844621514 75
      vertex 40.93202061316417 34.270982500419954 75
    endloop
  endfacet
  facet normal 0.7039827367087911 0.35869712035787765 0.612980164657036
    outer loop
      vertex 42.39785300299879 35.575 72.5
      vertex 40.535624526465696 34.95756066250319 75
      vertex 40.71583155142543 34.6038844621514 75
    endloop
  endfacet
  facet normal 0.7631763496547908 0.20449248657254052 0.6129801646570368
    outer loop
      vertex 42.240545444853964 35.928318560406346 72.5
      vertex 40.29063827187859 35.71155082508014 75
      vertex 40.39337392416119 35.32813615101277 75
    endloop
  endfacet
  facet normal 0.7376203043877161 0.2831459063663196 0.6129801646570372
    outer loop
      vertex 42.30994090336119 35.74753721030977 72.5
      vertex 40.39337392416119 35.32813615101277 75
      vertex 40.535624526465696 34.95756066250319 75
    endloop
  endfacet
  facet normal 0.7803708751301337 0.12359860430304473 0.6129801646570373
    outer loop
      vertex 42.19042693864246 36.115363371987144 72.5
      vertex 40.228543162923145 36.103603913301534 75
      vertex 40.29063827187859 35.71155082508014 75
    endloop
  endfacet
  facet normal 0.7890154939944433 0.041350549860161276 0.612980164657036
    outer loop
      vertex 42.16013449356869 36.30662234295484 72.5
      vertex 40.20776892430279 36.5 75
      vertex 40.228543162923145 36.103603913301534 75
    endloop
  endfacet
  facet normal 0.789015493994443 -0.04135054986016126 0.6129801646570364
    outer loop
      vertex 42.15 36.5 72.5
      vertex 40.228543162923145 36.896396086698466 75
      vertex 40.20776892430279 36.5 75
    endloop
  endfacet
  facet normal 0.7803708751301347 -0.12359860430304488 0.6129801646570361
    outer loop
      vertex 42.16013449356869 36.69337765704516 72.5
      vertex 40.29063827187859 37.28844917491986 75
      vertex 40.228543162923145 36.896396086698466 75
    endloop
  endfacet
  facet normal 0.7631763496547903 -0.2044924865725404 0.6129801646570374
    outer loop
      vertex 42.19042693864246 36.884636628012856 72.5
      vertex 40.39337392416119 37.67186384898723 75
      vertex 40.29063827187859 37.28844917491986 75
    endloop
  endfacet
  facet normal 0.7376203043877165 -0.28314590636631976 0.6129801646570366
    outer loop
      vertex 42.240545444853964 37.071681439593654 72.5
      vertex 40.535624526465696 38.04243933749681 75
      vertex 40.39337392416119 37.67186384898723 75
    endloop
  endfacet
  facet normal 0.7039827367087906 -0.35869712035787743 0.6129801646570368
    outer loop
      vertex 42.30994090336119 37.25246278969023 72.5
      vertex 40.71583155142543 38.3961155378486 75
      vertex 40.535624526465696 38.04243933749681 75
    endloop
  endfacet
  facet normal 0.6626321868486437 -0.4303183736365638 0.6129801646570361
    outer loop
      vertex 42.39785300299879 37.425 72.5
      vertex 40.93202061316417 38.729017499580046 75
      vertex 40.71583155142543 38.3961155378486 75
    endloop
  endfacet
  facet normal 0.61402170008466 -0.497224968763813 0.6129801646570378
    outer loop
      vertex 42.50331856040635 37.587402716741074 72.5
      vertex 41.18182309908104 39.03749787913418 75
      vertex 40.93202061316417 38.729017499580046 75
    endloop
  endfacet
  facet normal 0.5586838630822585 -0.5586838630822585 0.6129801646570372
    outer loop
      vertex 42.62518207286682 37.737891621763886 72.5
      vertex 41.46250212086582 39.31817690091896 75
      vertex 41.18182309908104 39.03749787913418 75
    endloop
  endfacet
  facet normal 0.49722496876381317 -0.6140217000846602 0.6129801646570373
    outer loop
      vertex 42.762108378236114 37.87481792713318 72.5
      vertex 41.770982500419954 39.56797938683583 75
      vertex 41.46250212086582 39.31817690091896 75
    endloop
  endfacet
  facet normal 0.43031837363656333 -0.6626321868486429 0.6129801646570372
    outer loop
      vertex 42.912597283258926 37.99668143959365 72.5
      vertex 42.1038844621514 39.78416844857457 75
      vertex 41.770982500419954 39.56797938683583 75
    endloop
  endfacet
  facet normal 0.35869712035788337 -0.7039827367087882 0.6129801646570362
    outer loop
      vertex 43.075 38.10214699700121 72.5
      vertex 42.457560662503184 39.964375473534304 75
      vertex 42.1038844621514 39.78416844857457 75
    endloop
  endfacet
  facet normal 0.2831459063663147 -0.7376203043877176 0.6129801646570374
    outer loop
      vertex 43.24753721030977 38.19005909663881 72.5
      vertex 42.82813615101277 40.10662607583881 75
      vertex 42.457560662503184 39.964375473534304 75
    endloop
  endfacet
  facet normal 0.20449248657254052 -0.7631763496547908 0.6129801646570368
    outer loop
      vertex 43.428318560406346 38.259454555146036 72.5
      vertex 43.21155082508014 40.20936172812141 75
      vertex 42.82813615101277 40.10662607583881 75
    endloop
  endfacet
  facet normal 0.12359860430304473 -0.7803708751301337 0.6129801646570373
    outer loop
      vertex 43.615363371987144 38.30957306135754 72.5
      vertex 43.603603913301534 40.271456837076855 75
      vertex 43.21155082508014 40.20936172812141 75
    endloop
  endfacet
  facet normal 0.04135054986016126 0.789015493994443 0.6129801646570364
    outer loop
      vertex 44 34.65 72.5
      vertex 43.603603913301534 32.728543162923145 75
      vertex 44 32.70776892430279 75
    endloop
  endfacet
  facet normal -0.041350549860161276 0.7890154939944433 0.612980164657036
    outer loop
      vertex 44.19337765704516 34.66013449356869 72.5
      vertex 44 32.70776892430279 75
      vertex 44.396396086698466 32.728543162923145 75
    endloop
  endfacet
  facet normal -0.12359860430304473 0.7803708751301337 0.6129801646570373
    outer loop
      vertex 44.384636628012856 34.69042693864246 72.5
      vertex 44.396396086698466 32.728543162923145 75
      vertex 44.78844917491986 32.79063827187859 75
    endloop
  endfacet
  facet normal -0.20449248657254052 0.7631763496547908 0.6129801646570368
    outer loop
      vertex 44.571681439593654 34.740545444853964 72.5
      vertex 44.78844917491986 32.79063827187859 75
      vertex 45.17186384898723 32.89337392416119 75
    endloop
  endfacet
  facet normal -0.2831459063663196 0.7376203043877161 0.6129801646570372
    outer loop
      vertex 44.75246278969023 34.80994090336119 72.5
      vertex 45.17186384898723 32.89337392416119 75
      vertex 45.54243933749681 33.035624526465696 75
    endloop
  endfacet
  facet normal -0.35869712035787765 0.7039827367087911 0.612980164657036
    outer loop
      vertex 44.925 34.89785300299879 72.5
      vertex 45.54243933749681 33.035624526465696 75
      vertex 45.8961155378486 33.21583155142543 75
    endloop
  endfacet
  facet normal -0.43031837363656333 0.6626321868486429 0.6129801646570372
    outer loop
      vertex 45.087402716741074 35.00331856040635 72.5
      vertex 45.8961155378486 33.21583155142543 75
      vertex 46.229017499580046 33.43202061316417 75
    endloop
  endfacet
  facet normal -0.49722496876381317 0.6140217000846602 0.6129801646570373
    outer loop
      vertex 45.237891621763886 35.12518207286682 72.5
      vertex 46.229017499580046 33.43202061316417 75
      vertex 46.53749787913418 33.68182309908104 75
    endloop
  endfacet
  facet normal -0.5586838630822585 0.5586838630822585 0.6129801646570372
    outer loop
      vertex 45.37481792713318 35.262108378236114 72.5
      vertex 46.53749787913418 33.68182309908104 75
      vertex 46.81817690091896 33.96250212086582 75
    endloop
  endfacet
  facet normal -0.61402170008466 0.497224968763813 0.6129801646570378
    outer loop
      vertex 45.49668143959365 35.412597283258926 72.5
      vertex 46.81817690091896 33.96250212086582 75
      vertex 47.06797938683583 34.270982500419954 75
    endloop
  endfacet
  facet normal -0.6626321868486437 0.4303183736365638 0.6129801646570361
    outer loop
      vertex 45.60214699700121 35.575 72.5
      vertex 47.06797938683583 34.270982500419954 75
      vertex 47.28416844857457 34.6038844621514 75
    endloop
  endfacet
  facet normal -0.7039827367087906 0.35869712035787743 0.6129801646570368
    outer loop
      vertex 45.69005909663881 35.74753721030977 72.5
      vertex 47.28416844857457 34.6038844621514 75
      vertex 47.464375473534304 34.95756066250319 75
    endloop
  endfacet
  facet normal -0.7376203043877165 0.28314590636631976 0.6129801646570366
    outer loop
      vertex 45.759454555146036 35.928318560406346 72.5
      vertex 47.464375473534304 34.95756066250319 75
      vertex 47.60662607583881 35.32813615101277 75
    endloop
  endfacet
  facet normal -0.7631763496547903 0.2044924865725404 0.6129801646570374
    outer loop
      vertex 45.80957306135754 36.115363371987144 72.5
      vertex 47.60662607583881 35.32813615101277 75
      vertex 47.70936172812141 35.71155082508014 75
    endloop
  endfacet
  facet normal -0.7803708751301347 0.12359860430304488 0.6129801646570361
    outer loop
      vertex 45.83986550643131 36.30662234295484 72.5
      vertex 47.70936172812141 35.71155082508014 75
      vertex 47.771456837076855 36.103603913301534 75
    endloop
  endfacet
  facet normal -0.789015493994443 0.04135054986016126 0.6129801646570364
    outer loop
      vertex 45.85 36.5 72.5
      vertex 47.771456837076855 36.103603913301534 75
      vertex 47.79223107569721 36.5 75
    endloop
  endfacet
  facet normal -0.7890154939944433 -0.041350549860161276 0.612980164657036
    outer loop
      vertex 45.83986550643131 36.69337765704516 72.5
      vertex 47.79223107569721 36.5 75
      vertex 47.771456837076855 36.896396086698466 75
    endloop
  endfacet
  facet normal -0.7803708751301337 -0.12359860430304473 0.6129801646570373
    outer loop
      vertex 45.80957306135754 36.884636628012856 72.5
      vertex 47.771456837076855 36.896396086698466 75
      vertex 47.70936172812141 37.28844917491986 75
    endloop
  endfacet
  facet normal 0.041350549860161276 -0.7890154939944433 0.612980164657036
    outer loop
      vertex 43.80662234295484 38.33986550643131 72.5
      vertex 44 40.29223107569721 75
      vertex 43.603603913301534 40.271456837076855 75
    endloop
  endfacet
  facet normal -0.04135054986016126 -0.789015493994443 0.6129801646570364
    outer loop
      vertex 44 38.35 72.5
      vertex 44.396396086698466 40.271456837076855 75
      vertex 44 40.29223107569721 75
    endloop
  endfacet
  facet normal -0.12359860430304488 -0.7803708751301347 0.6129801646570361
    outer loop
      vertex 44.19337765704516 38.33986550643131 72.5
      vertex 44.78844917491986 40.20936172812141 75
      vertex 44.396396086698466 40.271456837076855 75
    endloop
  endfacet
  facet normal -0.2044924865725404 -0.7631763496547903 0.6129801646570374
    outer loop
      vertex 44.384636628012856 38.30957306135754 72.5
      vertex 45.17186384898723 40.10662607583881 75
      vertex 44.78844917491986 40.20936172812141 75
    endloop
  endfacet
  facet normal -0.28314590636631976 -0.7376203043877165 0.6129801646570366
    outer loop
      vertex 44.571681439593654 38.259454555146036 72.5
      vertex 45.54243933749681 39.964375473534304 75
      vertex 45.17186384898723 40.10662607583881 75
    endloop
  endfacet
  facet normal -0.6140217000846602 -0.49722496876381317 0.6129801646570373
    outer loop
      vertex 45.37481792713318 37.737891621763886 72.5
      vertex 47.06797938683583 38.729017499580046 75
      vertex 46.81817690091896 39.03749787913418 75
    endloop
  endfacet
  facet normal -0.7039827367087911 -0.35869712035787765 0.612980164657036
    outer loop
      vertex 45.60214699700121 37.425 72.5
      vertex 47.464375473534304 38.04243933749681 75
      vertex 47.28416844857457 38.3961155378486 75
    endloop
  endfacet
  facet normal -0.6626321868486429 -0.43031837363656333 0.6129801646570372
    outer loop
      vertex 45.49668143959365 37.587402716741074 72.5
      vertex 47.28416844857457 38.3961155378486 75
      vertex 47.06797938683583 38.729017499580046 75
    endloop
  endfacet
  facet normal -0.4303183736365638 -0.6626321868486437 0.6129801646570361
    outer loop
      vertex 44.925 38.10214699700121 72.5
      vertex 46.229017499580046 39.56797938683583 75
      vertex 45.8961155378486 39.78416844857457 75
    endloop
  endfacet
  facet normal -0.497224968763813 -0.61402170008466 0.6129801646570378
    outer loop
      vertex 45.087402716741074 37.99668143959365 72.5
      vertex 46.53749787913418 39.31817690091896 75
      vertex 46.229017499580046 39.56797938683583 75
    endloop
  endfacet
  facet normal -0.35869712035787743 -0.7039827367087906 0.6129801646570368
    outer loop
      vertex 44.75246278969023 38.19005909663881 72.5
      vertex 45.8961155378486 39.78416844857457 75
      vertex 45.54243933749681 39.964375473534304 75
    endloop
  endfacet
  facet normal -0.5586838630822585 -0.5586838630822585 0.6129801646570372
    outer loop
      vertex 45.237891621763886 37.87481792713318 72.5
      vertex 46.81817690091896 39.03749787913418 75
      vertex 46.53749787913418 39.31817690091896 75
    endloop
  endfacet
  facet normal -0.7631763496547908 -0.20449248657254052 0.6129801646570368
    outer loop
      vertex 45.759454555146036 37.071681439593654 72.5
      vertex 47.70936172812141 37.28844917491986 75
      vertex 47.60662607583881 37.67186384898723 75
    endloop
  endfacet
  facet normal -0.7376203043877161 -0.2831459063663196 0.6129801646570372
    outer loop
      vertex 45.69005909663881 37.25246278969023 72.5
      vertex 47.60662607583881 37.67186384898723 75
      vertex 47.464375473534304 38.04243933749681 75
    endloop
  endfacet
  facet normal 0 0 1
    outer loop
      vertex 50 36.5 75
      vertex 47.28416844857457 34.6038844621514 75
      vertex 47.06797938683583 34.270982500419954 75
    endloop
  endfacet
  facet normal 0 0 1
    outer loop
      vertex 50 36.5 75
      vertex 47.464375473534304 34.95756066250319 75
      vertex 47.28416844857457 34.6038844621514 75
    endloop
  endfacet
  facet normal 0 0 1
    outer loop
      vertex 50 36.5 75
      vertex 47.60662607583881 35.32813615101277 75
      vertex 47.464375473534304 34.95756066250319 75
    endloop
  endfacet
  facet normal 0 0 1
    outer loop
      vertex 49.9671313688159 37.12717077881098 75
      vertex 47.70936172812141 35.71155082508014 75
      vertex 47.60662607583881 35.32813615101277 75
    endloop
  endfacet
  facet normal 0 0 1
    outer loop
      vertex 49.9671313688159 37.12717077881098 75
      vertex 47.771456837076855 36.103603913301534 75
      vertex 47.70936172812141 35.71155082508014 75
    endloop
  endfacet
  facet normal 0 0 1
    outer loop
      vertex 50 36.5 75
      vertex 49.9671313688159 37.12717077881098 75
      vertex 47.60662607583881 35.32813615101277 75
    endloop
  endfacet
  facet normal 0 0 1
    outer loop
      vertex 49.86888560652733 37.747470147907734 75
      vertex 47.79223107569721 36.5 75
      vertex 47.771456837076855 36.103603913301534 75
    endloop
  endfacet
  facet normal 0 0 1
    outer loop
      vertex 49.86888560652733 37.747470147907734 75
      vertex 47.771456837076855 36.896396086698466 75
      vertex 47.79223107569721 36.5 75
    endloop
  endfacet
  facet normal 0 0 1
    outer loop
      vertex 49.9671313688159 37.12717077881098 75
      vertex 49.86888560652733 37.747470147907734 75
      vertex 47.771456837076855 36.103603913301534 75
    endloop
  endfacet
  facet normal 0 0 1
    outer loop
      vertex 48.45886895060539 40.51478363573551 75
      vertex 44 40.29223107569721 75
      vertex 44.396396086698466 40.271456837076855 75
    endloop
  endfacet
  facet normal 0 0 1
    outer loop
      vertex 48.45886895060539 40.51478363573551 75
      vertex 44.396396086698466 40.271456837076855 75
      vertex 44.78844917491986 40.20936172812141 75
    endloop
  endfacet
  facet normal 0 0 1
    outer loop
      vertex 48.45886895060539 40.51478363573551 75
      vertex 44.78844917491986 40.20936172812141 75
      vertex 45.17186384898723 40.10662607583881 75
    endloop
  endfacet
  facet normal 0 0 1
    outer loop
      vertex 48.45886895060539 40.51478363573551 75
      vertex 45.17186384898723 40.10662607583881 75
      vertex 45.54243933749681 39.964375473534304 75
    endloop
  endfacet
  facet normal 0 0 1
    outer loop
      vertex 48.854101963341236 40.02671151608229 75
      vertex 45.54243933749681 39.964375473534304 75
      vertex 45.8961155378486 39.78416844857457 75
    endloop
  endfacet
  facet normal 0 0 1
    outer loop
      vertex 49.86888560652733 37.747470147907734 75
      vertex 47.60662607583881 37.67186384898723 75
      vertex 47.70936172812141 37.28844917491986 75
    endloop
  endfacet
  facet normal 0 0 1
    outer loop
      vertex 49.706339098513126 38.354101963341236 75
      vertex 47.464375473534304 38.04243933749681 75
      vertex 47.60662607583881 37.67186384898723 75
    endloop
  endfacet
  facet normal 0 0 1
    outer loop
      vertex 49.481272742152214 38.94041986018419 75
      vertex 47.28416844857457 38.3961155378486 75
      vertex 47.464375473534304 38.04243933749681 75
    endloop
  endfacet
  facet normal 0 0 1
    outer loop
      vertex 48.854101963341236 40.02671151608229 75
      vertex 45.8961155378486 39.78416844857457 75
      vertex 46.229017499580046 39.56797938683583 75
    endloop
  endfacet
  facet normal 0 0 1
    outer loop
      vertex 48.854101963341236 40.02671151608229 75
      vertex 46.229017499580046 39.56797938683583 75
      vertex 46.53749787913418 39.31817690091896 75
    endloop
  endfacet
  facet normal 0 0 1
    outer loop
      vertex 49.19615242630243 39.5 75
      vertex 46.53749787913418 39.31817690091896 75
      vertex 46.81817690091896 39.03749787913418 75
    endloop
  endfacet
  facet normal 0 0 1
    outer loop
      vertex 49.481272742152214 38.94041986018419 75
      vertex 47.06797938683583 38.729017499580046 75
      vertex 47.28416844857457 38.3961155378486 75
    endloop
  endfacet
  facet normal 0 0 1
    outer loop
      vertex 49.19615242630243 39.5 75
      vertex 46.81817690091896 39.03749787913418 75
      vertex 47.06797938683583 38.729017499580046 75
    endloop
  endfacet
  facet normal 0 0 1
    outer loop
      vertex 49.19615242630243 39.5 75
      vertex 48.854101963341236 40.02671151608229 75
      vertex 46.53749787913418 39.31817690091896 75
    endloop
  endfacet
  facet normal 0 0 1
    outer loop
      vertex 49.86888560652733 37.747470147907734 75
      vertex 47.70936172812141 37.28844917491986 75
      vertex 47.771456837076855 36.896396086698466 75
    endloop
  endfacet
  facet normal 0 0 1
    outer loop
      vertex 49.86888560652733 37.747470147907734 75
      vertex 49.706339098513126 38.354101963341236 75
      vertex 47.60662607583881 37.67186384898723 75
    endloop
  endfacet
  facet normal 0 0 1
    outer loop
      vertex 49.706339098513126 38.354101963341236 75
      vertex 49.481272742152214 38.94041986018419 75
      vertex 47.464375473534304 38.04243933749681 75
    endloop
  endfacet
  facet normal 0 0 1
    outer loop
      vertex 49.19615242630243 39.5 75
      vertex 47.06797938683583 38.729017499580046 75
      vertex 49.481272742152214 38.94041986018419 75
    endloop
  endfacet
  facet normal 0 0 1
    outer loop
      vertex 48.854101963341236 40.02671151608229 75
      vertex 48.45886895060539 40.51478363573551 75
      vertex 45.54243933749681 39.964375473534304 75
    endloop
  endfacet
endsolid OpenSCAD_Model
