solid OpenSCAD_Model
  facet normal 0 0 -1
    outer loop
      vertex -19.262831069394736 -15.93559974371724 -10
      vertex -20.225424859373685 -14.694631307311829 -10
      vertex -19.00136810178641 -8.941365122866522 -10
    endloop
  endfacet
  facet normal 0 0 -1
    outer loop
      vertex -14.694631307311829 -20.225424859373685 -10
      vertex -13.385903784722482 -16.180778098291576 -10
      vertex -13.395669874474919 -21.108198137550374 -10
    endloop
  endfacet
  facet normal 0 0 -1
    outer loop
      vertex -18.22421568553529 -17.113677648217212 -10
      vertex -16.989356881873896 -12.343490298141935 -10
      vertex -17.113677648217212 -18.22421568553529 -10
    endloop
  endfacet
  facet normal 0 0 -1
    outer loop
      vertex -15.93559974371724 -19.262831069394736 -10
      vertex -17.113677648217212 -18.22421568553529 -10
      vertex -15.308341175849645 -14.37548922450246 -10
    endloop
  endfacet
  facet normal 0 0 -1
    outer loop
      vertex -19.262831069394736 -15.93559974371724 -10
      vertex -17.730886435542313 -11.252362694558933 -10
      vertex -18.22421568553529 -17.113677648217212 -10
    endloop
  endfacet
  facet normal 0 0 -1
    outer loop
      vertex -18.22421568553529 -17.113677648217212 -10
      vertex -17.730886435542313 -11.252362694558933 -10
      vertex -16.989356881873896 -12.343490298141935 -10
    endloop
  endfacet
  facet normal 0 0 -1
    outer loop
      vertex -17.113677648217212 -18.22421568553529 -10
      vertex -16.989356881873896 -12.343490298141935 -10
      vertex -16.180778098291576 -13.385903784722482 -10
    endloop
  endfacet
  facet normal 0 0 -1
    outer loop
      vertex -17.113677648217212 -18.22421568553529 -10
      vertex -16.180778098291576 -13.385903784722482 -10
      vertex -15.308341175849645 -14.37548922450246 -10
    endloop
  endfacet
  facet normal 0 0 -1
    outer loop
      vertex -15.93559974371724 -19.262831069394736 -10
      vertex -14.37548922450246 -15.308341175849645 -10
      vertex -14.694631307311829 -20.225424859373685 -10
    endloop
  endfacet
  facet normal 0 0 -1
    outer loop
      vertex -14.694631307311829 -20.225424859373685 -10
      vertex -14.37548922450246 -15.308341175849645 -10
      vertex -13.385903784722482 -16.180778098291576 -10
    endloop
  endfacet
  facet normal 0 0 -1
    outer loop
      vertex -15.93559974371724 -19.262831069394736 -10
      vertex -15.308341175849645 -14.37548922450246 -10
      vertex -14.37548922450246 -15.308341175849645 -10
    endloop
  endfacet
  facet normal 0 0 -1
    outer loop
      vertex -13.395669874474919 -21.108198137550374 -10
      vertex -13.385903784722482 -16.180778098291576 -10
      vertex -12.343490298141935 -16.989356881873896 -10
    endloop
  endfacet
  facet normal -0.7501110696304586 -0.661311865323653 0
    outer loop
      vertex -19.262831069394736 -15.93559974371724 -10
      vertex -18.22421568553529 -17.113677648217212 -10
      vertex -19.262831069394736 -15.93559974371724 10
    endloop
  endfacet
  facet normal -0.8270805742745619 -0.5620833778521305 0
    outer loop
      vertex -21.108198137550374 -13.395669874474919 -10
      vertex -20.225424859373685 -14.694631307311829 -10
      vertex -21.108198137550374 -13.395669874474919 10
    endloop
  endfacet
  facet normal -0.7901550123756913 -0.6129070536529754 0
    outer loop
      vertex -19.262831069394736 -15.93559974371724 -10
      vertex -20.225424859373685 -14.694631307311829 10
      vertex -20.225424859373685 -14.694631307311829 -10
    endloop
  endfacet
  facet normal -0.661311865323653 -0.7501110696304586 0
    outer loop
      vertex -15.93559974371724 -19.262831069394736 -10
      vertex -15.93559974371724 -19.262831069394736 10
      vertex -17.113677648217212 -18.22421568553529 -10
    endloop
  endfacet
  facet normal -0.6129070536529754 -0.7901550123756913 0
    outer loop
      vertex -15.93559974371724 -19.262831069394736 -10
      vertex -14.694631307311829 -20.225424859373685 -10
      vertex -14.694631307311829 -20.225424859373685 10
    endloop
  endfacet
  facet normal -0.5620833778521305 -0.8270805742745619 0
    outer loop
      vertex -14.694631307311829 -20.225424859373685 -10
      vertex -13.395669874474919 -21.108198137550374 -10
      vertex -13.395669874474919 -21.108198137550374 10
    endloop
  endfacet
  facet normal -0.7071067811865475 -0.7071067811865475 0
    outer loop
      vertex -18.22421568553529 -17.113677648217212 -10
      vertex -17.113677648217212 -18.22421568553529 -10
      vertex -18.22421568553529 -17.113677648217212 10
    endloop
  endfacet
  facet normal 0 0 -1
    outer loop
      vertex -21.108198137550374 -13.395669874474919 -10
      vertex -19.972186842198223 -6.489356881873896 -10
      vertex -20.225424859373685 -14.694631307311829 -10
    endloop
  endfacet
  facet normal 0 0 -1
    outer loop
      vertex -19.262831069394736 -15.93559974371724 -10
      vertex -19.00136810178641 -8.941365122866522 -10
      vertex -18.402440280921134 -10.116827156136022 -10
    endloop
  endfacet
  facet normal 0 0 -1
    outer loop
      vertex -20.225424859373685 -14.694631307311829 -10
      vertex -19.52530620365328 -7.730615606378235 -10
      vertex -19.00136810178641 -8.941365122866522 -10
    endloop
  endfacet
  facet normal 0 0 -1
    outer loop
      vertex -20.225424859373685 -14.694631307311829 -10
      vertex -19.972186842198223 -6.489356881873896 -10
      vertex -19.52530620365328 -7.730615606378235 -10
    endloop
  endfacet
  facet normal 0 0 -1
    outer loop
      vertex -21.108198137550374 -13.395669874474919 -10
      vertex -20.340246383701253 -5.222487630461952 -10
      vertex -19.972186842198223 -6.489356881873896 -10
    endloop
  endfacet
  facet normal 0 0 -1
    outer loop
      vertex -21.108198137550374 -13.395669874474919 -10
      vertex -20.628032265302462 -3.9350076063002213 -10
      vertex -20.340246383701253 -5.222487630461952 -10
    endloop
  endfacet
  facet normal 0 0 -1
    outer loop
      vertex -21.108198137550374 -13.395669874474919 -10
      vertex -20.834408727604036 -2.6319979048503854 -10
      vertex -20.628032265302462 -3.9350076063002213 -10
    endloop
  endfacet
  facet normal 0 0 -1
    outer loop
      vertex -21.907667001096588 -12.043841852542885 -10
      vertex -22.620676311650488 -10.644482289126811 -10
      vertex -21.907667001096588 12.043841852542885 -10
    endloop
  endfacet
  facet normal 0 0 -1
    outer loop
      vertex -23.776412907378838 -7.7254248593736845 -10
      vertex -24.214579028215777 -6.2172471791213715 -10
      vertex -23.776412907378838 7.7254248593736845 -10
    endloop
  endfacet
  facet normal 0 0 -1
    outer loop
      vertex -24.557181268217214 -4.684532864643121 -10
      vertex -24.802867532861946 -3.1333308391076016 -10
      vertex -24.557181268217214 4.684532864643121 -10
    endloop
  endfacet
  facet normal 0 0 -1
    outer loop
      vertex -24.214579028215777 -6.2172471791213715 -10
      vertex -24.557181268217214 -4.684532864643121 -10
      vertex -24.214579028215777 6.2172471791213715 -10
    endloop
  endfacet
  facet normal 0 0 -1
    outer loop
      vertex -24.802867532861946 -3.1333308391076016 -10
      vertex -24.950668210706787 -1.569762988232832 -10
      vertex -24.802867532861946 3.1333308391076016 -10
    endloop
  endfacet
  facet normal 0 0 -1
    outer loop
      vertex -23.776412907378838 -7.7254248593736845 -10
      vertex -23.244412147206287 9.203113817116947 -10
      vertex -23.244412147206287 -9.203113817116947 -10
    endloop
  endfacet
  facet normal 0 0 -1
    outer loop
      vertex -22.620676311650488 -10.644482289126811 -10
      vertex -23.244412147206287 -9.203113817116947 -10
      vertex -22.620676311650488 10.644482289126811 -10
    endloop
  endfacet
  facet normal 0 0 -1
    outer loop
      vertex -21.108198137550374 -13.395669874474919 -10
      vertex -20.958561296993704 -1.318600910115579 -10
      vertex -20.834408727604036 -2.6319979048503854 -10
    endloop
  endfacet
  facet normal 0 0 -1
    outer loop
      vertex -21.108198137550374 -13.395669874474919 -10
      vertex -21 0 -10
      vertex -20.958561296993704 -1.318600910115579 -10
    endloop
  endfacet
  facet normal 0 0 -1
    outer loop
      vertex -21.108198137550374 -13.395669874474919 -10
      vertex -21.907667001096588 -12.043841852542885 -10
      vertex -21.108198137550374 13.395669874474919 -10
    endloop
  endfacet
  facet normal 0 0 -1
    outer loop
      vertex -19.262831069394736 -15.93559974371724 -10
      vertex -18.402440280921134 -10.116827156136022 -10
      vertex -17.730886435542313 -11.252362694558933 -10
    endloop
  endfacet
  facet normal -0.8910065241883683 -0.45399049973954575 0
    outer loop
      vertex -21.907667001096588 -12.043841852542885 -10
      vertex -22.620676311650488 -10.644482289126811 10
      vertex -22.620676311650488 -10.644482289126811 -10
    endloop
  endfacet
  facet normal -0.9177546256839805 -0.3971478906347822 0
    outer loop
      vertex -22.620676311650488 -10.644482289126811 -10
      vertex -23.244412147206287 -9.203113817116947 10
      vertex -23.244412147206287 -9.203113817116947 -10
    endloop
  endfacet
  facet normal -0.9408807689542261 -0.33873792024528965 0
    outer loop
      vertex -23.776412907378838 -7.7254248593736845 -10
      vertex -23.244412147206287 -9.203113817116947 -10
      vertex -23.776412907378838 -7.7254248593736845 10
    endloop
  endfacet
  facet normal -0.9602936856769427 -0.27899110603923016 0
    outer loop
      vertex -23.776412907378838 -7.7254248593736845 -10
      vertex -24.214579028215777 -6.2172471791213715 10
      vertex -24.214579028215777 -6.2172471791213715 -10
    endloop
  endfacet
  facet normal -0.8607420270039435 -0.5090414157503713 0
    outer loop
      vertex -21.108198137550374 -13.395669874474919 -10
      vertex -21.907667001096588 -12.043841852542885 10
      vertex -21.907667001096588 -12.043841852542885 -10
    endloop
  endfacet
  facet normal -0.9759167619387475 -0.2181432413965416 0
    outer loop
      vertex -24.214579028215777 -6.2172471791213715 -10
      vertex -24.557181268217214 -4.684532864643121 10
      vertex -24.557181268217214 -4.684532864643121 -10
    endloop
  endfacet
  facet normal -0.9876883405951377 -0.15643446504023198 0
    outer loop
      vertex -24.557181268217214 -4.684532864643121 -10
      vertex -24.802867532861946 -3.1333308391076016 10
      vertex -24.802867532861946 -3.1333308391076016 -10
    endloop
  endfacet
  facet normal -0.9955619646030801 -0.09410831331851348 0
    outer loop
      vertex -24.802867532861946 -3.1333308391076016 -10
      vertex -24.950668210706787 -1.569762988232832 10
      vertex -24.950668210706787 -1.569762988232832 -10
    endloop
  endfacet
  facet normal -0.9995065603657315 -0.03141075907812938 0
    outer loop
      vertex -24.950668210706787 -1.569762988232832 -10
      vertex -25 0 10
      vertex -25 0 -10
    endloop
  endfacet
  facet normal 0 0 -1
    outer loop
      vertex -13.395669874474919 -21.108198137550374 -10
      vertex -11.252362694558933 -17.730886435542313 -10
      vertex -12.043841852542885 -21.907667001096588 -10
    endloop
  endfacet
  facet normal 0 0 -1
    outer loop
      vertex -12.043841852542885 -21.907667001096588 -10
      vertex -11.252362694558933 -17.730886435542313 -10
      vertex -10.116827156136022 -18.402440280921134 -10
    endloop
  endfacet
  facet normal 0 0 -1
    outer loop
      vertex -12.043841852542885 -21.907667001096588 -10
      vertex -10.116827156136022 -18.402440280921134 -10
      vertex -10.644482289126811 -22.620676311650488 -10
    endloop
  endfacet
  facet normal 0 0 -1
    outer loop
      vertex -10.644482289126811 -22.620676311650488 -10
      vertex -8.941365122866522 -19.00136810178641 -10
      vertex -9.203113817116947 -23.244412147206287 -10
    endloop
  endfacet
  facet normal 0 0 -1
    outer loop
      vertex -10.644482289126811 -22.620676311650488 -10
      vertex -10.116827156136022 -18.402440280921134 -10
      vertex -8.941365122866522 -19.00136810178641 -10
    endloop
  endfacet
  facet normal 0 0 -1
    outer loop
      vertex -9.203113817116947 -23.244412147206287 -10
      vertex -6.489356881873896 -19.972186842198223 -10
      vertex -7.7254248593736845 -23.776412907378838 -10
    endloop
  endfacet
  facet normal 0 0 -1
    outer loop
      vertex -7.7254248593736845 -23.776412907378838 -10
      vertex -5.222487630461952 -20.340246383701253 -10
      vertex -6.2172471791213715 -24.214579028215777 -10
    endloop
  endfacet
  facet normal 0 0 -1
    outer loop
      vertex -9.203113817116947 -23.244412147206287 -10
      vertex -8.941365122866522 -19.00136810178641 -10
      vertex -7.730615606378235 -19.52530620365328 -10
    endloop
  endfacet
  facet normal 0 0 -1
    outer loop
      vertex -9.203113817116947 -23.244412147206287 -10
      vertex -7.730615606378235 -19.52530620365328 -10
      vertex -6.489356881873896 -19.972186842198223 -10
    endloop
  endfacet
  facet normal 0 0 -1
    outer loop
      vertex -7.7254248593736845 -23.776412907378838 -10
      vertex -6.489356881873896 -19.972186842198223 -10
      vertex -5.222487630461952 -20.340246383701253 -10
    endloop
  endfacet
  facet normal 0 0 -1
    outer loop
      vertex -13.395669874474919 -21.108198137550374 -10
      vertex -12.343490298141935 -16.989356881873896 -10
      vertex -11.252362694558933 -17.730886435542313 -10
    endloop
  endfacet
  facet normal 0 0 -1
    outer loop
      vertex -6.2172471791213715 -24.214579028215777 -10
      vertex -3.9350076063002213 -20.628032265302462 -10
      vertex -4.684532864643121 -24.557181268217214 -10
    endloop
  endfacet
  facet normal 0 0 -1
    outer loop
      vertex -4.684532864643121 -24.557181268217214 -10
      vertex -2.6319979048503854 -20.834408727604036 -10
      vertex -3.1333308391076016 -24.802867532861946 -10
    endloop
  endfacet
  facet normal 0 0 -1
    outer loop
      vertex -4.684532864643121 -24.557181268217214 -10
      vertex -3.9350076063002213 -20.628032265302462 -10
      vertex -2.6319979048503854 -20.834408727604036 -10
    endloop
  endfacet
  facet normal 0 0 -1
    outer loop
      vertex -6.2172471791213715 -24.214579028215777 -10
      vertex -5.222487630461952 -20.340246383701253 -10
      vertex -3.9350076063002213 -20.628032265302462 -10
    endloop
  endfacet
  facet normal 0 0 -1
    outer loop
      vertex -3.1333308391076016 -24.802867532861946 -10
      vertex -1.318600910115589 -20.958561296993704 -10
      vertex -1.569762988232844 -24.950668210706787 -10
    endloop
  endfacet
  facet normal 0 0 -1
    outer loop
      vertex -3.1333308391076016 -24.802867532861946 -10
      vertex -2.6319979048503854 -20.834408727604036 -10
      vertex -1.318600910115589 -20.958561296993704 -10
    endloop
  endfacet
  facet normal 0 0 -1
    outer loop
      vertex -1.569762988232844 -24.950668210706787 -10
      vertex 0 -21 -10
      vertex 0 -25 -10
    endloop
  endfacet
  facet normal 0 0 -1
    outer loop
      vertex -1.569762988232844 -24.950668210706787 -10
      vertex -1.318600910115589 -20.958561296993704 -10
      vertex 0 -21 -10
    endloop
  endfacet
  facet normal -0.45399049973954575 -0.8910065241883683 0
    outer loop
      vertex -12.043841852542885 -21.907667001096588 -10
      vertex -10.644482289126811 -22.620676311650488 -10
      vertex -10.644482289126811 -22.620676311650488 10
    endloop
  endfacet
  facet normal -0.3971478906347822 -0.9177546256839805 0
    outer loop
      vertex -10.644482289126811 -22.620676311650488 -10
      vertex -9.203113817116947 -23.244412147206287 -10
      vertex -9.203113817116947 -23.244412147206287 10
    endloop
  endfacet
  facet normal -0.5090414157503713 -0.8607420270039435 0
    outer loop
      vertex -13.395669874474919 -21.108198137550374 -10
      vertex -12.043841852542885 -21.907667001096588 -10
      vertex -12.043841852542885 -21.907667001096588 10
    endloop
  endfacet
  facet normal -0.33873792024528965 -0.9408807689542261 0
    outer loop
      vertex -9.203113817116947 -23.244412147206287 -10
      vertex -7.7254248593736845 -23.776412907378838 -10
      vertex -7.7254248593736845 -23.776412907378838 10
    endloop
  endfacet
  facet normal -0.27899110603923016 -0.9602936856769427 0
    outer loop
      vertex -7.7254248593736845 -23.776412907378838 -10
      vertex -6.2172471791213715 -24.214579028215777 -10
      vertex -6.2172471791213715 -24.214579028215777 10
    endloop
  endfacet
  facet normal -0.2181432413965416 -0.9759167619387475 0
    outer loop
      vertex -6.2172471791213715 -24.214579028215777 -10
      vertex -4.684532864643121 -24.557181268217214 -10
      vertex -4.684532864643121 -24.557181268217214 10
    endloop
  endfacet
  facet normal -0.15643446504023198 -0.9876883405951377 0
    outer loop
      vertex -4.684532864643121 -24.557181268217214 -10
      vertex -3.1333308391076016 -24.802867532861946 -10
      vertex -3.1333308391076016 -24.802867532861946 10
    endloop
  endfacet
  facet normal -0.09410831331851421 -0.99556196460308 0
    outer loop
      vertex -3.1333308391076016 -24.802867532861946 -10
      vertex -1.569762988232844 -24.950668210706787 -10
      vertex -1.569762988232844 -24.950668210706787 10
    endloop
  endfacet
  facet normal -0.03141075907812914 -0.9995065603657315 0
    outer loop
      vertex -1.569762988232844 -24.950668210706787 -10
      vertex 0 -25 -10
      vertex 0 -25 10
    endloop
  endfacet
  facet normal -0.8270805742745619 -0.5620833778521305 0
    outer loop
      vertex -20.225424859373685 -14.694631307311829 -10
      vertex -20.225424859373685 -14.694631307311829 10
      vertex -21.108198137550374 -13.395669874474919 10
    endloop
  endfacet
  facet normal -0.8607420270039435 -0.5090414157503713 0
    outer loop
      vertex -21.108198137550374 -13.395669874474919 -10
      vertex -21.108198137550374 -13.395669874474919 10
      vertex -21.907667001096588 -12.043841852542885 10
    endloop
  endfacet
  facet normal -0.7901550123756913 -0.6129070536529754 0
    outer loop
      vertex -19.262831069394736 -15.93559974371724 -10
      vertex -19.262831069394736 -15.93559974371724 10
      vertex -20.225424859373685 -14.694631307311829 10
    endloop
  endfacet
  facet normal -0.5620833778521305 -0.8270805742745619 0
    outer loop
      vertex -14.694631307311829 -20.225424859373685 -10
      vertex -13.395669874474919 -21.108198137550374 10
      vertex -14.694631307311829 -20.225424859373685 10
    endloop
  endfacet
  facet normal -0.6129070536529754 -0.7901550123756913 0
    outer loop
      vertex -15.93559974371724 -19.262831069394736 -10
      vertex -14.694631307311829 -20.225424859373685 10
      vertex -15.93559974371724 -19.262831069394736 10
    endloop
  endfacet
  facet normal -0.5090414157503713 -0.8607420270039435 0
    outer loop
      vertex -13.395669874474919 -21.108198137550374 -10
      vertex -12.043841852542885 -21.907667001096588 10
      vertex -13.395669874474919 -21.108198137550374 10
    endloop
  endfacet
  facet normal -0.7071067811865475 -0.7071067811865475 0
    outer loop
      vertex -17.113677648217212 -18.22421568553529 -10
      vertex -17.113677648217212 -18.22421568553529 10
      vertex -18.22421568553529 -17.113677648217212 10
    endloop
  endfacet
  facet normal -0.7501110696304586 -0.661311865323653 0
    outer loop
      vertex -18.22421568553529 -17.113677648217212 -10
      vertex -18.22421568553529 -17.113677648217212 10
      vertex -19.262831069394736 -15.93559974371724 10
    endloop
  endfacet
  facet normal -0.661311865323653 -0.7501110696304586 0
    outer loop
      vertex -17.113677648217212 -18.22421568553529 -10
      vertex -15.93559974371724 -19.262831069394736 10
      vertex -17.113677648217212 -18.22421568553529 10
    endloop
  endfacet
  facet normal 0 0 1
    outer loop
      vertex -13.395669874474919 -21.108198137550374 10
      vertex -12.043841852542885 -21.907667001096588 10
      vertex -12.664918882530225 -8.037401924684952 10
    endloop
  endfacet
  facet normal 0 0 1
    outer loop
      vertex -14.694631307311829 -20.225424859373685 10
      vertex -13.395669874474919 -21.108198137550374 10
      vertex -13.946647288323772 -5.521868290270168 10
    endloop
  endfacet
  facet normal -0.8910065241883683 -0.45399049973954575 0
    outer loop
      vertex -21.907667001096588 -12.043841852542885 -10
      vertex -21.907667001096588 -12.043841852542885 10
      vertex -22.620676311650488 -10.644482289126811 10
    endloop
  endfacet
  facet normal -0.9177546256839805 -0.3971478906347822 0
    outer loop
      vertex -22.620676311650488 -10.644482289126811 -10
      vertex -22.620676311650488 -10.644482289126811 10
      vertex -23.244412147206287 -9.203113817116947 10
    endloop
  endfacet
  facet normal -0.9602936856769427 -0.27899110603923016 0
    outer loop
      vertex -23.776412907378838 -7.7254248593736845 -10
      vertex -23.776412907378838 -7.7254248593736845 10
      vertex -24.214579028215777 -6.2172471791213715 10
    endloop
  endfacet
  facet normal -0.9408807689542261 -0.33873792024528965 0
    outer loop
      vertex -23.244412147206287 -9.203113817116947 -10
      vertex -23.244412147206287 -9.203113817116947 10
      vertex -23.776412907378838 -7.7254248593736845 10
    endloop
  endfacet
  facet normal -0.9759167619387475 -0.2181432413965416 0
    outer loop
      vertex -24.214579028215777 -6.2172471791213715 -10
      vertex -24.214579028215777 -6.2172471791213715 10
      vertex -24.557181268217214 -4.684532864643121 10
    endloop
  endfacet
  facet normal -0.9876883405951377 -0.15643446504023198 0
    outer loop
      vertex -24.557181268217214 -4.684532864643121 -10
      vertex -24.557181268217214 -4.684532864643121 10
      vertex -24.802867532861946 -3.1333308391076016 10
    endloop
  endfacet
  facet normal -0.9955619646030801 -0.09410831331851348 0
    outer loop
      vertex -24.802867532861946 -3.1333308391076016 -10
      vertex -24.802867532861946 -3.1333308391076016 10
      vertex -24.950668210706787 -1.569762988232832 10
    endloop
  endfacet
  facet normal -0.9995065603657315 -0.03141075907812938 0
    outer loop
      vertex -24.950668210706787 -1.569762988232832 -10
      vertex -24.950668210706787 -1.569762988232832 10
      vertex -25 0 10
    endloop
  endfacet
  facet normal 0 0 1
    outer loop
      vertex -22.620676311650488 -10.644482289126811 10
      vertex -23.244412147206287 9.203113817116947 10
      vertex -23.244412147206287 -9.203113817116947 10
    endloop
  endfacet
  facet normal 0 0 1
    outer loop
      vertex -21.907667001096588 -12.043841852542885 10
      vertex -22.620676311650488 10.644482289126811 10
      vertex -22.620676311650488 -10.644482289126811 10
    endloop
  endfacet
  facet normal 0 0 1
    outer loop
      vertex -24.214579028215777 -6.2172471791213715 10
      vertex -24.557181268217214 4.684532864643121 10
      vertex -24.557181268217214 -4.684532864643121 10
    endloop
  endfacet
  facet normal 0 0 1
    outer loop
      vertex -23.776412907378838 -7.7254248593736845 10
      vertex -24.214579028215777 6.2172471791213715 10
      vertex -24.214579028215777 -6.2172471791213715 10
    endloop
  endfacet
  facet normal 0 0 1
    outer loop
      vertex -23.776412907378838 -7.7254248593736845 10
      vertex -23.244412147206287 -9.203113817116947 10
      vertex -23.776412907378838 7.7254248593736845 10
    endloop
  endfacet
  facet normal 0 0 1
    outer loop
      vertex -24.557181268217214 -4.684532864643121 10
      vertex -24.802867532861946 3.1333308391076016 10
      vertex -24.802867532861946 -3.1333308391076016 10
    endloop
  endfacet
  facet normal 0 0 1
    outer loop
      vertex -24.802867532861946 -3.1333308391076016 10
      vertex -24.950668210706787 1.569762988232832 10
      vertex -24.950668210706787 -1.569762988232832 10
    endloop
  endfacet
  facet normal 0 0 1
    outer loop
      vertex -21.108198137550374 -13.395669874474919 10
      vertex -20.225424859373685 -14.694631307311829 10
      vertex -21.108198137550374 13.395669874474919 10
    endloop
  endfacet
  facet normal 0 0 1
    outer loop
      vertex -21.108198137550374 -13.395669874474919 10
      vertex -21.907667001096588 12.043841852542885 10
      vertex -21.907667001096588 -12.043841852542885 10
    endloop
  endfacet
  facet normal 0 0 1
    outer loop
      vertex -19.262831069394736 -15.93559974371724 10
      vertex -20.225424859373685 14.694631307311829 10
      vertex -20.225424859373685 -14.694631307311829 10
    endloop
  endfacet
  facet normal 0 0 1
    outer loop
      vertex -19.262831069394736 -15.93559974371724 10
      vertex -18.22421568553529 -17.113677648217212 10
      vertex -19.262831069394736 15.93559974371724 10
    endloop
  endfacet
  facet normal 0 0 1
    outer loop
      vertex -15.93559974371724 -19.262831069394736 10
      vertex -17.113677648217212 18.22421568553529 10
      vertex -17.113677648217212 -18.22421568553529 10
    endloop
  endfacet
  facet normal 0 0 1
    outer loop
      vertex -14.694631307311829 -20.225424859373685 10
      vertex -14.265847744427303 -4.635254915624211 10
      vertex -14.528747416929466 -3.7303483074728225 10
    endloop
  endfacet
  facet normal 0 0 1
    outer loop
      vertex -14.694631307311829 -20.225424859373685 10
      vertex -13.946647288323772 -5.521868290270168 10
      vertex -14.265847744427303 -4.635254915624211 10
    endloop
  endfacet
  facet normal 0 0 1
    outer loop
      vertex -13.395669874474919 -21.108198137550374 10
      vertex -13.144600200657951 -7.226305111525731 10
      vertex -13.572405786990293 -6.386689373476086 10
    endloop
  endfacet
  facet normal 0 0 1
    outer loop
      vertex -13.395669874474919 -21.108198137550374 10
      vertex -13.572405786990293 -6.386689373476086 10
      vertex -13.946647288323772 -5.521868290270168 10
    endloop
  endfacet
  facet normal 0 0 1
    outer loop
      vertex -13.395669874474919 -21.108198137550374 10
      vertex -12.664918882530225 -8.037401924684952 10
      vertex -13.144600200657951 -7.226305111525731 10
    endloop
  endfacet
  facet normal 0 0 1
    outer loop
      vertex -14.694631307311829 -20.225424859373685 10
      vertex -14.528747416929466 -3.7303483074728225 10
      vertex -14.734308760930329 -2.8107197187858723 10
    endloop
  endfacet
  facet normal 0 0 1
    outer loop
      vertex -14.694631307311829 -20.225424859373685 10
      vertex -14.734308760930329 -2.8107197187858723 10
      vertex -14.881720519717168 -1.879998503464561 10
    endloop
  endfacet
  facet normal 0 0 1
    outer loop
      vertex -14.694631307311829 -20.225424859373685 10
      vertex -14.881720519717168 -1.879998503464561 10
      vertex -14.970400926424073 -0.9418577929396992 10
    endloop
  endfacet
  facet normal 0 0 1
    outer loop
      vertex -14.694631307311829 -20.225424859373685 10
      vertex -14.970400926424073 -0.9418577929396992 10
      vertex -15 0 10
    endloop
  endfacet
  facet normal 0 0 1
    outer loop
      vertex -15.93559974371724 -19.262831069394736 10
      vertex -14.694631307311829 -20.225424859373685 10
      vertex -15.93559974371724 19.262831069394736 10
    endloop
  endfacet
  facet normal 0 0 1
    outer loop
      vertex -18.22421568553529 -17.113677648217212 10
      vertex -17.113677648217212 -18.22421568553529 10
      vertex -18.22421568553529 17.113677648217212 10
    endloop
  endfacet
  facet normal 0 0 1
    outer loop
      vertex -14.694631307311829 -20.225424859373685 10
      vertex -15 0 10
      vertex -15.93559974371724 19.262831069394736 10
    endloop
  endfacet
  facet normal -0.45399049973954575 -0.8910065241883683 0
    outer loop
      vertex -12.043841852542885 -21.907667001096588 -10
      vertex -10.644482289126811 -22.620676311650488 10
      vertex -12.043841852542885 -21.907667001096588 10
    endloop
  endfacet
  facet normal -0.3971478906347822 -0.9177546256839805 0
    outer loop
      vertex -10.644482289126811 -22.620676311650488 -10
      vertex -9.203113817116947 -23.244412147206287 10
      vertex -10.644482289126811 -22.620676311650488 10
    endloop
  endfacet
  facet normal -0.33873792024528965 -0.9408807689542261 0
    outer loop
      vertex -9.203113817116947 -23.244412147206287 -10
      vertex -7.7254248593736845 -23.776412907378838 10
      vertex -9.203113817116947 -23.244412147206287 10
    endloop
  endfacet
  facet normal -0.27899110603923016 -0.9602936856769427 0
    outer loop
      vertex -7.7254248593736845 -23.776412907378838 -10
      vertex -6.2172471791213715 -24.214579028215777 10
      vertex -7.7254248593736845 -23.776412907378838 10
    endloop
  endfacet
  facet normal -0.2181432413965416 -0.9759167619387475 0
    outer loop
      vertex -6.2172471791213715 -24.214579028215777 -10
      vertex -4.684532864643121 -24.557181268217214 10
      vertex -6.2172471791213715 -24.214579028215777 10
    endloop
  endfacet
  facet normal -0.15643446504023198 -0.9876883405951377 0
    outer loop
      vertex -4.684532864643121 -24.557181268217214 -10
      vertex -3.1333308391076016 -24.802867532861946 10
      vertex -4.684532864643121 -24.557181268217214 10
    endloop
  endfacet
  facet normal -0.09410831331851421 -0.99556196460308 0
    outer loop
      vertex -3.1333308391076016 -24.802867532861946 -10
      vertex -1.569762988232844 -24.950668210706787 10
      vertex -3.1333308391076016 -24.802867532861946 10
    endloop
  endfacet
  facet normal -0.03141075907812914 -0.9995065603657315 0
    outer loop
      vertex -1.569762988232844 -24.950668210706787 -10
      vertex 0 -25 10
      vertex -1.569762988232844 -24.950668210706787 10
    endloop
  endfacet
  facet normal 0 0 1
    outer loop
      vertex -10.644482289126811 -22.620676311650488 10
      vertex -9.203113817116947 -23.244412147206287 10
      vertex -10.268206588930328 -10.934529411321176 10
    endloop
  endfacet
  facet normal 0 0 1
    outer loop
      vertex -9.203113817116947 -23.244412147206287 10
      vertex -7.7254248593736845 -23.776412907378838 10
      vertex -8.816778784387097 -12.135254915624213 10
    endloop
  endfacet
  facet normal 0 0 1
    outer loop
      vertex -7.7254248593736845 -23.776412907378838 10
      vertex -6.2172471791213715 -24.214579028215777 10
      vertex -7.226305111525731 -13.144600200657951 10
    endloop
  endfacet
  facet normal 0 0 1
    outer loop
      vertex -12.043841852542885 -21.907667001096588 10
      vertex -10.644482289126811 -22.620676311650488 10
      vertex -11.55769864163684 -9.561359846230344 10
    endloop
  endfacet
  facet normal 0 0 1
    outer loop
      vertex -10.644482289126811 -22.620676311650488 10
      vertex -10.934529411321176 -10.268206588930328 10
      vertex -11.55769864163684 -9.561359846230344 10
    endloop
  endfacet
  facet normal 0 0 1
    outer loop
      vertex -12.043841852542885 -21.907667001096588 10
      vertex -11.55769864163684 -9.561359846230344 10
      vertex -12.135254915624213 -8.816778784387097 10
    endloop
  endfacet
  facet normal 0 0 1
    outer loop
      vertex -12.043841852542885 -21.907667001096588 10
      vertex -12.135254915624213 -8.816778784387097 10
      vertex -12.664918882530225 -8.037401924684952 10
    endloop
  endfacet
  facet normal 0 0 1
    outer loop
      vertex -10.644482289126811 -22.620676311650488 10
      vertex -10.268206588930328 -10.934529411321176 10
      vertex -10.934529411321176 -10.268206588930328 10
    endloop
  endfacet
  facet normal 0 0 1
    outer loop
      vertex -9.203113817116947 -23.244412147206287 10
      vertex -9.561359846230344 -11.55769864163684 10
      vertex -10.268206588930328 -10.934529411321176 10
    endloop
  endfacet
  facet normal 0 0 1
    outer loop
      vertex -9.203113817116947 -23.244412147206287 10
      vertex -8.816778784387097 -12.135254915624213 10
      vertex -9.561359846230344 -11.55769864163684 10
    endloop
  endfacet
  facet normal 0 0 1
    outer loop
      vertex -7.7254248593736845 -23.776412907378838 10
      vertex -8.037401924684952 -12.664918882530225 10
      vertex -8.816778784387097 -12.135254915624213 10
    endloop
  endfacet
  facet normal 0 0 1
    outer loop
      vertex -7.7254248593736845 -23.776412907378838 10
      vertex -7.226305111525731 -13.144600200657951 10
      vertex -8.037401924684952 -12.664918882530225 10
    endloop
  endfacet
  facet normal 0 0 1
    outer loop
      vertex -6.2172471791213715 -24.214579028215777 10
      vertex -6.386689373476086 -13.572405786990293 10
      vertex -7.226305111525731 -13.144600200657951 10
    endloop
  endfacet
  facet normal 0 0 1
    outer loop
      vertex -6.2172471791213715 -24.214579028215777 10
      vertex -4.684532864643121 -24.557181268217214 10
      vertex -5.521868290270168 -13.946647288323772 10
    endloop
  endfacet
  facet normal 0 0 1
    outer loop
      vertex -4.684532864643121 -24.557181268217214 10
      vertex -3.1333308391076016 -24.802867532861946 10
      vertex -3.7303483074728225 -14.528747416929466 10
    endloop
  endfacet
  facet normal 0 0 1
    outer loop
      vertex -3.1333308391076016 -24.802867532861946 10
      vertex -1.569762988232844 -24.950668210706787 10
      vertex -2.8107197187858723 -14.734308760930329 10
    endloop
  endfacet
  facet normal 0 0 1
    outer loop
      vertex -1.569762988232844 -24.950668210706787 10
      vertex 0 -25 10
      vertex -0.9418577929397064 -14.970400926424073 10
    endloop
  endfacet
  facet normal 0 0 1
    outer loop
      vertex -6.2172471791213715 -24.214579028215777 10
      vertex -5.521868290270168 -13.946647288323772 10
      vertex -6.386689373476086 -13.572405786990293 10
    endloop
  endfacet
  facet normal 0 0 1
    outer loop
      vertex -4.684532864643121 -24.557181268217214 10
      vertex -4.635254915624211 -14.265847744427303 10
      vertex -5.521868290270168 -13.946647288323772 10
    endloop
  endfacet
  facet normal 0 0 1
    outer loop
      vertex -4.684532864643121 -24.557181268217214 10
      vertex -3.7303483074728225 -14.528747416929466 10
      vertex -4.635254915624211 -14.265847744427303 10
    endloop
  endfacet
  facet normal 0 0 1
    outer loop
      vertex -3.1333308391076016 -24.802867532861946 10
      vertex -2.8107197187858723 -14.734308760930329 10
      vertex -3.7303483074728225 -14.528747416929466 10
    endloop
  endfacet
  facet normal 0 0 1
    outer loop
      vertex -1.569762988232844 -24.950668210706787 10
      vertex -1.879998503464561 -14.881720519717168 10
      vertex -2.8107197187858723 -14.734308760930329 10
    endloop
  endfacet
  facet normal 0 0 1
    outer loop
      vertex -1.569762988232844 -24.950668210706787 10
      vertex -0.9418577929397064 -14.970400926424073 10
      vertex -1.879998503464561 -14.881720519717168 10
    endloop
  endfacet
  facet normal 0 0 1
    outer loop
      vertex 0 -25 10
      vertex 0 -15 10
      vertex -0.9418577929397064 -14.970400926424073 10
    endloop
  endfacet
  facet normal 0 0 -1
    outer loop
      vertex -24.950668210706787 -1.569762988232832 -10
      vertex -25 0 -10
      vertex -24.950668210706787 1.569762988232832 -10
    endloop
  endfacet
  facet normal 0 0 -1
    outer loop
      vertex -24.950668210706787 -1.569762988232832 -10
      vertex -24.950668210706787 1.569762988232832 -10
      vertex -24.802867532861946 3.1333308391076016 -10
    endloop
  endfacet
  facet normal 0 0 -1
    outer loop
      vertex -24.802867532861946 -3.1333308391076016 -10
      vertex -24.802867532861946 3.1333308391076016 -10
      vertex -24.557181268217214 4.684532864643121 -10
    endloop
  endfacet
  facet normal 0 0 -1
    outer loop
      vertex -24.557181268217214 -4.684532864643121 -10
      vertex -24.557181268217214 4.684532864643121 -10
      vertex -24.214579028215777 6.2172471791213715 -10
    endloop
  endfacet
  facet normal 0 0 -1
    outer loop
      vertex -24.214579028215777 -6.2172471791213715 -10
      vertex -24.214579028215777 6.2172471791213715 -10
      vertex -23.776412907378838 7.7254248593736845 -10
    endloop
  endfacet
  facet normal 0 0 -1
    outer loop
      vertex -23.776412907378838 -7.7254248593736845 -10
      vertex -23.776412907378838 7.7254248593736845 -10
      vertex -23.244412147206287 9.203113817116947 -10
    endloop
  endfacet
  facet normal 0 0 -1
    outer loop
      vertex -23.244412147206287 -9.203113817116947 -10
      vertex -23.244412147206287 9.203113817116947 -10
      vertex -22.620676311650488 10.644482289126811 -10
    endloop
  endfacet
  facet normal 0 0 -1
    outer loop
      vertex -22.620676311650488 -10.644482289126811 -10
      vertex -22.620676311650488 10.644482289126811 -10
      vertex -21.907667001096588 12.043841852542885 -10
    endloop
  endfacet
  facet normal 0 0 -1
    outer loop
      vertex -21.108198137550374 -13.395669874474919 -10
      vertex -21.108198137550374 13.395669874474919 -10
      vertex -21 0 -10
    endloop
  endfacet
  facet normal 0 0 -1
    outer loop
      vertex -21.907667001096588 -12.043841852542885 -10
      vertex -21.907667001096588 12.043841852542885 -10
      vertex -21.108198137550374 13.395669874474919 -10
    endloop
  endfacet
  facet normal 0 0 -1
    outer loop
      vertex -21.108198137550374 13.395669874474919 -10
      vertex -20.958561296993704 1.318600910115579 -10
      vertex -21 0 -10
    endloop
  endfacet
  facet normal 0 0 -1
    outer loop
      vertex -21.108198137550374 13.395669874474919 -10
      vertex -20.834408727604036 2.6319979048503854 -10
      vertex -20.958561296993704 1.318600910115579 -10
    endloop
  endfacet
  facet normal 0 0 -1
    outer loop
      vertex -21.108198137550374 13.395669874474919 -10
      vertex -20.628032265302462 3.9350076063002213 -10
      vertex -20.834408727604036 2.6319979048503854 -10
    endloop
  endfacet
  facet normal 0 0 -1
    outer loop
      vertex -20.225424859373685 14.694631307311829 -10
      vertex -20.340246383701253 5.222487630461952 -10
      vertex -20.628032265302462 3.9350076063002213 -10
    endloop
  endfacet
  facet normal 0 0 -1
    outer loop
      vertex -20.225424859373685 14.694631307311829 -10
      vertex -19.972186842198223 6.489356881873896 -10
      vertex -20.340246383701253 5.222487630461952 -10
    endloop
  endfacet
  facet normal 0 0 -1
    outer loop
      vertex -21.108198137550374 13.395669874474919 -10
      vertex -20.225424859373685 14.694631307311829 -10
      vertex -20.628032265302462 3.9350076063002213 -10
    endloop
  endfacet
  facet normal 0 0 -1
    outer loop
      vertex -20.225424859373685 14.694631307311829 -10
      vertex -19.52530620365328 7.730615606378235 -10
      vertex -19.972186842198223 6.489356881873896 -10
    endloop
  endfacet
  facet normal 0 0 -1
    outer loop
      vertex -19.262831069394736 15.93559974371724 -10
      vertex -19.00136810178641 8.941365122866522 -10
      vertex -19.52530620365328 7.730615606378235 -10
    endloop
  endfacet
  facet normal 0 0 -1
    outer loop
      vertex -18.22421568553529 17.113677648217212 -10
      vertex -18.402440280921134 10.116827156136022 -10
      vertex -19.00136810178641 8.941365122866522 -10
    endloop
  endfacet
  facet normal -0.9995065603657315 0.03141075907812938 0
    outer loop
      vertex -25 0 -10
      vertex -24.950668210706787 1.569762988232832 10
      vertex -24.950668210706787 1.569762988232832 -10
    endloop
  endfacet
  facet normal -0.9955619646030801 0.09410831331851348 0
    outer loop
      vertex -24.950668210706787 1.569762988232832 -10
      vertex -24.802867532861946 3.1333308391076016 10
      vertex -24.802867532861946 3.1333308391076016 -10
    endloop
  endfacet
  facet normal -0.9876883405951377 0.15643446504023198 0
    outer loop
      vertex -24.802867532861946 3.1333308391076016 -10
      vertex -24.557181268217214 4.684532864643121 10
      vertex -24.557181268217214 4.684532864643121 -10
    endloop
  endfacet
  facet normal -0.9759167619387475 0.2181432413965416 0
    outer loop
      vertex -24.557181268217214 4.684532864643121 -10
      vertex -24.214579028215777 6.2172471791213715 10
      vertex -24.214579028215777 6.2172471791213715 -10
    endloop
  endfacet
  facet normal -0.9602936856769427 0.27899110603923016 0
    outer loop
      vertex -24.214579028215777 6.2172471791213715 -10
      vertex -23.776412907378838 7.7254248593736845 10
      vertex -23.776412907378838 7.7254248593736845 -10
    endloop
  endfacet
  facet normal -0.9408807689542261 0.33873792024528965 0
    outer loop
      vertex -23.776412907378838 7.7254248593736845 -10
      vertex -23.244412147206287 9.203113817116947 10
      vertex -23.244412147206287 9.203113817116947 -10
    endloop
  endfacet
  facet normal -0.9177546256839805 0.3971478906347822 0
    outer loop
      vertex -23.244412147206287 9.203113817116947 -10
      vertex -22.620676311650488 10.644482289126811 10
      vertex -22.620676311650488 10.644482289126811 -10
    endloop
  endfacet
  facet normal -0.8910065241883683 0.45399049973954575 0
    outer loop
      vertex -22.620676311650488 10.644482289126811 -10
      vertex -21.907667001096588 12.043841852542885 10
      vertex -21.907667001096588 12.043841852542885 -10
    endloop
  endfacet
  facet normal 0 0 -1
    outer loop
      vertex -20.225424859373685 14.694631307311829 -10
      vertex -19.262831069394736 15.93559974371724 -10
      vertex -19.52530620365328 7.730615606378235 -10
    endloop
  endfacet
  facet normal 0 0 -1
    outer loop
      vertex -19.262831069394736 15.93559974371724 -10
      vertex -18.22421568553529 17.113677648217212 -10
      vertex -19.00136810178641 8.941365122866522 -10
    endloop
  endfacet
  facet normal 0 0 -1
    outer loop
      vertex -18.22421568553529 17.113677648217212 -10
      vertex -17.730886435542313 11.252362694558933 -10
      vertex -18.402440280921134 10.116827156136022 -10
    endloop
  endfacet
  facet normal 0 0 -1
    outer loop
      vertex -17.113677648217212 18.22421568553529 -10
      vertex -16.989356881873896 12.343490298141935 -10
      vertex -17.730886435542313 11.252362694558933 -10
    endloop
  endfacet
  facet normal 0 0 -1
    outer loop
      vertex -18.22421568553529 17.113677648217212 -10
      vertex -17.113677648217212 18.22421568553529 -10
      vertex -17.730886435542313 11.252362694558933 -10
    endloop
  endfacet
  facet normal 0 0 -1
    outer loop
      vertex -17.113677648217212 18.22421568553529 -10
      vertex -16.180778098291576 13.385903784722482 -10
      vertex -16.989356881873896 12.343490298141935 -10
    endloop
  endfacet
  facet normal 0 0 -1
    outer loop
      vertex -17.113677648217212 18.22421568553529 -10
      vertex -15.93559974371724 19.262831069394736 -10
      vertex -16.180778098291576 13.385903784722482 -10
    endloop
  endfacet
  facet normal 0 0 -1
    outer loop
      vertex -15.93559974371724 19.262831069394736 -10
      vertex -15.308341175849645 14.37548922450246 -10
      vertex -16.180778098291576 13.385903784722482 -10
    endloop
  endfacet
  facet normal 0 0 -1
    outer loop
      vertex -14.694631307311829 20.225424859373685 -10
      vertex -14.37548922450246 15.308341175849645 -10
      vertex -15.308341175849645 14.37548922450246 -10
    endloop
  endfacet
  facet normal 0 0 -1
    outer loop
      vertex -15.93559974371724 19.262831069394736 -10
      vertex -14.694631307311829 20.225424859373685 -10
      vertex -15.308341175849645 14.37548922450246 -10
    endloop
  endfacet
  facet normal 0 0 -1
    outer loop
      vertex -13.395669874474919 21.108198137550374 -10
      vertex -13.385903784722482 16.180778098291576 -10
      vertex -14.37548922450246 15.308341175849645 -10
    endloop
  endfacet
  facet normal 0 0 -1
    outer loop
      vertex -13.395669874474919 21.108198137550374 -10
      vertex -12.343490298141935 16.989356881873896 -10
      vertex -13.385903784722482 16.180778098291576 -10
    endloop
  endfacet
  facet normal 0 0 -1
    outer loop
      vertex -14.694631307311829 20.225424859373685 -10
      vertex -13.395669874474919 21.108198137550374 -10
      vertex -14.37548922450246 15.308341175849645 -10
    endloop
  endfacet
  facet normal 0 0 -1
    outer loop
      vertex -13.395669874474919 21.108198137550374 -10
      vertex -12.04384185254288 21.90766700109659 -10
      vertex -12.343490298141935 16.989356881873896 -10
    endloop
  endfacet
  facet normal -0.8607420270039435 0.5090414157503713 0
    outer loop
      vertex -21.907667001096588 12.043841852542885 -10
      vertex -21.108198137550374 13.395669874474919 10
      vertex -21.108198137550374 13.395669874474919 -10
    endloop
  endfacet
  facet normal -0.8270805742745619 0.5620833778521305 0
    outer loop
      vertex -21.108198137550374 13.395669874474919 -10
      vertex -20.225424859373685 14.694631307311829 10
      vertex -20.225424859373685 14.694631307311829 -10
    endloop
  endfacet
  facet normal -0.7901550123756913 0.6129070536529754 0
    outer loop
      vertex -20.225424859373685 14.694631307311829 -10
      vertex -19.262831069394736 15.93559974371724 10
      vertex -19.262831069394736 15.93559974371724 -10
    endloop
  endfacet
  facet normal -0.7501110696304586 0.661311865323653 0
    outer loop
      vertex -19.262831069394736 15.93559974371724 -10
      vertex -18.22421568553529 17.113677648217212 10
      vertex -18.22421568553529 17.113677648217212 -10
    endloop
  endfacet
  facet normal -0.7071067811865475 0.7071067811865475 0
    outer loop
      vertex -18.22421568553529 17.113677648217212 -10
      vertex -17.113677648217212 18.22421568553529 10
      vertex -17.113677648217212 18.22421568553529 -10
    endloop
  endfacet
  facet normal -0.661311865323653 0.7501110696304586 0
    outer loop
      vertex -17.113677648217212 18.22421568553529 -10
      vertex -17.113677648217212 18.22421568553529 10
      vertex -15.93559974371724 19.262831069394736 -10
    endloop
  endfacet
  facet normal -0.6129070536529754 0.7901550123756913 0
    outer loop
      vertex -15.93559974371724 19.262831069394736 -10
      vertex -15.93559974371724 19.262831069394736 10
      vertex -14.694631307311829 20.225424859373685 -10
    endloop
  endfacet
  facet normal -0.5620833778521305 0.8270805742745619 0
    outer loop
      vertex -14.694631307311829 20.225424859373685 -10
      vertex -14.694631307311829 20.225424859373685 10
      vertex -13.395669874474919 21.108198137550374 -10
    endloop
  endfacet
  facet normal -0.5090414157503715 0.8607420270039434 0
    outer loop
      vertex -13.395669874474919 21.108198137550374 -10
      vertex -13.395669874474919 21.108198137550374 10
      vertex -12.04384185254288 21.90766700109659 -10
    endloop
  endfacet
  facet normal 0 0 -1
    outer loop
      vertex -12.04384185254288 21.90766700109659 -10
      vertex -11.252362694558933 17.730886435542313 -10
      vertex -12.343490298141935 16.989356881873896 -10
    endloop
  endfacet
  facet normal 0 0 -1
    outer loop
      vertex -12.04384185254288 21.90766700109659 -10
      vertex -10.644482289126818 22.620676311650488 -10
      vertex -11.252362694558933 17.730886435542313 -10
    endloop
  endfacet
  facet normal 0 0 -1
    outer loop
      vertex -10.644482289126818 22.620676311650488 -10
      vertex -10.116827156136019 18.402440280921134 -10
      vertex -11.252362694558933 17.730886435542313 -10
    endloop
  endfacet
  facet normal 0 0 -1
    outer loop
      vertex -9.203113817116947 23.244412147206287 -10
      vertex -8.941365122866527 19.001368101786408 -10
      vertex -10.116827156136019 18.402440280921134 -10
    endloop
  endfacet
  facet normal 0 0 -1
    outer loop
      vertex -10.644482289126818 22.620676311650488 -10
      vertex -9.203113817116947 23.244412147206287 -10
      vertex -10.116827156136019 18.402440280921134 -10
    endloop
  endfacet
  facet normal 0 0 -1
    outer loop
      vertex -7.7254248593736845 23.776412907378838 -10
      vertex -7.730615606378235 19.52530620365328 -10
      vertex -8.941365122866527 19.001368101786408 -10
    endloop
  endfacet
  facet normal 0 0 -1
    outer loop
      vertex -7.7254248593736845 23.776412907378838 -10
      vertex -6.489356881873896 19.972186842198223 -10
      vertex -7.730615606378235 19.52530620365328 -10
    endloop
  endfacet
  facet normal 0 0 -1
    outer loop
      vertex -9.203113817116947 23.244412147206287 -10
      vertex -7.7254248593736845 23.776412907378838 -10
      vertex -8.941365122866527 19.001368101786408 -10
    endloop
  endfacet
  facet normal 0 0 -1
    outer loop
      vertex -7.7254248593736845 23.776412907378838 -10
      vertex -6.2172471791213715 24.214579028215777 -10
      vertex -6.489356881873896 19.972186842198223 -10
    endloop
  endfacet
  facet normal 0 0 -1
    outer loop
      vertex -6.2172471791213715 24.214579028215777 -10
      vertex -5.222487630461952 20.340246383701253 -10
      vertex -6.489356881873896 19.972186842198223 -10
    endloop
  endfacet
  facet normal 0 0 -1
    outer loop
      vertex -4.684532864643114 24.557181268217217 -10
      vertex -3.935007606300216 20.628032265302462 -10
      vertex -5.222487630461952 20.340246383701253 -10
    endloop
  endfacet
  facet normal 0 0 -1
    outer loop
      vertex -6.2172471791213715 24.214579028215777 -10
      vertex -4.684532864643114 24.557181268217217 -10
      vertex -5.222487630461952 20.340246383701253 -10
    endloop
  endfacet
  facet normal 0 0 -1
    outer loop
      vertex -4.684532864643114 24.557181268217217 -10
      vertex -3.1333308391076073 24.802867532861946 -10
      vertex -3.935007606300216 20.628032265302462 -10
    endloop
  endfacet
  facet normal 0 0 -1
    outer loop
      vertex -3.1333308391076073 24.802867532861946 -10
      vertex -2.63199790485039 20.834408727604036 -10
      vertex -3.935007606300216 20.628032265302462 -10
    endloop
  endfacet
  facet normal 0 0 -1
    outer loop
      vertex -1.569762988232832 24.950668210706787 -10
      vertex -1.318600910115579 20.958561296993704 -10
      vertex -2.63199790485039 20.834408727604036 -10
    endloop
  endfacet
  facet normal 0 0 -1
    outer loop
      vertex -3.1333308391076073 24.802867532861946 -10
      vertex -1.569762988232832 24.950668210706787 -10
      vertex -2.63199790485039 20.834408727604036 -10
    endloop
  endfacet
  facet normal 0 0 -1
    outer loop
      vertex 0 25 -10
      vertex 0 21 -10
      vertex -1.318600910115579 20.958561296993704 -10
    endloop
  endfacet
  facet normal 0 0 -1
    outer loop
      vertex -1.569762988232832 24.950668210706787 -10
      vertex 0 25 -10
      vertex -1.318600910115579 20.958561296993704 -10
    endloop
  endfacet
  facet normal -0.45399049973954714 0.8910065241883677 0
    outer loop
      vertex -12.04384185254288 21.90766700109659 -10
      vertex -12.04384185254288 21.90766700109659 10
      vertex -10.644482289126818 22.620676311650488 -10
    endloop
  endfacet
  facet normal -0.3971478906347805 0.9177546256839811 0
    outer loop
      vertex -10.644482289126818 22.620676311650488 -10
      vertex -10.644482289126818 22.620676311650488 10
      vertex -9.203113817116947 23.244412147206287 -10
    endloop
  endfacet
  facet normal -0.33873792024528965 0.9408807689542261 0
    outer loop
      vertex -9.203113817116947 23.244412147206287 -10
      vertex -9.203113817116947 23.244412147206287 10
      vertex -7.7254248593736845 23.776412907378838 -10
    endloop
  endfacet
  facet normal -0.27899110603923016 0.9602936856769427 0
    outer loop
      vertex -7.7254248593736845 23.776412907378838 -10
      vertex -7.7254248593736845 23.776412907378838 10
      vertex -6.2172471791213715 24.214579028215777 -10
    endloop
  endfacet
  facet normal -0.21814324139654293 0.9759167619387473 0
    outer loop
      vertex -6.2172471791213715 24.214579028215777 -10
      vertex -6.2172471791213715 24.214579028215777 10
      vertex -4.684532864643114 24.557181268217217 -10
    endloop
  endfacet
  facet normal -0.15643446504023092 0.9876883405951378 0
    outer loop
      vertex -4.684532864643114 24.557181268217217 -10
      vertex -4.684532864643114 24.557181268217217 10
      vertex -3.1333308391076073 24.802867532861946 -10
    endloop
  endfacet
  facet normal -0.09410831331851312 0.9955619646030801 0
    outer loop
      vertex -3.1333308391076073 24.802867532861946 -10
      vertex -3.1333308391076073 24.802867532861946 10
      vertex -1.569762988232832 24.950668210706787 -10
    endloop
  endfacet
  facet normal -0.03141075907812938 0.9995065603657315 0
    outer loop
      vertex -1.569762988232832 24.950668210706787 -10
      vertex -1.569762988232832 24.950668210706787 10
      vertex 0 25 -10
    endloop
  endfacet
  facet normal -0.9995065603657315 0.03141075907812938 0
    outer loop
      vertex -25 0 -10
      vertex -25 0 10
      vertex -24.950668210706787 1.569762988232832 10
    endloop
  endfacet
  facet normal -0.9955619646030801 0.09410831331851348 0
    outer loop
      vertex -24.950668210706787 1.569762988232832 -10
      vertex -24.950668210706787 1.569762988232832 10
      vertex -24.802867532861946 3.1333308391076016 10
    endloop
  endfacet
  facet normal -0.9876883405951377 0.15643446504023198 0
    outer loop
      vertex -24.802867532861946 3.1333308391076016 -10
      vertex -24.802867532861946 3.1333308391076016 10
      vertex -24.557181268217214 4.684532864643121 10
    endloop
  endfacet
  facet normal -0.9759167619387475 0.2181432413965416 0
    outer loop
      vertex -24.557181268217214 4.684532864643121 -10
      vertex -24.557181268217214 4.684532864643121 10
      vertex -24.214579028215777 6.2172471791213715 10
    endloop
  endfacet
  facet normal -0.9602936856769427 0.27899110603923016 0
    outer loop
      vertex -24.214579028215777 6.2172471791213715 -10
      vertex -24.214579028215777 6.2172471791213715 10
      vertex -23.776412907378838 7.7254248593736845 10
    endloop
  endfacet
  facet normal -0.9408807689542261 0.33873792024528965 0
    outer loop
      vertex -23.776412907378838 7.7254248593736845 -10
      vertex -23.776412907378838 7.7254248593736845 10
      vertex -23.244412147206287 9.203113817116947 10
    endloop
  endfacet
  facet normal -0.9177546256839805 0.3971478906347822 0
    outer loop
      vertex -23.244412147206287 9.203113817116947 -10
      vertex -23.244412147206287 9.203113817116947 10
      vertex -22.620676311650488 10.644482289126811 10
    endloop
  endfacet
  facet normal -0.8910065241883683 0.45399049973954575 0
    outer loop
      vertex -22.620676311650488 10.644482289126811 -10
      vertex -22.620676311650488 10.644482289126811 10
      vertex -21.907667001096588 12.043841852542885 10
    endloop
  endfacet
  facet normal -0.8607420270039435 0.5090414157503713 0
    outer loop
      vertex -21.907667001096588 12.043841852542885 -10
      vertex -21.907667001096588 12.043841852542885 10
      vertex -21.108198137550374 13.395669874474919 10
    endloop
  endfacet
  facet normal 0 0 1
    outer loop
      vertex -24.950668210706787 -1.569762988232832 10
      vertex -24.950668210706787 1.569762988232832 10
      vertex -25 0 10
    endloop
  endfacet
  facet normal 0 0 1
    outer loop
      vertex -24.802867532861946 -3.1333308391076016 10
      vertex -24.802867532861946 3.1333308391076016 10
      vertex -24.950668210706787 1.569762988232832 10
    endloop
  endfacet
  facet normal 0 0 1
    outer loop
      vertex -24.557181268217214 -4.684532864643121 10
      vertex -24.557181268217214 4.684532864643121 10
      vertex -24.802867532861946 3.1333308391076016 10
    endloop
  endfacet
  facet normal 0 0 1
    outer loop
      vertex -24.214579028215777 -6.2172471791213715 10
      vertex -24.214579028215777 6.2172471791213715 10
      vertex -24.557181268217214 4.684532864643121 10
    endloop
  endfacet
  facet normal 0 0 1
    outer loop
      vertex -23.776412907378838 -7.7254248593736845 10
      vertex -23.776412907378838 7.7254248593736845 10
      vertex -24.214579028215777 6.2172471791213715 10
    endloop
  endfacet
  facet normal 0 0 1
    outer loop
      vertex -23.244412147206287 -9.203113817116947 10
      vertex -23.244412147206287 9.203113817116947 10
      vertex -23.776412907378838 7.7254248593736845 10
    endloop
  endfacet
  facet normal 0 0 1
    outer loop
      vertex -22.620676311650488 -10.644482289126811 10
      vertex -22.620676311650488 10.644482289126811 10
      vertex -23.244412147206287 9.203113817116947 10
    endloop
  endfacet
  facet normal 0 0 1
    outer loop
      vertex -21.907667001096588 -12.043841852542885 10
      vertex -21.907667001096588 12.043841852542885 10
      vertex -22.620676311650488 10.644482289126811 10
    endloop
  endfacet
  facet normal 0 0 1
    outer loop
      vertex -21.108198137550374 -13.395669874474919 10
      vertex -21.108198137550374 13.395669874474919 10
      vertex -21.907667001096588 12.043841852542885 10
    endloop
  endfacet
  facet normal 0 0 1
    outer loop
      vertex -20.225424859373685 -14.694631307311829 10
      vertex -20.225424859373685 14.694631307311829 10
      vertex -21.108198137550374 13.395669874474919 10
    endloop
  endfacet
  facet normal 0 0 1
    outer loop
      vertex -19.262831069394736 -15.93559974371724 10
      vertex -19.262831069394736 15.93559974371724 10
      vertex -20.225424859373685 14.694631307311829 10
    endloop
  endfacet
  facet normal 0 0 1
    outer loop
      vertex -18.22421568553529 -17.113677648217212 10
      vertex -18.22421568553529 17.113677648217212 10
      vertex -19.262831069394736 15.93559974371724 10
    endloop
  endfacet
  facet normal 0 0 1
    outer loop
      vertex -17.113677648217212 -18.22421568553529 10
      vertex -17.113677648217212 18.22421568553529 10
      vertex -18.22421568553529 17.113677648217212 10
    endloop
  endfacet
  facet normal 0 0 1
    outer loop
      vertex -15.93559974371724 -19.262831069394736 10
      vertex -15.93559974371724 19.262831069394736 10
      vertex -17.113677648217212 18.22421568553529 10
    endloop
  endfacet
  facet normal 0 0 1
    outer loop
      vertex -15.93559974371724 19.262831069394736 10
      vertex -15 0 10
      vertex -14.970400926424073 0.9418577929396992 10
    endloop
  endfacet
  facet normal 0 0 1
    outer loop
      vertex -15.93559974371724 19.262831069394736 10
      vertex -14.970400926424073 0.9418577929396992 10
      vertex -14.881720519717168 1.879998503464561 10
    endloop
  endfacet
  facet normal 0 0 1
    outer loop
      vertex -15.93559974371724 19.262831069394736 10
      vertex -14.881720519717168 1.879998503464561 10
      vertex -14.734308760930329 2.8107197187858723 10
    endloop
  endfacet
  facet normal 0 0 1
    outer loop
      vertex -15.93559974371724 19.262831069394736 10
      vertex -14.734308760930329 2.8107197187858723 10
      vertex -14.528747416929466 3.7303483074728225 10
    endloop
  endfacet
  facet normal 0 0 1
    outer loop
      vertex -14.694631307311829 20.225424859373685 10
      vertex -14.528747416929466 3.7303483074728225 10
      vertex -14.265847744427303 4.635254915624211 10
    endloop
  endfacet
  facet normal 0 0 1
    outer loop
      vertex -14.694631307311829 20.225424859373685 10
      vertex -14.265847744427303 4.635254915624211 10
      vertex -13.946647288323772 5.521868290270168 10
    endloop
  endfacet
  facet normal 0 0 1
    outer loop
      vertex -14.694631307311829 20.225424859373685 10
      vertex -13.946647288323772 5.521868290270168 10
      vertex -13.572405786990293 6.386689373476086 10
    endloop
  endfacet
  facet normal 0 0 1
    outer loop
      vertex -14.694631307311829 20.225424859373685 10
      vertex -13.572405786990293 6.386689373476086 10
      vertex -13.144600200657951 7.226305111525731 10
    endloop
  endfacet
  facet normal 0 0 1
    outer loop
      vertex -13.395669874474919 21.108198137550374 10
      vertex -13.144600200657951 7.226305111525731 10
      vertex -12.664918882530225 8.037401924684952 10
    endloop
  endfacet
  facet normal -0.8270805742745619 0.5620833778521305 0
    outer loop
      vertex -21.108198137550374 13.395669874474919 -10
      vertex -21.108198137550374 13.395669874474919 10
      vertex -20.225424859373685 14.694631307311829 10
    endloop
  endfacet
  facet normal -0.7901550123756913 0.6129070536529754 0
    outer loop
      vertex -20.225424859373685 14.694631307311829 -10
      vertex -20.225424859373685 14.694631307311829 10
      vertex -19.262831069394736 15.93559974371724 10
    endloop
  endfacet
  facet normal -0.7501110696304586 0.661311865323653 0
    outer loop
      vertex -19.262831069394736 15.93559974371724 -10
      vertex -19.262831069394736 15.93559974371724 10
      vertex -18.22421568553529 17.113677648217212 10
    endloop
  endfacet
  facet normal -0.7071067811865475 0.7071067811865475 0
    outer loop
      vertex -18.22421568553529 17.113677648217212 -10
      vertex -18.22421568553529 17.113677648217212 10
      vertex -17.113677648217212 18.22421568553529 10
    endloop
  endfacet
  facet normal -0.661311865323653 0.7501110696304586 0
    outer loop
      vertex -15.93559974371724 19.262831069394736 -10
      vertex -17.113677648217212 18.22421568553529 10
      vertex -15.93559974371724 19.262831069394736 10
    endloop
  endfacet
  facet normal -0.6129070536529754 0.7901550123756913 0
    outer loop
      vertex -14.694631307311829 20.225424859373685 -10
      vertex -15.93559974371724 19.262831069394736 10
      vertex -14.694631307311829 20.225424859373685 10
    endloop
  endfacet
  facet normal -0.5620833778521305 0.8270805742745619 0
    outer loop
      vertex -13.395669874474919 21.108198137550374 -10
      vertex -14.694631307311829 20.225424859373685 10
      vertex -13.395669874474919 21.108198137550374 10
    endloop
  endfacet
  facet normal 0 0 1
    outer loop
      vertex -15.93559974371724 19.262831069394736 10
      vertex -14.528747416929466 3.7303483074728225 10
      vertex -14.694631307311829 20.225424859373685 10
    endloop
  endfacet
  facet normal 0 0 1
    outer loop
      vertex -13.395669874474919 21.108198137550374 10
      vertex -12.664918882530225 8.037401924684952 10
      vertex -12.135254915624213 8.816778784387097 10
    endloop
  endfacet
  facet normal 0 0 1
    outer loop
      vertex -14.694631307311829 20.225424859373685 10
      vertex -13.144600200657951 7.226305111525731 10
      vertex -13.395669874474919 21.108198137550374 10
    endloop
  endfacet
  facet normal -0.5090414157503715 0.8607420270039434 0
    outer loop
      vertex -12.04384185254288 21.90766700109659 -10
      vertex -13.395669874474919 21.108198137550374 10
      vertex -12.04384185254288 21.90766700109659 10
    endloop
  endfacet
  facet normal -0.45399049973954714 0.8910065241883677 0
    outer loop
      vertex -10.644482289126818 22.620676311650488 -10
      vertex -12.04384185254288 21.90766700109659 10
      vertex -10.644482289126818 22.620676311650488 10
    endloop
  endfacet
  facet normal -0.3971478906347805 0.9177546256839811 0
    outer loop
      vertex -9.203113817116947 23.244412147206287 -10
      vertex -10.644482289126818 22.620676311650488 10
      vertex -9.203113817116947 23.244412147206287 10
    endloop
  endfacet
  facet normal -0.33873792024528965 0.9408807689542261 0
    outer loop
      vertex -7.7254248593736845 23.776412907378838 -10
      vertex -9.203113817116947 23.244412147206287 10
      vertex -7.7254248593736845 23.776412907378838 10
    endloop
  endfacet
  facet normal -0.27899110603923016 0.9602936856769427 0
    outer loop
      vertex -6.2172471791213715 24.214579028215777 -10
      vertex -7.7254248593736845 23.776412907378838 10
      vertex -6.2172471791213715 24.214579028215777 10
    endloop
  endfacet
  facet normal -0.21814324139654293 0.9759167619387473 0
    outer loop
      vertex -4.684532864643114 24.557181268217217 -10
      vertex -6.2172471791213715 24.214579028215777 10
      vertex -4.684532864643114 24.557181268217217 10
    endloop
  endfacet
  facet normal -0.15643446504023092 0.9876883405951378 0
    outer loop
      vertex -3.1333308391076073 24.802867532861946 -10
      vertex -4.684532864643114 24.557181268217217 10
      vertex -3.1333308391076073 24.802867532861946 10
    endloop
  endfacet
  facet normal -0.09410831331851312 0.9955619646030801 0
    outer loop
      vertex -1.569762988232832 24.950668210706787 -10
      vertex -3.1333308391076073 24.802867532861946 10
      vertex -1.569762988232832 24.950668210706787 10
    endloop
  endfacet
  facet normal -0.03141075907812938 0.9995065603657315 0
    outer loop
      vertex -1.569762988232832 24.950668210706787 10
      vertex 0 25 10
      vertex 0 25 -10
    endloop
  endfacet
  facet normal 0 0 1
    outer loop
      vertex -13.395669874474919 21.108198137550374 10
      vertex -12.135254915624213 8.816778784387097 10
      vertex -11.55769864163684 9.561359846230344 10
    endloop
  endfacet
  facet normal 0 0 1
    outer loop
      vertex -12.04384185254288 21.90766700109659 10
      vertex -11.55769864163684 9.561359846230344 10
      vertex -10.934529411321176 10.268206588930328 10
    endloop
  endfacet
  facet normal 0 0 1
    outer loop
      vertex -12.04384185254288 21.90766700109659 10
      vertex -10.934529411321176 10.268206588930328 10
      vertex -10.268206588930328 10.934529411321176 10
    endloop
  endfacet
  facet normal 0 0 1
    outer loop
      vertex -10.644482289126818 22.620676311650488 10
      vertex -10.268206588930328 10.934529411321176 10
      vertex -9.561359846230344 11.55769864163684 10
    endloop
  endfacet
  facet normal 0 0 1
    outer loop
      vertex -10.644482289126818 22.620676311650488 10
      vertex -9.561359846230344 11.55769864163684 10
      vertex -8.816778784387097 12.135254915624213 10
    endloop
  endfacet
  facet normal 0 0 1
    outer loop
      vertex -13.395669874474919 21.108198137550374 10
      vertex -11.55769864163684 9.561359846230344 10
      vertex -12.04384185254288 21.90766700109659 10
    endloop
  endfacet
  facet normal 0 0 1
    outer loop
      vertex -12.04384185254288 21.90766700109659 10
      vertex -10.268206588930328 10.934529411321176 10
      vertex -10.644482289126818 22.620676311650488 10
    endloop
  endfacet
  facet normal 0 0 1
    outer loop
      vertex -9.203113817116947 23.244412147206287 10
      vertex -8.816778784387097 12.135254915624213 10
      vertex -8.037401924684952 12.664918882530225 10
    endloop
  endfacet
  facet normal 0 0 1
    outer loop
      vertex -9.203113817116947 23.244412147206287 10
      vertex -8.037401924684952 12.664918882530225 10
      vertex -7.226305111525728 13.144600200657953 10
    endloop
  endfacet
  facet normal 0 0 1
    outer loop
      vertex -7.7254248593736845 23.776412907378838 10
      vertex -7.226305111525728 13.144600200657953 10
      vertex -6.386689373476091 13.572405786990291 10
    endloop
  endfacet
  facet normal 0 0 1
    outer loop
      vertex -7.7254248593736845 23.776412907378838 10
      vertex -6.386689373476091 13.572405786990291 10
      vertex -5.521868290270168 13.946647288323772 10
    endloop
  endfacet
  facet normal 0 0 1
    outer loop
      vertex -10.644482289126818 22.620676311650488 10
      vertex -8.816778784387097 12.135254915624213 10
      vertex -9.203113817116947 23.244412147206287 10
    endloop
  endfacet
  facet normal 0 0 1
    outer loop
      vertex -9.203113817116947 23.244412147206287 10
      vertex -7.226305111525728 13.144600200657953 10
      vertex -7.7254248593736845 23.776412907378838 10
    endloop
  endfacet
  facet normal 0 0 1
    outer loop
      vertex -7.7254248593736845 23.776412907378838 10
      vertex -5.521868290270168 13.946647288323772 10
      vertex -6.2172471791213715 24.214579028215777 10
    endloop
  endfacet
  facet normal 0 0 1
    outer loop
      vertex -6.2172471791213715 24.214579028215777 10
      vertex -5.521868290270168 13.946647288323772 10
      vertex -4.635254915624211 14.265847744427303 10
    endloop
  endfacet
  facet normal 0 0 1
    outer loop
      vertex -4.684532864643114 24.557181268217217 10
      vertex -4.635254915624211 14.265847744427303 10
      vertex -3.7303483074728225 14.528747416929466 10
    endloop
  endfacet
  facet normal 0 0 1
    outer loop
      vertex -4.684532864643114 24.557181268217217 10
      vertex -3.7303483074728225 14.528747416929466 10
      vertex -2.810719718785869 14.73430876093033 10
    endloop
  endfacet
  facet normal 0 0 1
    outer loop
      vertex -3.1333308391076073 24.802867532861946 10
      vertex -2.810719718785869 14.73430876093033 10
      vertex -1.8799985034645643 14.881720519717168 10
    endloop
  endfacet
  facet normal 0 0 1
    outer loop
      vertex -3.1333308391076073 24.802867532861946 10
      vertex -1.8799985034645643 14.881720519717168 10
      vertex -0.9418577929396992 14.970400926424073 10
    endloop
  endfacet
  facet normal 0 0 1
    outer loop
      vertex -1.569762988232832 24.950668210706787 10
      vertex -0.9418577929396992 14.970400926424073 10
      vertex 0 15 10
    endloop
  endfacet
  facet normal 0 0 1
    outer loop
      vertex -6.2172471791213715 24.214579028215777 10
      vertex -4.635254915624211 14.265847744427303 10
      vertex -4.684532864643114 24.557181268217217 10
    endloop
  endfacet
  facet normal 0 0 1
    outer loop
      vertex -4.684532864643114 24.557181268217217 10
      vertex -2.810719718785869 14.73430876093033 10
      vertex -3.1333308391076073 24.802867532861946 10
    endloop
  endfacet
  facet normal 0 0 1
    outer loop
      vertex -3.1333308391076073 24.802867532861946 10
      vertex -0.9418577929396992 14.970400926424073 10
      vertex -1.569762988232832 24.950668210706787 10
    endloop
  endfacet
  facet normal 0 0 1
    outer loop
      vertex -1.569762988232832 24.950668210706787 10
      vertex 0 15 10
      vertex 0 25 10
    endloop
  endfacet
  facet normal 0 0 -1
    outer loop
      vertex 0 -25 -10
      vertex 1.318600910115589 -20.958561296993704 -10
      vertex 1.569762988232844 -24.950668210706787 -10
    endloop
  endfacet
  facet normal 0 0 -1
    outer loop
      vertex 0 -25 -10
      vertex 0 -21 -10
      vertex 1.318600910115589 -20.958561296993704 -10
    endloop
  endfacet
  facet normal 0 0 -1
    outer loop
      vertex 1.569762988232844 -24.950668210706787 -10
      vertex 2.6319979048503854 -20.834408727604036 -10
      vertex 3.1333308391076016 -24.802867532861946 -10
    endloop
  endfacet
  facet normal 0 0 -1
    outer loop
      vertex 1.569762988232844 -24.950668210706787 -10
      vertex 1.318600910115589 -20.958561296993704 -10
      vertex 2.6319979048503854 -20.834408727604036 -10
    endloop
  endfacet
  facet normal 0 0 -1
    outer loop
      vertex 3.1333308391076016 -24.802867532861946 -10
      vertex 2.6319979048503854 -20.834408727604036 -10
      vertex 3.9350076063002213 -20.628032265302462 -10
    endloop
  endfacet
  facet normal 0 0 -1
    outer loop
      vertex 3.1333308391076016 -24.802867532861946 -10
      vertex 3.9350076063002213 -20.628032265302462 -10
      vertex 4.684532864643121 -24.557181268217214 -10
    endloop
  endfacet
  facet normal 0 0 -1
    outer loop
      vertex 4.684532864643121 -24.557181268217214 -10
      vertex 5.222487630461943 -20.340246383701256 -10
      vertex 6.217247179121361 -24.21457902821578 -10
    endloop
  endfacet
  facet normal 0 0 -1
    outer loop
      vertex 4.684532864643121 -24.557181268217214 -10
      vertex 3.9350076063002213 -20.628032265302462 -10
      vertex 5.222487630461943 -20.340246383701256 -10
    endloop
  endfacet
  facet normal 0 0 -1
    outer loop
      vertex 6.217247179121361 -24.21457902821578 -10
      vertex 5.222487630461943 -20.340246383701256 -10
      vertex 6.489356881873896 -19.972186842198223 -10
    endloop
  endfacet
  facet normal 0 0 -1
    outer loop
      vertex 6.217247179121361 -24.21457902821578 -10
      vertex 6.489356881873896 -19.972186842198223 -10
      vertex 7.7254248593736845 -23.776412907378838 -10
    endloop
  endfacet
  facet normal 0 0 -1
    outer loop
      vertex 7.7254248593736845 -23.776412907378838 -10
      vertex 8.941365122866522 -19.00136810178641 -10
      vertex 9.203113817116959 -23.24441214720628 -10
    endloop
  endfacet
  facet normal 0 0 -1
    outer loop
      vertex 7.7254248593736845 -23.776412907378838 -10
      vertex 6.489356881873896 -19.972186842198223 -10
      vertex 7.730615606378246 -19.525306203653276 -10
    endloop
  endfacet
  facet normal 0 0 -1
    outer loop
      vertex 7.7254248593736845 -23.776412907378838 -10
      vertex 7.730615606378246 -19.525306203653276 -10
      vertex 8.941365122866522 -19.00136810178641 -10
    endloop
  endfacet
  facet normal 0 0 -1
    outer loop
      vertex 9.203113817116959 -23.24441214720628 -10
      vertex 10.116827156136022 -18.402440280921134 -10
      vertex 10.644482289126811 -22.620676311650488 -10
    endloop
  endfacet
  facet normal 0 0 -1
    outer loop
      vertex 9.203113817116959 -23.24441214720628 -10
      vertex 8.941365122866522 -19.00136810178641 -10
      vertex 10.116827156136022 -18.402440280921134 -10
    endloop
  endfacet
  facet normal 0 0 -1
    outer loop
      vertex 10.644482289126811 -22.620676311650488 -10
      vertex 10.116827156136022 -18.402440280921134 -10
      vertex 11.25236269455892 -17.73088643554232 -10
    endloop
  endfacet
  facet normal 0 0 -1
    outer loop
      vertex 10.644482289126811 -22.620676311650488 -10
      vertex 11.25236269455892 -17.73088643554232 -10
      vertex 12.043841852542885 -21.907667001096588 -10
    endloop
  endfacet
  facet normal 0 0 -1
    outer loop
      vertex 12.043841852542885 -21.907667001096588 -10
      vertex 11.25236269455892 -17.73088643554232 -10
      vertex 12.343490298141935 -16.989356881873896 -10
    endloop
  endfacet
  facet normal 0.03141075907812914 -0.9995065603657315 0
    outer loop
      vertex 0 -25 -10
      vertex 1.569762988232844 -24.950668210706787 -10
      vertex 1.569762988232844 -24.950668210706787 10
    endloop
  endfacet
  facet normal 0.09410831331851421 -0.99556196460308 0
    outer loop
      vertex 1.569762988232844 -24.950668210706787 -10
      vertex 3.1333308391076016 -24.802867532861946 -10
      vertex 3.1333308391076016 -24.802867532861946 10
    endloop
  endfacet
  facet normal 0.15643446504023198 -0.9876883405951377 0
    outer loop
      vertex 3.1333308391076016 -24.802867532861946 -10
      vertex 4.684532864643121 -24.557181268217214 -10
      vertex 4.684532864643121 -24.557181268217214 10
    endloop
  endfacet
  facet normal 0.2181432413965409 -0.9759167619387478 0
    outer loop
      vertex 4.684532864643121 -24.557181268217214 -10
      vertex 6.217247179121361 -24.21457902821578 -10
      vertex 6.217247179121361 -24.21457902821578 10
    endloop
  endfacet
  facet normal 0.27899110603923044 -0.9602936856769427 0
    outer loop
      vertex 6.217247179121361 -24.21457902821578 -10
      vertex 7.7254248593736845 -23.776412907378838 -10
      vertex 7.7254248593736845 -23.776412907378838 10
    endloop
  endfacet
  facet normal 0.33873792024529115 -0.9408807689542256 0
    outer loop
      vertex 7.7254248593736845 -23.776412907378838 -10
      vertex 9.203113817116959 -23.24441214720628 -10
      vertex 9.203113817116959 -23.24441214720628 10
    endloop
  endfacet
  facet normal 0.39714789063478123 -0.9177546256839809 0
    outer loop
      vertex 9.203113817116959 -23.24441214720628 -10
      vertex 10.644482289126811 -22.620676311650488 -10
      vertex 10.644482289126811 -22.620676311650488 10
    endloop
  endfacet
  facet normal 0.45399049973954575 -0.8910065241883683 0
    outer loop
      vertex 10.644482289126811 -22.620676311650488 -10
      vertex 12.043841852542885 -21.907667001096588 -10
      vertex 12.043841852542885 -21.907667001096588 10
    endloop
  endfacet
  facet normal 0 0 -1
    outer loop
      vertex 12.043841852542885 -21.907667001096588 -10
      vertex 12.343490298141935 -16.989356881873896 -10
      vertex 13.395669874474905 -21.10819813755038 -10
    endloop
  endfacet
  facet normal 0 0 -1
    outer loop
      vertex 13.395669874474905 -21.10819813755038 -10
      vertex 14.37548922450246 -15.308341175849645 -10
      vertex 14.694631307311829 -20.225424859373685 -10
    endloop
  endfacet
  facet normal 0 0 -1
    outer loop
      vertex 13.395669874474905 -21.10819813755038 -10
      vertex 12.343490298141935 -16.989356881873896 -10
      vertex 13.385903784722489 -16.18077809829157 -10
    endloop
  endfacet
  facet normal 0 0 -1
    outer loop
      vertex 13.395669874474905 -21.10819813755038 -10
      vertex 13.385903784722489 -16.18077809829157 -10
      vertex 14.37548922450246 -15.308341175849645 -10
    endloop
  endfacet
  facet normal 0 0 -1
    outer loop
      vertex 14.694631307311829 -20.225424859373685 -10
      vertex 15.308341175849645 -14.37548922450246 -10
      vertex 15.93559974371725 -19.262831069394725 -10
    endloop
  endfacet
  facet normal 0 0 -1
    outer loop
      vertex 14.694631307311829 -20.225424859373685 -10
      vertex 14.37548922450246 -15.308341175849645 -10
      vertex 15.308341175849645 -14.37548922450246 -10
    endloop
  endfacet
  facet normal 0 0 -1
    outer loop
      vertex 15.93559974371725 -19.262831069394725 -10
      vertex 15.308341175849645 -14.37548922450246 -10
      vertex 16.18077809829157 -13.385903784722489 -10
    endloop
  endfacet
  facet normal 0 0 -1
    outer loop
      vertex 15.93559974371725 -19.262831069394725 -10
      vertex 16.18077809829157 -13.385903784722489 -10
      vertex 17.113677648217212 -18.22421568553529 -10
    endloop
  endfacet
  facet normal 0 0 -1
    outer loop
      vertex 17.113677648217212 -18.22421568553529 -10
      vertex 16.18077809829157 -13.385903784722489 -10
      vertex 16.989356881873896 -12.343490298141935 -10
    endloop
  endfacet
  facet normal 0 0 -1
    outer loop
      vertex 17.113677648217212 -18.22421568553529 -10
      vertex 17.73088643554232 -11.25236269455892 -10
      vertex 18.22421568553529 -17.113677648217212 -10
    endloop
  endfacet
  facet normal 0 0 -1
    outer loop
      vertex 17.113677648217212 -18.22421568553529 -10
      vertex 16.989356881873896 -12.343490298141935 -10
      vertex 17.73088643554232 -11.25236269455892 -10
    endloop
  endfacet
  facet normal 0 0 -1
    outer loop
      vertex 18.22421568553529 -17.113677648217212 -10
      vertex 17.73088643554232 -11.25236269455892 -10
      vertex 18.402440280921134 -10.116827156136022 -10
    endloop
  endfacet
  facet normal 0 0 -1
    outer loop
      vertex 18.22421568553529 -17.113677648217212 -10
      vertex 19.00136810178641 -8.941365122866522 -10
      vertex 19.262831069394725 -15.93559974371725 -10
    endloop
  endfacet
  facet normal 0 0 -1
    outer loop
      vertex 19.262831069394725 -15.93559974371725 -10
      vertex 19.525306203653276 -7.730615606378246 -10
      vertex 20.225424859373685 -14.694631307311829 -10
    endloop
  endfacet
  facet normal 0.509041415750372 -0.8607420270039432 0
    outer loop
      vertex 12.043841852542885 -21.907667001096588 -10
      vertex 13.395669874474905 -21.10819813755038 -10
      vertex 13.395669874474905 -21.10819813755038 10
    endloop
  endfacet
  facet normal 0.5620833778521294 -0.8270805742745626 0
    outer loop
      vertex 13.395669874474905 -21.10819813755038 -10
      vertex 14.694631307311829 -20.225424859373685 -10
      vertex 14.694631307311829 -20.225424859373685 10
    endloop
  endfacet
  facet normal 0.6129070536529768 -0.7901550123756902 0
    outer loop
      vertex 14.694631307311829 -20.225424859373685 -10
      vertex 15.93559974371725 -19.262831069394725 -10
      vertex 15.93559974371725 -19.262831069394725 10
    endloop
  endfacet
  facet normal 0.6613118653236519 -0.7501110696304594 0
    outer loop
      vertex 15.93559974371725 -19.262831069394725 -10
      vertex 17.113677648217212 -18.22421568553529 -10
      vertex 17.113677648217212 -18.22421568553529 10
    endloop
  endfacet
  facet normal 0.7071067811865475 -0.7071067811865475 0
    outer loop
      vertex 17.113677648217212 -18.22421568553529 -10
      vertex 18.22421568553529 -17.113677648217212 -10
      vertex 17.113677648217212 -18.22421568553529 10
    endloop
  endfacet
  facet normal 0.7501110696304594 -0.6613118653236519 0
    outer loop
      vertex 18.22421568553529 -17.113677648217212 -10
      vertex 19.262831069394725 -15.93559974371725 -10
      vertex 18.22421568553529 -17.113677648217212 10
    endloop
  endfacet
  facet normal 0.7901550123756902 -0.6129070536529768 0
    outer loop
      vertex 19.262831069394725 -15.93559974371725 -10
      vertex 20.225424859373685 -14.694631307311829 -10
      vertex 19.262831069394725 -15.93559974371725 10
    endloop
  endfacet
  facet normal 0.8270805742745626 -0.5620833778521294 0
    outer loop
      vertex 20.225424859373685 -14.694631307311829 -10
      vertex 21.10819813755038 -13.395669874474905 -10
      vertex 20.225424859373685 -14.694631307311829 10
    endloop
  endfacet
  facet normal 0.8607420270039432 -0.509041415750372 0
    outer loop
      vertex 21.10819813755038 -13.395669874474905 -10
      vertex 21.907667001096588 -12.043841852542885 -10
      vertex 21.10819813755038 -13.395669874474905 10
    endloop
  endfacet
  facet normal 0 0 -1
    outer loop
      vertex 18.22421568553529 -17.113677648217212 -10
      vertex 18.402440280921134 -10.116827156136022 -10
      vertex 19.00136810178641 -8.941365122866522 -10
    endloop
  endfacet
  facet normal 0 0 -1
    outer loop
      vertex 19.262831069394725 -15.93559974371725 -10
      vertex 19.00136810178641 -8.941365122866522 -10
      vertex 19.525306203653276 -7.730615606378246 -10
    endloop
  endfacet
  facet normal 0 0 -1
    outer loop
      vertex 20.225424859373685 -14.694631307311829 -10
      vertex 19.525306203653276 -7.730615606378246 -10
      vertex 19.972186842198223 -6.489356881873896 -10
    endloop
  endfacet
  facet normal 0 0 -1
    outer loop
      vertex 20.225424859373685 -14.694631307311829 -10
      vertex 20.628032265302462 -3.9350076063002213 -10
      vertex 21.10819813755038 -13.395669874474905 -10
    endloop
  endfacet
  facet normal 0 0 -1
    outer loop
      vertex 20.225424859373685 -14.694631307311829 -10
      vertex 19.972186842198223 -6.489356881873896 -10
      vertex 20.340246383701256 -5.222487630461943 -10
    endloop
  endfacet
  facet normal 0 0 -1
    outer loop
      vertex 20.225424859373685 -14.694631307311829 -10
      vertex 20.340246383701256 -5.222487630461943 -10
      vertex 20.628032265302462 -3.9350076063002213 -10
    endloop
  endfacet
  facet normal 0 0 -1
    outer loop
      vertex 21.10819813755038 -13.395669874474905 -10
      vertex 20.628032265302462 -3.9350076063002213 -10
      vertex 20.834408727604036 -2.6319979048503854 -10
    endloop
  endfacet
  facet normal 0 0 -1
    outer loop
      vertex 21.10819813755038 -13.395669874474905 -10
      vertex 20.834408727604036 -2.6319979048503854 -10
      vertex 20.958561296993704 -1.318600910115589 -10
    endloop
  endfacet
  facet normal 0 0 -1
    outer loop
      vertex 21.10819813755038 -13.395669874474905 -10
      vertex 20.958561296993704 -1.318600910115589 -10
      vertex 21 0 -10
    endloop
  endfacet
  facet normal 0 0 -1
    outer loop
      vertex 21.10819813755038 -13.395669874474905 -10
      vertex 21.90766700109659 12.043841852542883 -10
      vertex 21.907667001096588 -12.043841852542885 -10
    endloop
  endfacet
  facet normal 0 0 -1
    outer loop
      vertex 21.907667001096588 -12.043841852542885 -10
      vertex 22.620676311650488 10.644482289126817 -10
      vertex 22.620676311650488 -10.644482289126811 -10
    endloop
  endfacet
  facet normal 0 0 -1
    outer loop
      vertex 22.620676311650488 -10.644482289126811 -10
      vertex 23.244412147206283 9.20311381711695 -10
      vertex 23.24441214720628 -9.203113817116959 -10
    endloop
  endfacet
  facet normal 0 0 -1
    outer loop
      vertex 23.24441214720628 -9.203113817116959 -10
      vertex 23.776412907378838 7.7254248593736845 -10
      vertex 23.776412907378838 -7.7254248593736845 -10
    endloop
  endfacet
  facet normal 0 0 -1
    outer loop
      vertex 23.776412907378838 -7.7254248593736845 -10
      vertex 24.214579028215777 6.21724717912137 -10
      vertex 24.21457902821578 -6.217247179121361 -10
    endloop
  endfacet
  facet normal 0 0 -1
    outer loop
      vertex 24.21457902821578 -6.217247179121361 -10
      vertex 24.557181268217217 4.684532864643116 -10
      vertex 24.557181268217214 -4.684532864643121 -10
    endloop
  endfacet
  facet normal 0 0 -1
    outer loop
      vertex 24.557181268217214 -4.684532864643121 -10
      vertex 24.802867532861946 3.1333308391076065 -10
      vertex 24.802867532861946 -3.1333308391076016 -10
    endloop
  endfacet
  facet normal 0 0 -1
    outer loop
      vertex 24.802867532861946 -3.1333308391076016 -10
      vertex 24.950668210706787 1.5697629882328343 -10
      vertex 24.950668210706787 -1.569762988232844 -10
    endloop
  endfacet
  facet normal 0 0 -1
    outer loop
      vertex 24.950668210706787 -1.569762988232844 -10
      vertex 24.950668210706787 1.5697629882328343 -10
      vertex 25 0 -10
    endloop
  endfacet
  facet normal 0.8910065241883683 -0.45399049973954575 0
    outer loop
      vertex 21.907667001096588 -12.043841852542885 -10
      vertex 22.620676311650488 -10.644482289126811 -10
      vertex 21.907667001096588 -12.043841852542885 10
    endloop
  endfacet
  facet normal 0.9177546256839809 -0.39714789063478123 0
    outer loop
      vertex 22.620676311650488 -10.644482289126811 -10
      vertex 23.24441214720628 -9.203113817116959 -10
      vertex 22.620676311650488 -10.644482289126811 10
    endloop
  endfacet
  facet normal 0.9408807689542256 -0.33873792024529115 0
    outer loop
      vertex 23.24441214720628 -9.203113817116959 -10
      vertex 23.776412907378838 -7.7254248593736845 -10
      vertex 23.24441214720628 -9.203113817116959 10
    endloop
  endfacet
  facet normal 0.9602936856769427 -0.27899110603923044 0
    outer loop
      vertex 23.776412907378838 -7.7254248593736845 -10
      vertex 24.21457902821578 -6.217247179121361 -10
      vertex 23.776412907378838 -7.7254248593736845 10
    endloop
  endfacet
  facet normal 0.9759167619387478 -0.2181432413965409 0
    outer loop
      vertex 24.21457902821578 -6.217247179121361 -10
      vertex 24.557181268217214 -4.684532864643121 -10
      vertex 24.21457902821578 -6.217247179121361 10
    endloop
  endfacet
  facet normal 0.9876883405951377 -0.15643446504023198 0
    outer loop
      vertex 24.557181268217214 -4.684532864643121 -10
      vertex 24.802867532861946 -3.1333308391076016 -10
      vertex 24.557181268217214 -4.684532864643121 10
    endloop
  endfacet
  facet normal 0.99556196460308 -0.09410831331851421 0
    outer loop
      vertex 24.802867532861946 -3.1333308391076016 -10
      vertex 24.950668210706787 -1.569762988232844 -10
      vertex 24.802867532861946 -3.1333308391076016 10
    endloop
  endfacet
  facet normal 0.9995065603657315 -0.03141075907812914 0
    outer loop
      vertex 24.950668210706787 -1.569762988232844 -10
      vertex 25 0 -10
      vertex 24.950668210706787 -1.569762988232844 10
    endloop
  endfacet
  facet normal 0.03141075907812914 -0.9995065603657315 0
    outer loop
      vertex 0 -25 -10
      vertex 1.569762988232844 -24.950668210706787 10
      vertex 0 -25 10
    endloop
  endfacet
  facet normal 0.09410831331851421 -0.99556196460308 0
    outer loop
      vertex 1.569762988232844 -24.950668210706787 -10
      vertex 3.1333308391076016 -24.802867532861946 10
      vertex 1.569762988232844 -24.950668210706787 10
    endloop
  endfacet
  facet normal 0.15643446504023198 -0.9876883405951377 0
    outer loop
      vertex 3.1333308391076016 -24.802867532861946 -10
      vertex 4.684532864643121 -24.557181268217214 10
      vertex 3.1333308391076016 -24.802867532861946 10
    endloop
  endfacet
  facet normal 0.2181432413965409 -0.9759167619387478 0
    outer loop
      vertex 4.684532864643121 -24.557181268217214 -10
      vertex 6.217247179121361 -24.21457902821578 10
      vertex 4.684532864643121 -24.557181268217214 10
    endloop
  endfacet
  facet normal 0.27899110603923044 -0.9602936856769427 0
    outer loop
      vertex 6.217247179121361 -24.21457902821578 -10
      vertex 7.7254248593736845 -23.776412907378838 10
      vertex 6.217247179121361 -24.21457902821578 10
    endloop
  endfacet
  facet normal 0.33873792024529115 -0.9408807689542256 0
    outer loop
      vertex 7.7254248593736845 -23.776412907378838 -10
      vertex 9.203113817116959 -23.24441214720628 10
      vertex 7.7254248593736845 -23.776412907378838 10
    endloop
  endfacet
  facet normal 0.39714789063478123 -0.9177546256839809 0
    outer loop
      vertex 9.203113817116959 -23.24441214720628 -10
      vertex 10.644482289126811 -22.620676311650488 10
      vertex 9.203113817116959 -23.24441214720628 10
    endloop
  endfacet
  facet normal 0.45399049973954575 -0.8910065241883683 0
    outer loop
      vertex 10.644482289126811 -22.620676311650488 -10
      vertex 12.043841852542885 -21.907667001096588 10
      vertex 10.644482289126811 -22.620676311650488 10
    endloop
  endfacet
  facet normal 0.509041415750372 -0.8607420270039432 0
    outer loop
      vertex 12.043841852542885 -21.907667001096588 -10
      vertex 13.395669874474905 -21.10819813755038 10
      vertex 12.043841852542885 -21.907667001096588 10
    endloop
  endfacet
  facet normal 0 0 1
    outer loop
      vertex 0 -25 10
      vertex 1.569762988232844 -24.950668210706787 10
      vertex 0 -15 10
    endloop
  endfacet
  facet normal 0 0 1
    outer loop
      vertex 1.569762988232844 -24.950668210706787 10
      vertex 3.1333308391076016 -24.802867532861946 10
      vertex 0.9418577929397064 -14.970400926424073 10
    endloop
  endfacet
  facet normal 0 0 1
    outer loop
      vertex 3.1333308391076016 -24.802867532861946 10
      vertex 4.684532864643121 -24.557181268217214 10
      vertex 2.8107197187858723 -14.734308760930329 10
    endloop
  endfacet
  facet normal 0 0 1
    outer loop
      vertex 4.684532864643121 -24.557181268217214 10
      vertex 6.217247179121361 -24.21457902821578 10
      vertex 4.635254915624211 -14.265847744427303 10
    endloop
  endfacet
  facet normal 0 0 1
    outer loop
      vertex 1.569762988232844 -24.950668210706787 10
      vertex 0.9418577929397064 -14.970400926424073 10
      vertex 0 -15 10
    endloop
  endfacet
  facet normal 0 0 1
    outer loop
      vertex 3.1333308391076016 -24.802867532861946 10
      vertex 1.879998503464561 -14.881720519717168 10
      vertex 0.9418577929397064 -14.970400926424073 10
    endloop
  endfacet
  facet normal 0 0 1
    outer loop
      vertex 3.1333308391076016 -24.802867532861946 10
      vertex 2.8107197187858723 -14.734308760930329 10
      vertex 1.879998503464561 -14.881720519717168 10
    endloop
  endfacet
  facet normal 0 0 1
    outer loop
      vertex 4.684532864643121 -24.557181268217214 10
      vertex 3.7303483074728163 -14.528747416929468 10
      vertex 2.8107197187858723 -14.734308760930329 10
    endloop
  endfacet
  facet normal 0 0 1
    outer loop
      vertex 4.684532864643121 -24.557181268217214 10
      vertex 4.635254915624211 -14.265847744427303 10
      vertex 3.7303483074728163 -14.528747416929468 10
    endloop
  endfacet
  facet normal 0 0 1
    outer loop
      vertex 6.217247179121361 -24.21457902821578 10
      vertex 5.5218682902701755 -13.946647288323769 10
      vertex 4.635254915624211 -14.265847744427303 10
    endloop
  endfacet
  facet normal 0 0 1
    outer loop
      vertex 6.217247179121361 -24.21457902821578 10
      vertex 7.7254248593736845 -23.776412907378838 10
      vertex 5.5218682902701755 -13.946647288323769 10
    endloop
  endfacet
  facet normal 0 0 1
    outer loop
      vertex 7.7254248593736845 -23.776412907378838 10
      vertex 9.203113817116959 -23.24441214720628 10
      vertex 7.226305111525731 -13.144600200657951 10
    endloop
  endfacet
  facet normal 0 0 1
    outer loop
      vertex 9.203113817116959 -23.24441214720628 10
      vertex 10.644482289126811 -22.620676311650488 10
      vertex 8.816778784387097 -12.135254915624213 10
    endloop
  endfacet
  facet normal 0 0 1
    outer loop
      vertex 7.7254248593736845 -23.776412907378838 10
      vertex 6.386689373476086 -13.572405786990293 10
      vertex 5.5218682902701755 -13.946647288323769 10
    endloop
  endfacet
  facet normal 0 0 1
    outer loop
      vertex 7.7254248593736845 -23.776412907378838 10
      vertex 7.226305111525731 -13.144600200657951 10
      vertex 6.386689373476086 -13.572405786990293 10
    endloop
  endfacet
  facet normal 0 0 1
    outer loop
      vertex 9.203113817116959 -23.24441214720628 10
      vertex 8.037401924684943 -12.66491888253023 10
      vertex 7.226305111525731 -13.144600200657951 10
    endloop
  endfacet
  facet normal 0 0 1
    outer loop
      vertex 9.203113817116959 -23.24441214720628 10
      vertex 8.816778784387097 -12.135254915624213 10
      vertex 8.037401924684943 -12.66491888253023 10
    endloop
  endfacet
  facet normal 0 0 1
    outer loop
      vertex 10.644482289126811 -22.620676311650488 10
      vertex 12.043841852542885 -21.907667001096588 10
      vertex 10.268206588930328 -10.934529411321176 10
    endloop
  endfacet
  facet normal 0 0 1
    outer loop
      vertex 12.043841852542885 -21.907667001096588 10
      vertex 13.395669874474905 -21.10819813755038 10
      vertex 11.557698641636836 -9.56135984623035 10
    endloop
  endfacet
  facet normal 0 0 1
    outer loop
      vertex 10.644482289126811 -22.620676311650488 10
      vertex 9.56135984623035 -11.557698641636836 10
      vertex 8.816778784387097 -12.135254915624213 10
    endloop
  endfacet
  facet normal 0 0 1
    outer loop
      vertex 10.644482289126811 -22.620676311650488 10
      vertex 10.268206588930328 -10.934529411321176 10
      vertex 9.56135984623035 -11.557698641636836 10
    endloop
  endfacet
  facet normal 0 0 1
    outer loop
      vertex 12.043841852542885 -21.907667001096588 10
      vertex 10.934529411321176 -10.268206588930328 10
      vertex 10.268206588930328 -10.934529411321176 10
    endloop
  endfacet
  facet normal 0 0 1
    outer loop
      vertex 12.043841852542885 -21.907667001096588 10
      vertex 11.557698641636836 -9.56135984623035 10
      vertex 10.934529411321176 -10.268206588930328 10
    endloop
  endfacet
  facet normal 0 0 1
    outer loop
      vertex 13.395669874474905 -21.10819813755038 10
      vertex 12.135254915624213 -8.816778784387097 10
      vertex 11.557698641636836 -9.56135984623035 10
    endloop
  endfacet
  facet normal 0.5620833778521294 -0.8270805742745626 0
    outer loop
      vertex 13.395669874474905 -21.10819813755038 -10
      vertex 14.694631307311829 -20.225424859373685 10
      vertex 13.395669874474905 -21.10819813755038 10
    endloop
  endfacet
  facet normal 0.6129070536529768 -0.7901550123756902 0
    outer loop
      vertex 14.694631307311829 -20.225424859373685 -10
      vertex 15.93559974371725 -19.262831069394725 10
      vertex 14.694631307311829 -20.225424859373685 10
    endloop
  endfacet
  facet normal 0.6613118653236519 -0.7501110696304594 0
    outer loop
      vertex 15.93559974371725 -19.262831069394725 -10
      vertex 17.113677648217212 -18.22421568553529 10
      vertex 15.93559974371725 -19.262831069394725 10
    endloop
  endfacet
  facet normal 0.7071067811865475 -0.7071067811865475 0
    outer loop
      vertex 18.22421568553529 -17.113677648217212 -10
      vertex 18.22421568553529 -17.113677648217212 10
      vertex 17.113677648217212 -18.22421568553529 10
    endloop
  endfacet
  facet normal 0.7501110696304594 -0.6613118653236519 0
    outer loop
      vertex 19.262831069394725 -15.93559974371725 -10
      vertex 19.262831069394725 -15.93559974371725 10
      vertex 18.22421568553529 -17.113677648217212 10
    endloop
  endfacet
  facet normal 0.7901550123756902 -0.6129070536529768 0
    outer loop
      vertex 20.225424859373685 -14.694631307311829 -10
      vertex 20.225424859373685 -14.694631307311829 10
      vertex 19.262831069394725 -15.93559974371725 10
    endloop
  endfacet
  facet normal 0.8270805742745626 -0.5620833778521294 0
    outer loop
      vertex 21.10819813755038 -13.395669874474905 -10
      vertex 21.10819813755038 -13.395669874474905 10
      vertex 20.225424859373685 -14.694631307311829 10
    endloop
  endfacet
  facet normal 0 0 1
    outer loop
      vertex 13.395669874474905 -21.10819813755038 10
      vertex 14.694631307311829 -20.225424859373685 10
      vertex 13.144600200657951 -7.226305111525731 10
    endloop
  endfacet
  facet normal 0 0 1
    outer loop
      vertex 13.395669874474905 -21.10819813755038 10
      vertex 12.66491888253023 -8.037401924684943 10
      vertex 12.135254915624213 -8.816778784387097 10
    endloop
  endfacet
  facet normal 0 0 1
    outer loop
      vertex 14.694631307311829 -20.225424859373685 10
      vertex 15.93559974371725 -19.262831069394725 10
      vertex 14.528747416929468 -3.7303483074728163 10
    endloop
  endfacet
  facet normal 0.8607420270039432 -0.509041415750372 0
    outer loop
      vertex 21.907667001096588 -12.043841852542885 -10
      vertex 21.907667001096588 -12.043841852542885 10
      vertex 21.10819813755038 -13.395669874474905 10
    endloop
  endfacet
  facet normal 0.8910065241883683 -0.45399049973954575 0
    outer loop
      vertex 22.620676311650488 -10.644482289126811 -10
      vertex 22.620676311650488 -10.644482289126811 10
      vertex 21.907667001096588 -12.043841852542885 10
    endloop
  endfacet
  facet normal 0.9177546256839809 -0.39714789063478123 0
    outer loop
      vertex 23.24441214720628 -9.203113817116959 -10
      vertex 23.24441214720628 -9.203113817116959 10
      vertex 22.620676311650488 -10.644482289126811 10
    endloop
  endfacet
  facet normal 0.9408807689542256 -0.33873792024529115 0
    outer loop
      vertex 23.776412907378838 -7.7254248593736845 -10
      vertex 23.776412907378838 -7.7254248593736845 10
      vertex 23.24441214720628 -9.203113817116959 10
    endloop
  endfacet
  facet normal 0.9602936856769427 -0.27899110603923044 0
    outer loop
      vertex 24.21457902821578 -6.217247179121361 -10
      vertex 24.21457902821578 -6.217247179121361 10
      vertex 23.776412907378838 -7.7254248593736845 10
    endloop
  endfacet
  facet normal 0.9759167619387478 -0.2181432413965409 0
    outer loop
      vertex 24.557181268217214 -4.684532864643121 -10
      vertex 24.557181268217214 -4.684532864643121 10
      vertex 24.21457902821578 -6.217247179121361 10
    endloop
  endfacet
  facet normal 0.9876883405951377 -0.15643446504023198 0
    outer loop
      vertex 24.802867532861946 -3.1333308391076016 -10
      vertex 24.802867532861946 -3.1333308391076016 10
      vertex 24.557181268217214 -4.684532864643121 10
    endloop
  endfacet
  facet normal 0.99556196460308 -0.09410831331851421 0
    outer loop
      vertex 24.950668210706787 -1.569762988232844 -10
      vertex 24.950668210706787 -1.569762988232844 10
      vertex 24.802867532861946 -3.1333308391076016 10
    endloop
  endfacet
  facet normal 0.9995065603657315 -0.03141075907812914 0
    outer loop
      vertex 24.950668210706787 -1.569762988232844 10
      vertex 25 0 -10
      vertex 25 0 10
    endloop
  endfacet
  facet normal 0 0 1
    outer loop
      vertex 13.395669874474905 -21.10819813755038 10
      vertex 13.144600200657951 -7.226305111525731 10
      vertex 12.66491888253023 -8.037401924684943 10
    endloop
  endfacet
  facet normal 0 0 1
    outer loop
      vertex 14.694631307311829 -20.225424859373685 10
      vertex 13.572405786990293 -6.386689373476086 10
      vertex 13.144600200657951 -7.226305111525731 10
    endloop
  endfacet
  facet normal 0 0 1
    outer loop
      vertex 14.694631307311829 -20.225424859373685 10
      vertex 13.946647288323769 -5.5218682902701755 10
      vertex 13.572405786990293 -6.386689373476086 10
    endloop
  endfacet
  facet normal 0 0 1
    outer loop
      vertex 14.694631307311829 -20.225424859373685 10
      vertex 14.265847744427303 -4.635254915624211 10
      vertex 13.946647288323769 -5.5218682902701755 10
    endloop
  endfacet
  facet normal 0 0 1
    outer loop
      vertex 14.694631307311829 -20.225424859373685 10
      vertex 14.528747416929468 -3.7303483074728163 10
      vertex 14.265847744427303 -4.635254915624211 10
    endloop
  endfacet
  facet normal 0 0 1
    outer loop
      vertex 15.93559974371725 -19.262831069394725 10
      vertex 14.734308760930329 -2.8107197187858723 10
      vertex 14.528747416929468 -3.7303483074728163 10
    endloop
  endfacet
  facet normal 0 0 1
    outer loop
      vertex 15.93559974371725 -19.262831069394725 10
      vertex 14.881720519717168 -1.879998503464561 10
      vertex 14.734308760930329 -2.8107197187858723 10
    endloop
  endfacet
  facet normal 0 0 1
    outer loop
      vertex 15.93559974371725 -19.262831069394725 10
      vertex 14.970400926424073 -0.9418577929397064 10
      vertex 14.881720519717168 -1.879998503464561 10
    endloop
  endfacet
  facet normal 0 0 1
    outer loop
      vertex 15.93559974371725 -19.262831069394725 10
      vertex 15 0 10
      vertex 14.970400926424073 -0.9418577929397064 10
    endloop
  endfacet
  facet normal 0 0 1
    outer loop
      vertex 15.93559974371725 -19.262831069394725 10
      vertex 17.113677648217212 -18.22421568553529 10
      vertex 15.935599743717244 19.26283106939473 10
    endloop
  endfacet
  facet normal 0 0 1
    outer loop
      vertex 17.113677648217212 -18.22421568553529 10
      vertex 18.22421568553529 -17.113677648217212 10
      vertex 17.11367764821722 18.224215685535288 10
    endloop
  endfacet
  facet normal 0 0 1
    outer loop
      vertex 18.22421568553529 -17.113677648217212 10
      vertex 19.262831069394725 -15.93559974371725 10
      vertex 18.224215685535288 17.11367764821722 10
    endloop
  endfacet
  facet normal 0 0 1
    outer loop
      vertex 19.262831069394725 -15.93559974371725 10
      vertex 20.225424859373685 -14.694631307311829 10
      vertex 19.26283106939473 15.935599743717244 10
    endloop
  endfacet
  facet normal 0 0 1
    outer loop
      vertex 20.225424859373685 -14.694631307311829 10
      vertex 21.10819813755038 -13.395669874474905 10
      vertex 20.225424859373685 14.694631307311829 10
    endloop
  endfacet
  facet normal 0 0 1
    outer loop
      vertex 21.10819813755038 -13.395669874474905 10
      vertex 21.907667001096588 -12.043841852542885 10
      vertex 21.108198137550378 13.395669874474917 10
    endloop
  endfacet
  facet normal 0 0 1
    outer loop
      vertex 21.907667001096588 -12.043841852542885 10
      vertex 22.620676311650488 -10.644482289126811 10
      vertex 21.90766700109659 12.043841852542883 10
    endloop
  endfacet
  facet normal 0 0 1
    outer loop
      vertex 22.620676311650488 -10.644482289126811 10
      vertex 23.24441214720628 -9.203113817116959 10
      vertex 22.620676311650488 10.644482289126817 10
    endloop
  endfacet
  facet normal 0 0 1
    outer loop
      vertex 23.24441214720628 -9.203113817116959 10
      vertex 23.776412907378838 -7.7254248593736845 10
      vertex 23.244412147206283 9.20311381711695 10
    endloop
  endfacet
  facet normal 0 0 1
    outer loop
      vertex 23.776412907378838 -7.7254248593736845 10
      vertex 24.21457902821578 -6.217247179121361 10
      vertex 23.776412907378838 7.7254248593736845 10
    endloop
  endfacet
  facet normal 0 0 1
    outer loop
      vertex 24.21457902821578 -6.217247179121361 10
      vertex 24.557181268217214 -4.684532864643121 10
      vertex 24.214579028215777 6.21724717912137 10
    endloop
  endfacet
  facet normal 0 0 1
    outer loop
      vertex 24.557181268217214 -4.684532864643121 10
      vertex 24.802867532861946 -3.1333308391076016 10
      vertex 24.557181268217217 4.684532864643116 10
    endloop
  endfacet
  facet normal 0 0 1
    outer loop
      vertex 24.802867532861946 -3.1333308391076016 10
      vertex 24.950668210706787 -1.569762988232844 10
      vertex 24.802867532861946 3.1333308391076065 10
    endloop
  endfacet
  facet normal 0 0 1
    outer loop
      vertex 24.950668210706787 -1.569762988232844 10
      vertex 25 0 10
      vertex 24.950668210706787 1.5697629882328343 10
    endloop
  endfacet
  facet normal 0 0 -1
    outer loop
      vertex 1.569762988232832 24.950668210706787 -10
      vertex 1.318600910115579 20.958561296993704 -10
      vertex 0 21 -10
    endloop
  endfacet
  facet normal 0 0 -1
    outer loop
      vertex 0 25 -10
      vertex 1.569762988232832 24.950668210706787 -10
      vertex 0 21 -10
    endloop
  endfacet
  facet normal 0 0 -1
    outer loop
      vertex 3.1333308391076073 24.802867532861946 -10
      vertex 2.63199790485039 20.834408727604036 -10
      vertex 1.318600910115579 20.958561296993704 -10
    endloop
  endfacet
  facet normal 0 0 -1
    outer loop
      vertex 1.569762988232832 24.950668210706787 -10
      vertex 3.1333308391076073 24.802867532861946 -10
      vertex 1.318600910115579 20.958561296993704 -10
    endloop
  endfacet
  facet normal 0 0 -1
    outer loop
      vertex 6.2172471791213715 24.214579028215777 -10
      vertex 5.222487630461952 20.340246383701253 -10
      vertex 3.935007606300216 20.628032265302462 -10
    endloop
  endfacet
  facet normal 0 0 -1
    outer loop
      vertex 4.684532864643114 24.557181268217217 -10
      vertex 3.935007606300216 20.628032265302462 -10
      vertex 2.63199790485039 20.834408727604036 -10
    endloop
  endfacet
  facet normal 0 0 -1
    outer loop
      vertex 3.1333308391076073 24.802867532861946 -10
      vertex 4.684532864643114 24.557181268217217 -10
      vertex 2.63199790485039 20.834408727604036 -10
    endloop
  endfacet
  facet normal 0 0 -1
    outer loop
      vertex 4.684532864643114 24.557181268217217 -10
      vertex 6.2172471791213715 24.214579028215777 -10
      vertex 3.935007606300216 20.628032265302462 -10
    endloop
  endfacet
  facet normal 0 0 -1
    outer loop
      vertex 13.395669874474917 21.108198137550378 -10
      vertex 12.343490298141935 16.989356881873896 -10
      vertex 11.25236269455893 17.730886435542317 -10
    endloop
  endfacet
  facet normal 0 0 -1
    outer loop
      vertex 7.7254248593736845 23.776412907378838 -10
      vertex 6.489356881873896 19.972186842198223 -10
      vertex 5.222487630461952 20.340246383701253 -10
    endloop
  endfacet
  facet normal 0 0 -1
    outer loop
      vertex 9.203113817116947 23.244412147206287 -10
      vertex 7.730615606378235 19.52530620365328 -10
      vertex 6.489356881873896 19.972186842198223 -10
    endloop
  endfacet
  facet normal 0 0 -1
    outer loop
      vertex 9.203113817116947 23.244412147206287 -10
      vertex 8.941365122866527 19.001368101786408 -10
      vertex 7.730615606378235 19.52530620365328 -10
    endloop
  endfacet
  facet normal 0 0 -1
    outer loop
      vertex 6.2172471791213715 24.214579028215777 -10
      vertex 7.7254248593736845 23.776412907378838 -10
      vertex 5.222487630461952 20.340246383701253 -10
    endloop
  endfacet
  facet normal 0 0 -1
    outer loop
      vertex 7.7254248593736845 23.776412907378838 -10
      vertex 9.203113817116947 23.244412147206287 -10
      vertex 6.489356881873896 19.972186842198223 -10
    endloop
  endfacet
  facet normal 0 0 -1
    outer loop
      vertex 10.644482289126818 22.620676311650488 -10
      vertex 10.116827156136019 18.402440280921134 -10
      vertex 8.941365122866527 19.001368101786408 -10
    endloop
  endfacet
  facet normal 0 0 -1
    outer loop
      vertex 9.203113817116947 23.244412147206287 -10
      vertex 10.644482289126818 22.620676311650488 -10
      vertex 8.941365122866527 19.001368101786408 -10
    endloop
  endfacet
  facet normal 0 0 -1
    outer loop
      vertex 10.644482289126818 22.620676311650488 -10
      vertex 12.04384185254288 21.90766700109659 -10
      vertex 10.116827156136019 18.402440280921134 -10
    endloop
  endfacet
  facet normal 0 0 -1
    outer loop
      vertex 12.04384185254288 21.90766700109659 -10
      vertex 11.25236269455893 17.730886435542317 -10
      vertex 10.116827156136019 18.402440280921134 -10
    endloop
  endfacet
  facet normal 0 0 -1
    outer loop
      vertex 12.04384185254288 21.90766700109659 -10
      vertex 13.395669874474917 21.108198137550378 -10
      vertex 11.25236269455893 17.730886435542317 -10
    endloop
  endfacet
  facet normal 0.03141075907812938 0.9995065603657315 0
    outer loop
      vertex 0 25 -10
      vertex 0 25 10
      vertex 1.569762988232832 24.950668210706787 -10
    endloop
  endfacet
  facet normal 0.09410831331851312 0.9955619646030801 0
    outer loop
      vertex 1.569762988232832 24.950668210706787 -10
      vertex 1.569762988232832 24.950668210706787 10
      vertex 3.1333308391076073 24.802867532861946 -10
    endloop
  endfacet
  facet normal 0.15643446504023092 0.9876883405951378 0
    outer loop
      vertex 3.1333308391076073 24.802867532861946 -10
      vertex 3.1333308391076073 24.802867532861946 10
      vertex 4.684532864643114 24.557181268217217 -10
    endloop
  endfacet
  facet normal 0.21814324139654293 0.9759167619387473 0
    outer loop
      vertex 4.684532864643114 24.557181268217217 -10
      vertex 4.684532864643114 24.557181268217217 10
      vertex 6.2172471791213715 24.214579028215777 -10
    endloop
  endfacet
  facet normal 0.27899110603923016 0.9602936856769427 0
    outer loop
      vertex 6.2172471791213715 24.214579028215777 -10
      vertex 6.2172471791213715 24.214579028215777 10
      vertex 7.7254248593736845 23.776412907378838 -10
    endloop
  endfacet
  facet normal 0.33873792024528965 0.9408807689542261 0
    outer loop
      vertex 7.7254248593736845 23.776412907378838 -10
      vertex 7.7254248593736845 23.776412907378838 10
      vertex 9.203113817116947 23.244412147206287 -10
    endloop
  endfacet
  facet normal 0.5090414157503704 0.8607420270039442 0
    outer loop
      vertex 12.04384185254288 21.90766700109659 -10
      vertex 12.04384185254288 21.90766700109659 10
      vertex 13.395669874474917 21.108198137550378 -10
    endloop
  endfacet
  facet normal 0.3971478906347805 0.9177546256839811 0
    outer loop
      vertex 9.203113817116947 23.244412147206287 -10
      vertex 9.203113817116947 23.244412147206287 10
      vertex 10.644482289126818 22.620676311650488 -10
    endloop
  endfacet
  facet normal 0.45399049973954714 0.8910065241883677 0
    outer loop
      vertex 10.644482289126818 22.620676311650488 -10
      vertex 10.644482289126818 22.620676311650488 10
      vertex 12.04384185254288 21.90766700109659 -10
    endloop
  endfacet
  facet normal 0 0 -1
    outer loop
      vertex 19.26283106939473 15.935599743717244 -10
      vertex 18.402440280921134 10.116827156136022 -10
      vertex 17.730886435542317 11.25236269455893 -10
    endloop
  endfacet
  facet normal 0 0 -1
    outer loop
      vertex 21.10819813755038 -13.395669874474905 -10
      vertex 21 0 -10
      vertex 21.108198137550378 13.395669874474917 -10
    endloop
  endfacet
  facet normal 0 0 -1
    outer loop
      vertex 21.10819813755038 -13.395669874474905 -10
      vertex 21.108198137550378 13.395669874474917 -10
      vertex 21.90766700109659 12.043841852542883 -10
    endloop
  endfacet
  facet normal 0 0 -1
    outer loop
      vertex 21.108198137550378 13.395669874474917 -10
      vertex 21 0 -10
      vertex 20.958561296993704 1.318600910115581 -10
    endloop
  endfacet
  facet normal 0 0 -1
    outer loop
      vertex 21.108198137550378 13.395669874474917 -10
      vertex 20.958561296993704 1.318600910115581 -10
      vertex 20.834408727604036 2.6319979048503894 -10
    endloop
  endfacet
  facet normal 0 0 -1
    outer loop
      vertex 22.620676311650488 -10.644482289126811 -10
      vertex 22.620676311650488 10.644482289126817 -10
      vertex 23.244412147206283 9.20311381711695 -10
    endloop
  endfacet
  facet normal 0 0 -1
    outer loop
      vertex 23.24441214720628 -9.203113817116959 -10
      vertex 23.244412147206283 9.20311381711695 -10
      vertex 23.776412907378838 7.7254248593736845 -10
    endloop
  endfacet
  facet normal 0 0 -1
    outer loop
      vertex 24.802867532861946 -3.1333308391076016 -10
      vertex 24.802867532861946 3.1333308391076065 -10
      vertex 24.950668210706787 1.5697629882328343 -10
    endloop
  endfacet
  facet normal 0 0 -1
    outer loop
      vertex 24.21457902821578 -6.217247179121361 -10
      vertex 24.214579028215777 6.21724717912137 -10
      vertex 24.557181268217217 4.684532864643116 -10
    endloop
  endfacet
  facet normal 0 0 -1
    outer loop
      vertex 24.557181268217214 -4.684532864643121 -10
      vertex 24.557181268217217 4.684532864643116 -10
      vertex 24.802867532861946 3.1333308391076065 -10
    endloop
  endfacet
  facet normal 0 0 -1
    outer loop
      vertex 23.776412907378838 -7.7254248593736845 -10
      vertex 23.776412907378838 7.7254248593736845 -10
      vertex 24.214579028215777 6.21724717912137 -10
    endloop
  endfacet
  facet normal 0 0 -1
    outer loop
      vertex 21.907667001096588 -12.043841852542885 -10
      vertex 21.90766700109659 12.043841852542883 -10
      vertex 22.620676311650488 10.644482289126817 -10
    endloop
  endfacet
  facet normal 0 0 -1
    outer loop
      vertex 21.108198137550378 13.395669874474917 -10
      vertex 20.834408727604036 2.6319979048503894 -10
      vertex 20.628032265302462 3.9350076063002173 -10
    endloop
  endfacet
  facet normal 0 0 -1
    outer loop
      vertex 21.108198137550378 13.395669874474917 -10
      vertex 20.628032265302462 3.9350076063002173 -10
      vertex 20.340246383701253 5.22248763046195 -10
    endloop
  endfacet
  facet normal 0 0 -1
    outer loop
      vertex 21.108198137550378 13.395669874474917 -10
      vertex 20.340246383701253 5.22248763046195 -10
      vertex 19.972186842198223 6.489356881873896 -10
    endloop
  endfacet
  facet normal 0 0 -1
    outer loop
      vertex 20.225424859373685 14.694631307311829 -10
      vertex 19.972186842198223 6.489356881873896 -10
      vertex 19.52530620365328 7.730615606378238 -10
    endloop
  endfacet
  facet normal 0 0 -1
    outer loop
      vertex 20.225424859373685 14.694631307311829 -10
      vertex 19.52530620365328 7.730615606378238 -10
      vertex 19.00136810178641 8.941365122866525 -10
    endloop
  endfacet
  facet normal 0 0 -1
    outer loop
      vertex 19.26283106939473 15.935599743717244 -10
      vertex 19.00136810178641 8.941365122866525 -10
      vertex 18.402440280921134 10.116827156136022 -10
    endloop
  endfacet
  facet normal 0 0 -1
    outer loop
      vertex 20.225424859373685 14.694631307311829 -10
      vertex 21.108198137550378 13.395669874474917 -10
      vertex 19.972186842198223 6.489356881873896 -10
    endloop
  endfacet
  facet normal 0.9995065603657315 0.03141075907812933 0
    outer loop
      vertex 25 0 -10
      vertex 24.950668210706787 1.5697629882328343 -10
      vertex 25 0 10
    endloop
  endfacet
  facet normal 0.9955619646030801 0.09410831331851333 0
    outer loop
      vertex 24.950668210706787 1.5697629882328343 -10
      vertex 24.802867532861946 3.1333308391076065 -10
      vertex 24.950668210706787 1.5697629882328343 10
    endloop
  endfacet
  facet normal 0.9876883405951378 0.15643446504023067 0
    outer loop
      vertex 24.802867532861946 3.1333308391076065 -10
      vertex 24.557181268217217 4.684532864643116 -10
      vertex 24.802867532861946 3.1333308391076065 10
    endloop
  endfacet
  facet normal 0.9759167619387473 0.21814324139654342 0
    outer loop
      vertex 24.557181268217217 4.684532864643116 -10
      vertex 24.214579028215777 6.21724717912137 -10
      vertex 24.557181268217217 4.684532864643116 10
    endloop
  endfacet
  facet normal 0.8607420270039435 0.5090414157503713 0
    outer loop
      vertex 21.90766700109659 12.043841852542883 -10
      vertex 21.108198137550378 13.395669874474917 -10
      vertex 21.90766700109659 12.043841852542883 10
    endloop
  endfacet
  facet normal 0.960293685676943 0.2789911060392299 0
    outer loop
      vertex 24.214579028215777 6.21724717912137 -10
      vertex 23.776412907378838 7.7254248593736845 -10
      vertex 24.214579028215777 6.21724717912137 10
    endloop
  endfacet
  facet normal 0.9408807689542256 0.3387379202452909 0
    outer loop
      vertex 23.244412147206283 9.20311381711695 -10
      vertex 23.776412907378838 7.7254248593736845 10
      vertex 23.776412907378838 7.7254248593736845 -10
    endloop
  endfacet
  facet normal 0.9177546256839815 0.39714789063477984 0
    outer loop
      vertex 23.244412147206283 9.20311381711695 -10
      vertex 22.620676311650488 10.644482289126817 -10
      vertex 23.244412147206283 9.20311381711695 10
    endloop
  endfacet
  facet normal 0.8910065241883683 0.45399049973954575 0
    outer loop
      vertex 22.620676311650488 10.644482289126817 -10
      vertex 21.90766700109659 12.043841852542883 -10
      vertex 22.620676311650488 10.644482289126817 10
    endloop
  endfacet
  facet normal 0 0 -1
    outer loop
      vertex 13.395669874474917 21.108198137550378 -10
      vertex 13.385903784722485 16.180778098291572 -10
      vertex 12.343490298141935 16.989356881873896 -10
    endloop
  endfacet
  facet normal 0 0 -1
    outer loop
      vertex 15.935599743717244 19.26283106939473 -10
      vertex 15.308341175849643 14.375489224502463 -10
      vertex 14.375489224502463 15.308341175849643 -10
    endloop
  endfacet
  facet normal 0 0 -1
    outer loop
      vertex 14.694631307311829 20.225424859373685 -10
      vertex 14.375489224502463 15.308341175849643 -10
      vertex 13.385903784722485 16.180778098291572 -10
    endloop
  endfacet
  facet normal 0 0 -1
    outer loop
      vertex 14.694631307311829 20.225424859373685 -10
      vertex 15.935599743717244 19.26283106939473 -10
      vertex 14.375489224502463 15.308341175849643 -10
    endloop
  endfacet
  facet normal 0 0 -1
    outer loop
      vertex 17.11367764821722 18.224215685535288 -10
      vertex 16.180778098291572 13.385903784722485 -10
      vertex 15.308341175849643 14.375489224502463 -10
    endloop
  endfacet
  facet normal 0 0 -1
    outer loop
      vertex 17.11367764821722 18.224215685535288 -10
      vertex 16.989356881873896 12.343490298141935 -10
      vertex 16.180778098291572 13.385903784722485 -10
    endloop
  endfacet
  facet normal 0 0 -1
    outer loop
      vertex 18.224215685535288 17.11367764821722 -10
      vertex 17.730886435542317 11.25236269455893 -10
      vertex 16.989356881873896 12.343490298141935 -10
    endloop
  endfacet
  facet normal 0 0 -1
    outer loop
      vertex 18.224215685535288 17.11367764821722 -10
      vertex 19.26283106939473 15.935599743717244 -10
      vertex 17.730886435542317 11.25236269455893 -10
    endloop
  endfacet
  facet normal 0 0 -1
    outer loop
      vertex 17.11367764821722 18.224215685535288 -10
      vertex 15.308341175849643 14.375489224502463 -10
      vertex 15.935599743717244 19.26283106939473 -10
    endloop
  endfacet
  facet normal 0 0 -1
    outer loop
      vertex 17.11367764821722 18.224215685535288 -10
      vertex 18.224215685535288 17.11367764821722 -10
      vertex 16.989356881873896 12.343490298141935 -10
    endloop
  endfacet
  facet normal 0 0 -1
    outer loop
      vertex 13.395669874474917 21.108198137550378 -10
      vertex 14.694631307311829 20.225424859373685 -10
      vertex 13.385903784722485 16.180778098291572 -10
    endloop
  endfacet
  facet normal 0 0 -1
    outer loop
      vertex 20.225424859373685 14.694631307311829 -10
      vertex 19.00136810178641 8.941365122866525 -10
      vertex 19.26283106939473 15.935599743717244 -10
    endloop
  endfacet
  facet normal 0.7071067811865476 0.7071067811865476 0
    outer loop
      vertex 17.11367764821722 18.224215685535288 -10
      vertex 18.224215685535288 17.11367764821722 10
      vertex 18.224215685535288 17.11367764821722 -10
    endloop
  endfacet
  facet normal 0.5620833778521316 0.8270805742745613 0
    outer loop
      vertex 13.395669874474917 21.108198137550378 -10
      vertex 13.395669874474917 21.108198137550378 10
      vertex 14.694631307311829 20.225424859373685 -10
    endloop
  endfacet
  facet normal 0.612907053652977 0.7901550123756899 0
    outer loop
      vertex 14.694631307311829 20.225424859373685 -10
      vertex 14.694631307311829 20.225424859373685 10
      vertex 15.935599743717244 19.26283106939473 -10
    endloop
  endfacet
  facet normal 0.6613118653236506 0.7501110696304606 0
    outer loop
      vertex 17.11367764821722 18.224215685535288 -10
      vertex 15.935599743717244 19.26283106939473 -10
      vertex 15.935599743717244 19.26283106939473 10
    endloop
  endfacet
  facet normal 0.7901550123756899 0.612907053652977 0
    outer loop
      vertex 20.225424859373685 14.694631307311829 -10
      vertex 19.26283106939473 15.935599743717244 -10
      vertex 20.225424859373685 14.694631307311829 10
    endloop
  endfacet
  facet normal 0.8270805742745613 0.5620833778521316 0
    outer loop
      vertex 20.225424859373685 14.694631307311829 -10
      vertex 21.108198137550378 13.395669874474917 10
      vertex 21.108198137550378 13.395669874474917 -10
    endloop
  endfacet
  facet normal 0.7501110696304606 0.6613118653236506 0
    outer loop
      vertex 18.224215685535288 17.11367764821722 -10
      vertex 19.26283106939473 15.935599743717244 10
      vertex 19.26283106939473 15.935599743717244 -10
    endloop
  endfacet
  facet normal 0.03141075907812938 0.9995065603657315 0
    outer loop
      vertex 1.569762988232832 24.950668210706787 -10
      vertex 0 25 10
      vertex 1.569762988232832 24.950668210706787 10
    endloop
  endfacet
  facet normal 0.09410831331851312 0.9955619646030801 0
    outer loop
      vertex 3.1333308391076073 24.802867532861946 -10
      vertex 1.569762988232832 24.950668210706787 10
      vertex 3.1333308391076073 24.802867532861946 10
    endloop
  endfacet
  facet normal 0.15643446504023092 0.9876883405951378 0
    outer loop
      vertex 4.684532864643114 24.557181268217217 -10
      vertex 3.1333308391076073 24.802867532861946 10
      vertex 4.684532864643114 24.557181268217217 10
    endloop
  endfacet
  facet normal 0.21814324139654293 0.9759167619387473 0
    outer loop
      vertex 6.2172471791213715 24.214579028215777 -10
      vertex 4.684532864643114 24.557181268217217 10
      vertex 6.2172471791213715 24.214579028215777 10
    endloop
  endfacet
  facet normal 0.27899110603923016 0.9602936856769427 0
    outer loop
      vertex 7.7254248593736845 23.776412907378838 -10
      vertex 6.2172471791213715 24.214579028215777 10
      vertex 7.7254248593736845 23.776412907378838 10
    endloop
  endfacet
  facet normal 0.33873792024528965 0.9408807689542261 0
    outer loop
      vertex 9.203113817116947 23.244412147206287 -10
      vertex 7.7254248593736845 23.776412907378838 10
      vertex 9.203113817116947 23.244412147206287 10
    endloop
  endfacet
  facet normal 0.3971478906347805 0.9177546256839811 0
    outer loop
      vertex 10.644482289126818 22.620676311650488 -10
      vertex 9.203113817116947 23.244412147206287 10
      vertex 10.644482289126818 22.620676311650488 10
    endloop
  endfacet
  facet normal 0.45399049973954714 0.8910065241883677 0
    outer loop
      vertex 12.04384185254288 21.90766700109659 -10
      vertex 10.644482289126818 22.620676311650488 10
      vertex 12.04384185254288 21.90766700109659 10
    endloop
  endfacet
  facet normal 0 0 1
    outer loop
      vertex 0 25 10
      vertex 0 15 10
      vertex 0.9418577929396992 14.970400926424073 10
    endloop
  endfacet
  facet normal 0 0 1
    outer loop
      vertex 1.569762988232832 24.950668210706787 10
      vertex 0.9418577929396992 14.970400926424073 10
      vertex 1.8799985034645643 14.881720519717168 10
    endloop
  endfacet
  facet normal 0 0 1
    outer loop
      vertex 1.569762988232832 24.950668210706787 10
      vertex 1.8799985034645643 14.881720519717168 10
      vertex 2.810719718785869 14.73430876093033 10
    endloop
  endfacet
  facet normal 0 0 1
    outer loop
      vertex 3.1333308391076073 24.802867532861946 10
      vertex 2.810719718785869 14.73430876093033 10
      vertex 3.7303483074728225 14.528747416929466 10
    endloop
  endfacet
  facet normal 0 0 1
    outer loop
      vertex 4.684532864643114 24.557181268217217 10
      vertex 3.7303483074728225 14.528747416929466 10
      vertex 4.635254915624211 14.265847744427303 10
    endloop
  endfacet
  facet normal 0 0 1
    outer loop
      vertex 4.684532864643114 24.557181268217217 10
      vertex 4.635254915624211 14.265847744427303 10
      vertex 5.521868290270168 13.946647288323772 10
    endloop
  endfacet
  facet normal 0 0 1
    outer loop
      vertex 6.2172471791213715 24.214579028215777 10
      vertex 5.521868290270168 13.946647288323772 10
      vertex 6.386689373476091 13.572405786990291 10
    endloop
  endfacet
  facet normal 0 0 1
    outer loop
      vertex 0 25 10
      vertex 0.9418577929396992 14.970400926424073 10
      vertex 1.569762988232832 24.950668210706787 10
    endloop
  endfacet
  facet normal 0 0 1
    outer loop
      vertex 1.569762988232832 24.950668210706787 10
      vertex 2.810719718785869 14.73430876093033 10
      vertex 3.1333308391076073 24.802867532861946 10
    endloop
  endfacet
  facet normal 0 0 1
    outer loop
      vertex 3.1333308391076073 24.802867532861946 10
      vertex 3.7303483074728225 14.528747416929466 10
      vertex 4.684532864643114 24.557181268217217 10
    endloop
  endfacet
  facet normal 0 0 1
    outer loop
      vertex 4.684532864643114 24.557181268217217 10
      vertex 5.521868290270168 13.946647288323772 10
      vertex 6.2172471791213715 24.214579028215777 10
    endloop
  endfacet
  facet normal 0 0 1
    outer loop
      vertex 6.2172471791213715 24.214579028215777 10
      vertex 6.386689373476091 13.572405786990291 10
      vertex 7.226305111525728 13.144600200657953 10
    endloop
  endfacet
  facet normal 0 0 1
    outer loop
      vertex 7.7254248593736845 23.776412907378838 10
      vertex 7.226305111525728 13.144600200657953 10
      vertex 8.03740192468495 12.664918882530227 10
    endloop
  endfacet
  facet normal 0 0 1
    outer loop
      vertex 7.7254248593736845 23.776412907378838 10
      vertex 8.03740192468495 12.664918882530227 10
      vertex 8.816778784387097 12.135254915624213 10
    endloop
  endfacet
  facet normal 0 0 1
    outer loop
      vertex 9.203113817116947 23.244412147206287 10
      vertex 8.816778784387097 12.135254915624213 10
      vertex 9.561359846230346 11.557698641636836 10
    endloop
  endfacet
  facet normal 0 0 1
    outer loop
      vertex 9.203113817116947 23.244412147206287 10
      vertex 9.561359846230346 11.557698641636836 10
      vertex 10.268206588930331 10.934529411321174 10
    endloop
  endfacet
  facet normal 0 0 1
    outer loop
      vertex 10.644482289126818 22.620676311650488 10
      vertex 10.268206588930331 10.934529411321174 10
      vertex 10.934529411321174 10.268206588930331 10
    endloop
  endfacet
  facet normal 0 0 1
    outer loop
      vertex 12.04384185254288 21.90766700109659 10
      vertex 12.135254915624213 8.816778784387097 10
      vertex 12.664918882530227 8.03740192468495 10
    endloop
  endfacet
  facet normal 0 0 1
    outer loop
      vertex 12.04384185254288 21.90766700109659 10
      vertex 11.557698641636836 9.561359846230346 10
      vertex 12.135254915624213 8.816778784387097 10
    endloop
  endfacet
  facet normal 0 0 1
    outer loop
      vertex 10.644482289126818 22.620676311650488 10
      vertex 10.934529411321174 10.268206588930331 10
      vertex 11.557698641636836 9.561359846230346 10
    endloop
  endfacet
  facet normal 0 0 1
    outer loop
      vertex 10.644482289126818 22.620676311650488 10
      vertex 11.557698641636836 9.561359846230346 10
      vertex 12.04384185254288 21.90766700109659 10
    endloop
  endfacet
  facet normal 0 0 1
    outer loop
      vertex 6.2172471791213715 24.214579028215777 10
      vertex 7.226305111525728 13.144600200657953 10
      vertex 7.7254248593736845 23.776412907378838 10
    endloop
  endfacet
  facet normal 0 0 1
    outer loop
      vertex 7.7254248593736845 23.776412907378838 10
      vertex 8.816778784387097 12.135254915624213 10
      vertex 9.203113817116947 23.244412147206287 10
    endloop
  endfacet
  facet normal 0 0 1
    outer loop
      vertex 9.203113817116947 23.244412147206287 10
      vertex 10.268206588930331 10.934529411321174 10
      vertex 10.644482289126818 22.620676311650488 10
    endloop
  endfacet
  facet normal 0.9995065603657315 0.03141075907812933 0
    outer loop
      vertex 24.950668210706787 1.5697629882328343 -10
      vertex 24.950668210706787 1.5697629882328343 10
      vertex 25 0 10
    endloop
  endfacet
  facet normal 0.9955619646030801 0.09410831331851333 0
    outer loop
      vertex 24.802867532861946 3.1333308391076065 -10
      vertex 24.802867532861946 3.1333308391076065 10
      vertex 24.950668210706787 1.5697629882328343 10
    endloop
  endfacet
  facet normal 0.9876883405951378 0.15643446504023067 0
    outer loop
      vertex 24.557181268217217 4.684532864643116 -10
      vertex 24.557181268217217 4.684532864643116 10
      vertex 24.802867532861946 3.1333308391076065 10
    endloop
  endfacet
  facet normal 0.9759167619387473 0.21814324139654342 0
    outer loop
      vertex 24.214579028215777 6.21724717912137 -10
      vertex 24.214579028215777 6.21724717912137 10
      vertex 24.557181268217217 4.684532864643116 10
    endloop
  endfacet
  facet normal 0.9408807689542256 0.3387379202452909 0
    outer loop
      vertex 23.244412147206283 9.20311381711695 -10
      vertex 23.244412147206283 9.20311381711695 10
      vertex 23.776412907378838 7.7254248593736845 10
    endloop
  endfacet
  facet normal 0.960293685676943 0.2789911060392299 0
    outer loop
      vertex 23.776412907378838 7.7254248593736845 -10
      vertex 23.776412907378838 7.7254248593736845 10
      vertex 24.214579028215777 6.21724717912137 10
    endloop
  endfacet
  facet normal 0.9177546256839815 0.39714789063477984 0
    outer loop
      vertex 22.620676311650488 10.644482289126817 -10
      vertex 22.620676311650488 10.644482289126817 10
      vertex 23.244412147206283 9.20311381711695 10
    endloop
  endfacet
  facet normal 0.8910065241883683 0.45399049973954575 0
    outer loop
      vertex 21.90766700109659 12.043841852542883 -10
      vertex 21.90766700109659 12.043841852542883 10
      vertex 22.620676311650488 10.644482289126817 10
    endloop
  endfacet
  facet normal 0 0 1
    outer loop
      vertex 15.93559974371725 -19.262831069394725 10
      vertex 14.694631307311829 20.225424859373685 10
      vertex 15 0 10
    endloop
  endfacet
  facet normal 0 0 1
    outer loop
      vertex 18.22421568553529 -17.113677648217212 10
      vertex 18.224215685535288 17.11367764821722 10
      vertex 17.11367764821722 18.224215685535288 10
    endloop
  endfacet
  facet normal 0 0 1
    outer loop
      vertex 15.93559974371725 -19.262831069394725 10
      vertex 15.935599743717244 19.26283106939473 10
      vertex 14.694631307311829 20.225424859373685 10
    endloop
  endfacet
  facet normal 0 0 1
    outer loop
      vertex 14.694631307311829 20.225424859373685 10
      vertex 14.970400926424073 0.9418577929397006 10
      vertex 15 0 10
    endloop
  endfacet
  facet normal 0 0 1
    outer loop
      vertex 14.694631307311829 20.225424859373685 10
      vertex 14.881720519717168 1.8799985034645639 10
      vertex 14.970400926424073 0.9418577929397006 10
    endloop
  endfacet
  facet normal 0 0 1
    outer loop
      vertex 14.694631307311829 20.225424859373685 10
      vertex 14.73430876093033 2.8107197187858692 10
      vertex 14.881720519717168 1.8799985034645639 10
    endloop
  endfacet
  facet normal 0 0 1
    outer loop
      vertex 14.694631307311829 20.225424859373685 10
      vertex 14.528747416929466 3.730348307472822 10
      vertex 14.73430876093033 2.8107197187858692 10
    endloop
  endfacet
  facet normal 0 0 1
    outer loop
      vertex 13.395669874474917 21.108198137550378 10
      vertex 12.664918882530227 8.03740192468495 10
      vertex 13.144600200657953 7.22630511152573 10
    endloop
  endfacet
  facet normal 0 0 1
    outer loop
      vertex 13.395669874474917 21.108198137550378 10
      vertex 13.572405786990293 6.38668937347609 10
      vertex 13.94664728832377 5.521868290270169 10
    endloop
  endfacet
  facet normal 0 0 1
    outer loop
      vertex 13.395669874474917 21.108198137550378 10
      vertex 13.144600200657953 7.22630511152573 10
      vertex 13.572405786990293 6.38668937347609 10
    endloop
  endfacet
  facet normal 0 0 1
    outer loop
      vertex 14.694631307311829 20.225424859373685 10
      vertex 13.94664728832377 5.521868290270169 10
      vertex 14.265847744427303 4.635254915624211 10
    endloop
  endfacet
  facet normal 0 0 1
    outer loop
      vertex 14.694631307311829 20.225424859373685 10
      vertex 14.265847744427303 4.635254915624211 10
      vertex 14.528747416929466 3.730348307472822 10
    endloop
  endfacet
  facet normal 0 0 1
    outer loop
      vertex 17.113677648217212 -18.22421568553529 10
      vertex 17.11367764821722 18.224215685535288 10
      vertex 15.935599743717244 19.26283106939473 10
    endloop
  endfacet
  facet normal 0 0 1
    outer loop
      vertex 19.262831069394725 -15.93559974371725 10
      vertex 19.26283106939473 15.935599743717244 10
      vertex 18.224215685535288 17.11367764821722 10
    endloop
  endfacet
  facet normal 0 0 1
    outer loop
      vertex 20.225424859373685 -14.694631307311829 10
      vertex 20.225424859373685 14.694631307311829 10
      vertex 19.26283106939473 15.935599743717244 10
    endloop
  endfacet
  facet normal 0 0 1
    outer loop
      vertex 21.907667001096588 -12.043841852542885 10
      vertex 21.90766700109659 12.043841852542883 10
      vertex 21.108198137550378 13.395669874474917 10
    endloop
  endfacet
  facet normal 0 0 1
    outer loop
      vertex 21.10819813755038 -13.395669874474905 10
      vertex 21.108198137550378 13.395669874474917 10
      vertex 20.225424859373685 14.694631307311829 10
    endloop
  endfacet
  facet normal 0 0 1
    outer loop
      vertex 24.950668210706787 -1.569762988232844 10
      vertex 24.950668210706787 1.5697629882328343 10
      vertex 24.802867532861946 3.1333308391076065 10
    endloop
  endfacet
  facet normal 0 0 1
    outer loop
      vertex 24.802867532861946 -3.1333308391076016 10
      vertex 24.802867532861946 3.1333308391076065 10
      vertex 24.557181268217217 4.684532864643116 10
    endloop
  endfacet
  facet normal 0 0 1
    outer loop
      vertex 23.776412907378838 -7.7254248593736845 10
      vertex 23.776412907378838 7.7254248593736845 10
      vertex 23.244412147206283 9.20311381711695 10
    endloop
  endfacet
  facet normal 0 0 1
    outer loop
      vertex 24.21457902821578 -6.217247179121361 10
      vertex 24.214579028215777 6.21724717912137 10
      vertex 23.776412907378838 7.7254248593736845 10
    endloop
  endfacet
  facet normal 0 0 1
    outer loop
      vertex 24.557181268217214 -4.684532864643121 10
      vertex 24.557181268217217 4.684532864643116 10
      vertex 24.214579028215777 6.21724717912137 10
    endloop
  endfacet
  facet normal 0 0 1
    outer loop
      vertex 22.620676311650488 -10.644482289126811 10
      vertex 22.620676311650488 10.644482289126817 10
      vertex 21.90766700109659 12.043841852542883 10
    endloop
  endfacet
  facet normal 0 0 1
    outer loop
      vertex 23.24441214720628 -9.203113817116959 10
      vertex 23.244412147206283 9.20311381711695 10
      vertex 22.620676311650488 10.644482289126817 10
    endloop
  endfacet
  facet normal 0.6613118653236506 0.7501110696304606 0
    outer loop
      vertex 17.11367764821722 18.224215685535288 -10
      vertex 15.935599743717244 19.26283106939473 10
      vertex 17.11367764821722 18.224215685535288 10
    endloop
  endfacet
  facet normal 0.7501110696304606 0.6613118653236506 0
    outer loop
      vertex 18.224215685535288 17.11367764821722 -10
      vertex 18.224215685535288 17.11367764821722 10
      vertex 19.26283106939473 15.935599743717244 10
    endloop
  endfacet
  facet normal 0.7071067811865476 0.7071067811865476 0
    outer loop
      vertex 17.11367764821722 18.224215685535288 -10
      vertex 17.11367764821722 18.224215685535288 10
      vertex 18.224215685535288 17.11367764821722 10
    endloop
  endfacet
  facet normal 0.5090414157503704 0.8607420270039442 0
    outer loop
      vertex 13.395669874474917 21.108198137550378 -10
      vertex 12.04384185254288 21.90766700109659 10
      vertex 13.395669874474917 21.108198137550378 10
    endloop
  endfacet
  facet normal 0.612907053652977 0.7901550123756899 0
    outer loop
      vertex 15.935599743717244 19.26283106939473 -10
      vertex 14.694631307311829 20.225424859373685 10
      vertex 15.935599743717244 19.26283106939473 10
    endloop
  endfacet
  facet normal 0.5620833778521316 0.8270805742745613 0
    outer loop
      vertex 14.694631307311829 20.225424859373685 -10
      vertex 13.395669874474917 21.108198137550378 10
      vertex 14.694631307311829 20.225424859373685 10
    endloop
  endfacet
  facet normal 0.7901550123756899 0.612907053652977 0
    outer loop
      vertex 19.26283106939473 15.935599743717244 -10
      vertex 19.26283106939473 15.935599743717244 10
      vertex 20.225424859373685 14.694631307311829 10
    endloop
  endfacet
  facet normal 0.8607420270039435 0.5090414157503713 0
    outer loop
      vertex 21.108198137550378 13.395669874474917 -10
      vertex 21.108198137550378 13.395669874474917 10
      vertex 21.90766700109659 12.043841852542883 10
    endloop
  endfacet
  facet normal 0.8270805742745613 0.5620833778521316 0
    outer loop
      vertex 20.225424859373685 14.694631307311829 -10
      vertex 20.225424859373685 14.694631307311829 10
      vertex 21.108198137550378 13.395669874474917 10
    endloop
  endfacet
  facet normal 0 0 1
    outer loop
      vertex 13.395669874474917 21.108198137550378 10
      vertex 13.94664728832377 5.521868290270169 10
      vertex 14.694631307311829 20.225424859373685 10
    endloop
  endfacet
  facet normal 0 0 1
    outer loop
      vertex 12.04384185254288 21.90766700109659 10
      vertex 12.664918882530227 8.03740192468495 10
      vertex 13.395669874474917 21.108198137550378 10
    endloop
  endfacet
  facet normal 0.8910065241883678 0.45399049973954697 0
    outer loop
      vertex -13.144600200657951 -7.226305111525731 5.55
      vertex -13.572405786990293 -6.386689373476086 5.55
      vertex -13.572405786990293 -6.386689373476086 10
    endloop
  endfacet
  facet normal 0.8607420270039445 0.5090414157503699 0
    outer loop
      vertex -13.144600200657951 -7.226305111525731 5.55
      vertex -13.144600200657951 -7.226305111525731 10
      vertex -12.664918882530225 -8.037401924684952 5.55
    endloop
  endfacet
  facet normal 0.8910065241883678 0.45399049973954697 0
    outer loop
      vertex -13.144600200657951 -7.226305111525731 5.55
      vertex -13.572405786990293 -6.386689373476086 10
      vertex -13.144600200657951 -7.226305111525731 10
    endloop
  endfacet
  facet normal 0.8607420270039445 0.5090414157503699 0
    outer loop
      vertex -12.664918882530225 -8.037401924684952 5.55
      vertex -13.144600200657951 -7.226305111525731 10
      vertex -12.664918882530225 -8.037401924684952 10
    endloop
  endfacet
  facet normal 0.9408807689542262 0.33873792024528965 0
    outer loop
      vertex -13.946647288323772 -5.521868290270168 5.55
      vertex -14.265847744427303 -4.635254915624211 5.55
      vertex -14.265847744427303 -4.635254915624211 10
    endloop
  endfacet
  facet normal 0.9602936856769431 0.27899110603922966 0
    outer loop
      vertex -14.528747416929466 -3.7303483074728225 5.55
      vertex -14.528747416929466 -3.7303483074728225 10
      vertex -14.265847744427303 -4.635254915624211 5.55
    endloop
  endfacet
  facet normal 0.9177546256839803 0.39714789063478256 0
    outer loop
      vertex -13.946647288323772 -5.521868290270168 5.55
      vertex -13.946647288323772 -5.521868290270168 10
      vertex -13.572405786990293 -6.386689373476086 5.55
    endloop
  endfacet
  facet normal 0.9759167619387474 0.21814324139654243 0
    outer loop
      vertex -14.528747416929466 -3.7303483074728225 5.55
      vertex -14.734308760930329 -2.8107197187858723 5.55
      vertex -14.734308760930329 -2.8107197187858723 10
    endloop
  endfacet
  facet normal 0.9876883405951374 0.1564344650402323 0
    outer loop
      vertex -14.734308760930329 -2.8107197187858723 5.55
      vertex -14.881720519717168 -1.879998503464561 5.55
      vertex -14.881720519717168 -1.879998503464561 10
    endloop
  endfacet
  facet normal 0.9955619646030801 0.09410831331851309 0
    outer loop
      vertex -14.881720519717168 -1.879998503464561 5.55
      vertex -14.970400926424073 -0.9418577929396992 5.55
      vertex -14.970400926424073 -0.9418577929396992 10
    endloop
  endfacet
  facet normal 0.9995065603657314 0.031410759078128625 0
    outer loop
      vertex -14.970400926424073 -0.9418577929396992 5.55
      vertex -15 0 5.55
      vertex -15 0 10
    endloop
  endfacet
  facet normal 0.9602936856769431 0.27899110603922966 0
    outer loop
      vertex -14.265847744427303 -4.635254915624211 5.55
      vertex -14.528747416929466 -3.7303483074728225 10
      vertex -14.265847744427303 -4.635254915624211 10
    endloop
  endfacet
  facet normal 0.9759167619387474 0.21814324139654243 0
    outer loop
      vertex -14.528747416929466 -3.7303483074728225 5.55
      vertex -14.734308760930329 -2.8107197187858723 10
      vertex -14.528747416929466 -3.7303483074728225 10
    endloop
  endfacet
  facet normal 0.9177546256839803 0.39714789063478256 0
    outer loop
      vertex -13.572405786990293 -6.386689373476086 5.55
      vertex -13.946647288323772 -5.521868290270168 10
      vertex -13.572405786990293 -6.386689373476086 10
    endloop
  endfacet
  facet normal 0.9408807689542262 0.33873792024528965 0
    outer loop
      vertex -13.946647288323772 -5.521868290270168 5.55
      vertex -14.265847744427303 -4.635254915624211 10
      vertex -13.946647288323772 -5.521868290270168 10
    endloop
  endfacet
  facet normal 0.9955619646030801 0.09410831331851309 0
    outer loop
      vertex -14.881720519717168 -1.879998503464561 5.55
      vertex -14.970400926424073 -0.9418577929396992 10
      vertex -14.881720519717168 -1.879998503464561 10
    endloop
  endfacet
  facet normal 0.9876883405951374 0.1564344650402323 0
    outer loop
      vertex -14.734308760930329 -2.8107197187858723 5.55
      vertex -14.881720519717168 -1.879998503464561 10
      vertex -14.734308760930329 -2.8107197187858723 10
    endloop
  endfacet
  facet normal 0.9995065603657314 0.031410759078128625 0
    outer loop
      vertex -14.970400926424073 -0.9418577929396992 5.55
      vertex -15 0 10
      vertex -14.970400926424073 -0.9418577929396992 10
    endloop
  endfacet
  facet normal 0.5090414157503699 0.8607420270039445 0
    outer loop
      vertex -8.037401924684952 -12.664918882530225 5.55
      vertex -8.037401924684952 -12.664918882530225 10
      vertex -7.226305111525731 -13.144600200657951 5.55
    endloop
  endfacet
  facet normal 0.45399049973954697 0.8910065241883678 0
    outer loop
      vertex -7.226305111525731 -13.144600200657951 5.55
      vertex -7.226305111525731 -13.144600200657951 10
      vertex -6.386689373476086 -13.572405786990293 5.55
    endloop
  endfacet
  facet normal 0.5090414157503699 0.8607420270039445 0
    outer loop
      vertex -7.226305111525731 -13.144600200657951 5.55
      vertex -8.037401924684952 -12.664918882530225 10
      vertex -7.226305111525731 -13.144600200657951 10
    endloop
  endfacet
  facet normal 0.45399049973954697 0.8910065241883678 0
    outer loop
      vertex -6.386689373476086 -13.572405786990293 5.55
      vertex -7.226305111525731 -13.144600200657951 10
      vertex -6.386689373476086 -13.572405786990293 10
    endloop
  endfacet
  facet normal 0.39714789063478256 0.9177546256839803 0
    outer loop
      vertex -6.386689373476086 -13.572405786990293 5.55
      vertex -6.386689373476086 -13.572405786990293 10
      vertex -5.521868290270168 -13.946647288323772 5.55
    endloop
  endfacet
  facet normal 0.33873792024528965 0.9408807689542262 0
    outer loop
      vertex -5.521868290270168 -13.946647288323772 5.55
      vertex -5.521868290270168 -13.946647288323772 10
      vertex -4.635254915624211 -14.265847744427303 5.55
    endloop
  endfacet
  facet normal 0.27899110603922966 0.9602936856769431 0
    outer loop
      vertex -4.635254915624211 -14.265847744427303 5.55
      vertex -4.635254915624211 -14.265847744427303 10
      vertex -3.7303483074728225 -14.528747416929466 5.55
    endloop
  endfacet
  facet normal 0.21814324139654243 0.9759167619387474 0
    outer loop
      vertex -3.7303483074728225 -14.528747416929466 5.55
      vertex -3.7303483074728225 -14.528747416929466 10
      vertex -2.8107197187858723 -14.734308760930329 5.55
    endloop
  endfacet
  facet normal 0.1564344650402323 0.9876883405951374 0
    outer loop
      vertex -2.8107197187858723 -14.734308760930329 5.55
      vertex -2.8107197187858723 -14.734308760930329 10
      vertex -1.879998503464561 -14.881720519717168 5.55
    endloop
  endfacet
  facet normal 0.09410831331851381 0.9955619646030801 0
    outer loop
      vertex -1.879998503464561 -14.881720519717168 5.55
      vertex -1.879998503464561 -14.881720519717168 10
      vertex -0.9418577929397064 -14.970400926424073 5.55
    endloop
  endfacet
  facet normal 0.03141075907812839 0.9995065603657316 0
    outer loop
      vertex -0.9418577929397064 -14.970400926424073 5.55
      vertex -0.9418577929397064 -14.970400926424073 10
      vertex 0 -15 5.55
    endloop
  endfacet
  facet normal 0.33873792024528965 0.9408807689542262 0
    outer loop
      vertex -4.635254915624211 -14.265847744427303 5.55
      vertex -5.521868290270168 -13.946647288323772 10
      vertex -4.635254915624211 -14.265847744427303 10
    endloop
  endfacet
  facet normal 0.39714789063478256 0.9177546256839803 0
    outer loop
      vertex -5.521868290270168 -13.946647288323772 5.55
      vertex -6.386689373476086 -13.572405786990293 10
      vertex -5.521868290270168 -13.946647288323772 10
    endloop
  endfacet
  facet normal 0.27899110603922966 0.9602936856769431 0
    outer loop
      vertex -3.7303483074728225 -14.528747416929466 5.55
      vertex -4.635254915624211 -14.265847744427303 10
      vertex -3.7303483074728225 -14.528747416929466 10
    endloop
  endfacet
  facet normal 0.21814324139654243 0.9759167619387474 0
    outer loop
      vertex -2.8107197187858723 -14.734308760930329 5.55
      vertex -3.7303483074728225 -14.528747416929466 10
      vertex -2.8107197187858723 -14.734308760930329 10
    endloop
  endfacet
  facet normal 0.1564344650402323 0.9876883405951374 0
    outer loop
      vertex -1.879998503464561 -14.881720519717168 5.55
      vertex -2.8107197187858723 -14.734308760930329 10
      vertex -1.879998503464561 -14.881720519717168 10
    endloop
  endfacet
  facet normal 0.09410831331851381 0.9955619646030801 0
    outer loop
      vertex -0.9418577929397064 -14.970400926424073 5.55
      vertex -1.879998503464561 -14.881720519717168 10
      vertex -0.9418577929397064 -14.970400926424073 10
    endloop
  endfacet
  facet normal 0.03141075907812839 0.9995065603657316 0
    outer loop
      vertex 0 -15 5.55
      vertex -0.9418577929397064 -14.970400926424073 10
      vertex 0 -15 10
    endloop
  endfacet
  facet normal 0.7501110696304599 0.6613118653236513 0
    outer loop
      vertex -11.55769864163684 -9.561359846230344 5.55
      vertex -11.55769864163684 -9.561359846230344 10
      vertex -10.934529411321176 -10.268206588930328 5.55
    endloop
  endfacet
  facet normal 0.6613118653236513 0.7501110696304599 0
    outer loop
      vertex -10.268206588930328 -10.934529411321176 5.55
      vertex -10.268206588930328 -10.934529411321176 10
      vertex -9.561359846230344 -11.55769864163684 5.55
    endloop
  endfacet
  facet normal 0.7071067811865476 0.7071067811865476 0
    outer loop
      vertex -10.934529411321176 -10.268206588930328 5.55
      vertex -10.934529411321176 -10.268206588930328 10
      vertex -10.268206588930328 -10.934529411321176 5.55
    endloop
  endfacet
  facet normal 0.7901550123756897 0.6129070536529773 0
    outer loop
      vertex -12.135254915624213 -8.816778784387097 5.55
      vertex -12.135254915624213 -8.816778784387097 10
      vertex -11.55769864163684 -9.561359846230344 5.55
    endloop
  endfacet
  facet normal 0.8270805742745622 0.5620833778521301 0
    outer loop
      vertex -12.664918882530225 -8.037401924684952 5.55
      vertex -12.664918882530225 -8.037401924684952 10
      vertex -12.135254915624213 -8.816778784387097 5.55
    endloop
  endfacet
  facet normal 0.6129070536529773 0.7901550123756897 0
    outer loop
      vertex -9.561359846230344 -11.55769864163684 5.55
      vertex -9.561359846230344 -11.55769864163684 10
      vertex -8.816778784387097 -12.135254915624213 5.55
    endloop
  endfacet
  facet normal 0.5620833778521301 0.8270805742745622 0
    outer loop
      vertex -8.816778784387097 -12.135254915624213 5.55
      vertex -8.816778784387097 -12.135254915624213 10
      vertex -8.037401924684952 -12.664918882530225 5.55
    endloop
  endfacet
  facet normal 0.7501110696304599 0.6613118653236513 0
    outer loop
      vertex -10.934529411321176 -10.268206588930328 5.55
      vertex -11.55769864163684 -9.561359846230344 10
      vertex -10.934529411321176 -10.268206588930328 10
    endloop
  endfacet
  facet normal 0.6613118653236513 0.7501110696304599 0
    outer loop
      vertex -9.561359846230344 -11.55769864163684 5.55
      vertex -10.268206588930328 -10.934529411321176 10
      vertex -9.561359846230344 -11.55769864163684 10
    endloop
  endfacet
  facet normal 0.7071067811865476 0.7071067811865476 0
    outer loop
      vertex -10.268206588930328 -10.934529411321176 5.55
      vertex -10.934529411321176 -10.268206588930328 10
      vertex -10.268206588930328 -10.934529411321176 10
    endloop
  endfacet
  facet normal 0.7901550123756897 0.6129070536529773 0
    outer loop
      vertex -11.55769864163684 -9.561359846230344 5.55
      vertex -12.135254915624213 -8.816778784387097 10
      vertex -11.55769864163684 -9.561359846230344 10
    endloop
  endfacet
  facet normal 0.8270805742745622 0.5620833778521301 0
    outer loop
      vertex -12.135254915624213 -8.816778784387097 5.55
      vertex -12.664918882530225 -8.037401924684952 10
      vertex -12.135254915624213 -8.816778784387097 10
    endloop
  endfacet
  facet normal 0.6129070536529773 0.7901550123756897 0
    outer loop
      vertex -8.816778784387097 -12.135254915624213 5.55
      vertex -9.561359846230344 -11.55769864163684 10
      vertex -8.816778784387097 -12.135254915624213 10
    endloop
  endfacet
  facet normal 0.5620833778521301 0.8270805742745622 0
    outer loop
      vertex -8.037401924684952 -12.664918882530225 5.55
      vertex -8.816778784387097 -12.135254915624213 10
      vertex -8.037401924684952 -12.664918882530225 10
    endloop
  endfacet
  facet normal 0.9995065603657314 -0.031410759078128625 0
    outer loop
      vertex -15 0 5.55
      vertex -14.970400926424073 0.9418577929396992 5.55
      vertex -14.970400926424073 0.9418577929396992 10
    endloop
  endfacet
  facet normal 0.9955619646030801 -0.09410831331851309 0
    outer loop
      vertex -14.970400926424073 0.9418577929396992 5.55
      vertex -14.881720519717168 1.879998503464561 5.55
      vertex -14.881720519717168 1.879998503464561 10
    endloop
  endfacet
  facet normal 0.9876883405951374 -0.1564344650402323 0
    outer loop
      vertex -14.881720519717168 1.879998503464561 5.55
      vertex -14.734308760930329 2.8107197187858723 5.55
      vertex -14.734308760930329 2.8107197187858723 10
    endloop
  endfacet
  facet normal 0.9759167619387474 -0.21814324139654243 0
    outer loop
      vertex -14.734308760930329 2.8107197187858723 5.55
      vertex -14.528747416929466 3.7303483074728225 5.55
      vertex -14.528747416929466 3.7303483074728225 10
    endloop
  endfacet
  facet normal 0.9602936856769431 -0.27899110603922966 0
    outer loop
      vertex -14.528747416929466 3.7303483074728225 5.55
      vertex -14.265847744427303 4.635254915624211 5.55
      vertex -14.265847744427303 4.635254915624211 10
    endloop
  endfacet
  facet normal 0.9408807689542262 -0.33873792024528965 0
    outer loop
      vertex -14.265847744427303 4.635254915624211 5.55
      vertex -13.946647288323772 5.521868290270168 5.55
      vertex -13.946647288323772 5.521868290270168 10
    endloop
  endfacet
  facet normal 0.9177546256839803 -0.39714789063478256 0
    outer loop
      vertex -13.946647288323772 5.521868290270168 5.55
      vertex -13.572405786990293 6.386689373476086 5.55
      vertex -13.572405786990293 6.386689373476086 10
    endloop
  endfacet
  facet normal 0.9995065603657314 -0.031410759078128625 0
    outer loop
      vertex -15 0 5.55
      vertex -14.970400926424073 0.9418577929396992 10
      vertex -15 0 10
    endloop
  endfacet
  facet normal 0.9955619646030801 -0.09410831331851309 0
    outer loop
      vertex -14.970400926424073 0.9418577929396992 5.55
      vertex -14.881720519717168 1.879998503464561 10
      vertex -14.970400926424073 0.9418577929396992 10
    endloop
  endfacet
  facet normal 0.9876883405951374 -0.1564344650402323 0
    outer loop
      vertex -14.881720519717168 1.879998503464561 5.55
      vertex -14.734308760930329 2.8107197187858723 10
      vertex -14.881720519717168 1.879998503464561 10
    endloop
  endfacet
  facet normal 0.9759167619387474 -0.21814324139654243 0
    outer loop
      vertex -14.734308760930329 2.8107197187858723 5.55
      vertex -14.528747416929466 3.7303483074728225 10
      vertex -14.734308760930329 2.8107197187858723 10
    endloop
  endfacet
  facet normal 0.9602936856769431 -0.27899110603922966 0
    outer loop
      vertex -14.528747416929466 3.7303483074728225 5.55
      vertex -14.265847744427303 4.635254915624211 10
      vertex -14.528747416929466 3.7303483074728225 10
    endloop
  endfacet
  facet normal 0.9408807689542262 -0.33873792024528965 0
    outer loop
      vertex -14.265847744427303 4.635254915624211 5.55
      vertex -13.946647288323772 5.521868290270168 10
      vertex -14.265847744427303 4.635254915624211 10
    endloop
  endfacet
  facet normal 0.9177546256839803 -0.39714789063478256 0
    outer loop
      vertex -13.946647288323772 5.521868290270168 5.55
      vertex -13.572405786990293 6.386689373476086 10
      vertex -13.946647288323772 5.521868290270168 10
    endloop
  endfacet
  facet normal 0.8910065241883678 -0.45399049973954697 0
    outer loop
      vertex -13.572405786990293 6.386689373476086 5.55
      vertex -13.144600200657951 7.226305111525731 5.55
      vertex -13.144600200657951 7.226305111525731 10
    endloop
  endfacet
  facet normal 0.8607420270039445 -0.5090414157503699 0
    outer loop
      vertex -13.144600200657951 7.226305111525731 5.55
      vertex -12.664918882530225 8.037401924684952 5.55
      vertex -12.664918882530225 8.037401924684952 10
    endloop
  endfacet
  facet normal 0.8910065241883678 -0.45399049973954697 0
    outer loop
      vertex -13.572405786990293 6.386689373476086 5.55
      vertex -13.144600200657951 7.226305111525731 10
      vertex -13.572405786990293 6.386689373476086 10
    endloop
  endfacet
  facet normal 0.8607420270039445 -0.5090414157503699 0
    outer loop
      vertex -13.144600200657951 7.226305111525731 5.55
      vertex -12.664918882530225 8.037401924684952 10
      vertex -13.144600200657951 7.226305111525731 10
    endloop
  endfacet
  facet normal 0.8270805742745622 -0.5620833778521301 0
    outer loop
      vertex -12.664918882530225 8.037401924684952 5.55
      vertex -12.135254915624213 8.816778784387097 5.55
      vertex -12.135254915624213 8.816778784387097 10
    endloop
  endfacet
  facet normal 0.7901550123756897 -0.6129070536529773 0
    outer loop
      vertex -12.135254915624213 8.816778784387097 5.55
      vertex -11.55769864163684 9.561359846230344 5.55
      vertex -11.55769864163684 9.561359846230344 10
    endloop
  endfacet
  facet normal 0.7501110696304599 -0.6613118653236513 0
    outer loop
      vertex -11.55769864163684 9.561359846230344 5.55
      vertex -10.934529411321176 10.268206588930328 5.55
      vertex -10.934529411321176 10.268206588930328 10
    endloop
  endfacet
  facet normal 0.7071067811865476 -0.7071067811865476 0
    outer loop
      vertex -10.934529411321176 10.268206588930328 5.55
      vertex -10.268206588930328 10.934529411321176 5.55
      vertex -10.268206588930328 10.934529411321176 10
    endloop
  endfacet
  facet normal 0.6613118653236513 -0.7501110696304599 0
    outer loop
      vertex -10.268206588930328 10.934529411321176 5.55
      vertex -9.561359846230344 11.55769864163684 5.55
      vertex -9.561359846230344 11.55769864163684 10
    endloop
  endfacet
  facet normal 0.6129070536529773 -0.7901550123756897 0
    outer loop
      vertex -9.561359846230344 11.55769864163684 5.55
      vertex -8.816778784387097 12.135254915624213 5.55
      vertex -8.816778784387097 12.135254915624213 10
    endloop
  endfacet
  facet normal 0.5620833778521301 -0.8270805742745622 0
    outer loop
      vertex -8.816778784387097 12.135254915624213 5.55
      vertex -8.037401924684952 12.664918882530225 5.55
      vertex -8.037401924684952 12.664918882530225 10
    endloop
  endfacet
  facet normal 0.8270805742745622 -0.5620833778521301 0
    outer loop
      vertex -12.664918882530225 8.037401924684952 5.55
      vertex -12.135254915624213 8.816778784387097 10
      vertex -12.664918882530225 8.037401924684952 10
    endloop
  endfacet
  facet normal 0.7901550123756897 -0.6129070536529773 0
    outer loop
      vertex -12.135254915624213 8.816778784387097 5.55
      vertex -11.55769864163684 9.561359846230344 10
      vertex -12.135254915624213 8.816778784387097 10
    endloop
  endfacet
  facet normal 0.7501110696304599 -0.6613118653236513 0
    outer loop
      vertex -11.55769864163684 9.561359846230344 5.55
      vertex -10.934529411321176 10.268206588930328 10
      vertex -11.55769864163684 9.561359846230344 10
    endloop
  endfacet
  facet normal 0.7071067811865476 -0.7071067811865476 0
    outer loop
      vertex -10.934529411321176 10.268206588930328 5.55
      vertex -10.268206588930328 10.934529411321176 10
      vertex -10.934529411321176 10.268206588930328 10
    endloop
  endfacet
  facet normal 0.6613118653236513 -0.7501110696304599 0
    outer loop
      vertex -10.268206588930328 10.934529411321176 5.55
      vertex -9.561359846230344 11.55769864163684 10
      vertex -10.268206588930328 10.934529411321176 10
    endloop
  endfacet
  facet normal 0.6129070536529773 -0.7901550123756897 0
    outer loop
      vertex -9.561359846230344 11.55769864163684 5.55
      vertex -8.816778784387097 12.135254915624213 10
      vertex -9.561359846230344 11.55769864163684 10
    endloop
  endfacet
  facet normal 0.5620833778521301 -0.8270805742745622 0
    outer loop
      vertex -8.816778784387097 12.135254915624213 5.55
      vertex -8.037401924684952 12.664918882530225 10
      vertex -8.816778784387097 12.135254915624213 10
    endloop
  endfacet
  facet normal 0.50904141575037 -0.8607420270039444 0
    outer loop
      vertex -8.037401924684952 12.664918882530225 5.55
      vertex -7.226305111525728 13.144600200657953 5.55
      vertex -7.226305111525728 13.144600200657953 10
    endloop
  endfacet
  facet normal 0.45399049973954697 -0.8910065241883677 0
    outer loop
      vertex -7.226305111525728 13.144600200657953 5.55
      vertex -6.386689373476091 13.572405786990291 5.55
      vertex -6.386689373476091 13.572405786990291 10
    endloop
  endfacet
  facet normal 0.50904141575037 -0.8607420270039444 0
    outer loop
      vertex -8.037401924684952 12.664918882530225 5.55
      vertex -7.226305111525728 13.144600200657953 10
      vertex -8.037401924684952 12.664918882530225 10
    endloop
  endfacet
  facet normal 0.45399049973954697 -0.8910065241883677 0
    outer loop
      vertex -7.226305111525728 13.144600200657953 5.55
      vertex -6.386689373476091 13.572405786990291 10
      vertex -7.226305111525728 13.144600200657953 10
    endloop
  endfacet
  facet normal 0.3971478906347824 -0.9177546256839804 0
    outer loop
      vertex -6.386689373476091 13.572405786990291 5.55
      vertex -5.521868290270168 13.946647288323772 5.55
      vertex -5.521868290270168 13.946647288323772 10
    endloop
  endfacet
  facet normal 0.33873792024528965 -0.9408807689542262 0
    outer loop
      vertex -5.521868290270168 13.946647288323772 5.55
      vertex -4.635254915624211 14.265847744427303 5.55
      vertex -4.635254915624211 14.265847744427303 10
    endloop
  endfacet
  facet normal 0.27899110603922966 -0.9602936856769431 0
    outer loop
      vertex -4.635254915624211 14.265847744427303 5.55
      vertex -3.7303483074728225 14.528747416929466 5.55
      vertex -3.7303483074728225 14.528747416929466 10
    endloop
  endfacet
  facet normal 0.21814324139654342 -0.9759167619387473 0
    outer loop
      vertex -3.7303483074728225 14.528747416929466 5.55
      vertex -2.810719718785869 14.73430876093033 5.55
      vertex -2.810719718785869 14.73430876093033 10
    endloop
  endfacet
  facet normal 0.15643446504023165 -0.9876883405951378 0
    outer loop
      vertex -2.810719718785869 14.73430876093033 5.55
      vertex -1.8799985034645643 14.881720519717168 5.55
      vertex -1.8799985034645643 14.881720519717168 10
    endloop
  endfacet
  facet normal 0.09410831331851276 -0.9955619646030801 0
    outer loop
      vertex -1.8799985034645643 14.881720519717168 5.55
      vertex -0.9418577929396992 14.970400926424073 5.55
      vertex -0.9418577929396992 14.970400926424073 10
    endloop
  endfacet
  facet normal 0.031410759078128625 -0.9995065603657314 0
    outer loop
      vertex -0.9418577929396992 14.970400926424073 5.55
      vertex 0 15 5.55
      vertex 0 15 10
    endloop
  endfacet
  facet normal 0.3971478906347824 -0.9177546256839804 0
    outer loop
      vertex -6.386689373476091 13.572405786990291 5.55
      vertex -5.521868290270168 13.946647288323772 10
      vertex -6.386689373476091 13.572405786990291 10
    endloop
  endfacet
  facet normal 0.33873792024528965 -0.9408807689542262 0
    outer loop
      vertex -5.521868290270168 13.946647288323772 5.55
      vertex -4.635254915624211 14.265847744427303 10
      vertex -5.521868290270168 13.946647288323772 10
    endloop
  endfacet
  facet normal 0.27899110603922966 -0.9602936856769431 0
    outer loop
      vertex -4.635254915624211 14.265847744427303 5.55
      vertex -3.7303483074728225 14.528747416929466 10
      vertex -4.635254915624211 14.265847744427303 10
    endloop
  endfacet
  facet normal 0.21814324139654342 -0.9759167619387473 0
    outer loop
      vertex -3.7303483074728225 14.528747416929466 5.55
      vertex -2.810719718785869 14.73430876093033 10
      vertex -3.7303483074728225 14.528747416929466 10
    endloop
  endfacet
  facet normal 0.15643446504023165 -0.9876883405951378 0
    outer loop
      vertex -2.810719718785869 14.73430876093033 5.55
      vertex -1.8799985034645643 14.881720519717168 10
      vertex -2.810719718785869 14.73430876093033 10
    endloop
  endfacet
  facet normal 0.09410831331851276 -0.9955619646030801 0
    outer loop
      vertex -1.8799985034645643 14.881720519717168 5.55
      vertex -0.9418577929396992 14.970400926424073 10
      vertex -1.8799985034645643 14.881720519717168 10
    endloop
  endfacet
  facet normal 0.031410759078128625 -0.9995065603657314 0
    outer loop
      vertex -0.9418577929396992 14.970400926424073 5.55
      vertex 0 15 10
      vertex -0.9418577929396992 14.970400926424073 10
    endloop
  endfacet
  facet normal -0.03141075907812839 0.9995065603657316 0
    outer loop
      vertex 0 -15 5.55
      vertex 0 -15 10
      vertex 0.9418577929397064 -14.970400926424073 5.55
    endloop
  endfacet
  facet normal -0.09410831331851381 0.9955619646030801 0
    outer loop
      vertex 0.9418577929397064 -14.970400926424073 5.55
      vertex 0.9418577929397064 -14.970400926424073 10
      vertex 1.879998503464561 -14.881720519717168 5.55
    endloop
  endfacet
  facet normal -0.1564344650402323 0.9876883405951374 0
    outer loop
      vertex 1.879998503464561 -14.881720519717168 5.55
      vertex 1.879998503464561 -14.881720519717168 10
      vertex 2.8107197187858723 -14.734308760930329 5.55
    endloop
  endfacet
  facet normal -0.218143241396542 0.9759167619387475 0
    outer loop
      vertex 2.8107197187858723 -14.734308760930329 5.55
      vertex 2.8107197187858723 -14.734308760930329 10
      vertex 3.7303483074728163 -14.528747416929468 5.55
    endloop
  endfacet
  facet normal -0.2789911060392296 0.9602936856769431 0
    outer loop
      vertex 3.7303483074728163 -14.528747416929468 5.55
      vertex 3.7303483074728163 -14.528747416929468 10
      vertex 4.635254915624211 -14.265847744427303 5.55
    endloop
  endfacet
  facet normal -0.33873792024529054 0.9408807689542258 0
    outer loop
      vertex 4.635254915624211 -14.265847744427303 5.55
      vertex 4.635254915624211 -14.265847744427303 10
      vertex 5.5218682902701755 -13.946647288323769 5.55
    endloop
  endfacet
  facet normal -0.3971478906347821 0.9177546256839805 0
    outer loop
      vertex 5.5218682902701755 -13.946647288323769 5.55
      vertex 5.5218682902701755 -13.946647288323769 10
      vertex 6.386689373476086 -13.572405786990293 5.55
    endloop
  endfacet
  facet normal -0.03141075907812839 0.9995065603657316 0
    outer loop
      vertex 0.9418577929397064 -14.970400926424073 5.55
      vertex 0 -15 10
      vertex 0.9418577929397064 -14.970400926424073 10
    endloop
  endfacet
  facet normal -0.09410831331851381 0.9955619646030801 0
    outer loop
      vertex 1.879998503464561 -14.881720519717168 5.55
      vertex 0.9418577929397064 -14.970400926424073 10
      vertex 1.879998503464561 -14.881720519717168 10
    endloop
  endfacet
  facet normal -0.1564344650402323 0.9876883405951374 0
    outer loop
      vertex 2.8107197187858723 -14.734308760930329 5.55
      vertex 1.879998503464561 -14.881720519717168 10
      vertex 2.8107197187858723 -14.734308760930329 10
    endloop
  endfacet
  facet normal -0.218143241396542 0.9759167619387475 0
    outer loop
      vertex 3.7303483074728163 -14.528747416929468 5.55
      vertex 2.8107197187858723 -14.734308760930329 10
      vertex 3.7303483074728163 -14.528747416929468 10
    endloop
  endfacet
  facet normal -0.2789911060392296 0.9602936856769431 0
    outer loop
      vertex 4.635254915624211 -14.265847744427303 5.55
      vertex 3.7303483074728163 -14.528747416929468 10
      vertex 4.635254915624211 -14.265847744427303 10
    endloop
  endfacet
  facet normal -0.33873792024529054 0.9408807689542258 0
    outer loop
      vertex 5.5218682902701755 -13.946647288323769 5.55
      vertex 4.635254915624211 -14.265847744427303 10
      vertex 5.5218682902701755 -13.946647288323769 10
    endloop
  endfacet
  facet normal -0.3971478906347821 0.9177546256839805 0
    outer loop
      vertex 6.386689373476086 -13.572405786990293 5.55
      vertex 5.5218682902701755 -13.946647288323769 10
      vertex 6.386689373476086 -13.572405786990293 10
    endloop
  endfacet
  facet normal -0.45399049973954697 0.8910065241883678 0
    outer loop
      vertex 6.386689373476086 -13.572405786990293 5.55
      vertex 6.386689373476086 -13.572405786990293 10
      vertex 7.226305111525731 -13.144600200657951 5.55
    endloop
  endfacet
  facet normal -0.5090414157503698 0.8607420270039446 0
    outer loop
      vertex 7.226305111525731 -13.144600200657951 5.55
      vertex 7.226305111525731 -13.144600200657951 10
      vertex 8.037401924684943 -12.66491888253023 5.55
    endloop
  endfacet
  facet normal -0.45399049973954697 0.8910065241883678 0
    outer loop
      vertex 7.226305111525731 -13.144600200657951 5.55
      vertex 6.386689373476086 -13.572405786990293 10
      vertex 7.226305111525731 -13.144600200657951 10
    endloop
  endfacet
  facet normal -0.5090414157503698 0.8607420270039446 0
    outer loop
      vertex 8.037401924684943 -12.66491888253023 5.55
      vertex 7.226305111525731 -13.144600200657951 10
      vertex 8.037401924684943 -12.66491888253023 10
    endloop
  endfacet
  facet normal -0.5620833778521296 0.8270805742745625 0
    outer loop
      vertex 8.037401924684943 -12.66491888253023 5.55
      vertex 8.037401924684943 -12.66491888253023 10
      vertex 8.816778784387097 -12.135254915624213 5.55
    endloop
  endfacet
  facet normal -0.6129070536529769 0.7901550123756902 0
    outer loop
      vertex 8.816778784387097 -12.135254915624213 5.55
      vertex 8.816778784387097 -12.135254915624213 10
      vertex 9.56135984623035 -11.557698641636836 5.55
    endloop
  endfacet
  facet normal -0.6613118653236519 0.7501110696304593 0
    outer loop
      vertex 9.56135984623035 -11.557698641636836 5.55
      vertex 9.56135984623035 -11.557698641636836 10
      vertex 10.268206588930328 -10.934529411321176 5.55
    endloop
  endfacet
  facet normal -0.7071067811865476 0.7071067811865476 0
    outer loop
      vertex 10.268206588930328 -10.934529411321176 5.55
      vertex 10.268206588930328 -10.934529411321176 10
      vertex 10.934529411321176 -10.268206588930328 5.55
    endloop
  endfacet
  facet normal -0.7501110696304593 0.6613118653236519 0
    outer loop
      vertex 10.934529411321176 -10.268206588930328 5.55
      vertex 10.934529411321176 -10.268206588930328 10
      vertex 11.557698641636836 -9.56135984623035 5.55
    endloop
  endfacet
  facet normal -0.7901550123756902 0.6129070536529769 0
    outer loop
      vertex 11.557698641636836 -9.56135984623035 5.55
      vertex 11.557698641636836 -9.56135984623035 10
      vertex 12.135254915624213 -8.816778784387097 5.55
    endloop
  endfacet
  facet normal -0.8270805742745625 0.5620833778521296 0
    outer loop
      vertex 12.135254915624213 -8.816778784387097 5.55
      vertex 12.135254915624213 -8.816778784387097 10
      vertex 12.66491888253023 -8.037401924684943 5.55
    endloop
  endfacet
  facet normal -0.5620833778521296 0.8270805742745625 0
    outer loop
      vertex 8.816778784387097 -12.135254915624213 5.55
      vertex 8.037401924684943 -12.66491888253023 10
      vertex 8.816778784387097 -12.135254915624213 10
    endloop
  endfacet
  facet normal -0.6129070536529769 0.7901550123756902 0
    outer loop
      vertex 9.56135984623035 -11.557698641636836 5.55
      vertex 8.816778784387097 -12.135254915624213 10
      vertex 9.56135984623035 -11.557698641636836 10
    endloop
  endfacet
  facet normal -0.6613118653236519 0.7501110696304593 0
    outer loop
      vertex 10.268206588930328 -10.934529411321176 5.55
      vertex 9.56135984623035 -11.557698641636836 10
      vertex 10.268206588930328 -10.934529411321176 10
    endloop
  endfacet
  facet normal -0.7071067811865476 0.7071067811865476 0
    outer loop
      vertex 10.934529411321176 -10.268206588930328 5.55
      vertex 10.268206588930328 -10.934529411321176 10
      vertex 10.934529411321176 -10.268206588930328 10
    endloop
  endfacet
  facet normal -0.7501110696304593 0.6613118653236519 0
    outer loop
      vertex 11.557698641636836 -9.56135984623035 5.55
      vertex 10.934529411321176 -10.268206588930328 10
      vertex 11.557698641636836 -9.56135984623035 10
    endloop
  endfacet
  facet normal -0.7901550123756902 0.6129070536529769 0
    outer loop
      vertex 12.135254915624213 -8.816778784387097 5.55
      vertex 11.557698641636836 -9.56135984623035 10
      vertex 12.135254915624213 -8.816778784387097 10
    endloop
  endfacet
  facet normal -0.8270805742745625 0.5620833778521296 0
    outer loop
      vertex 12.66491888253023 -8.037401924684943 5.55
      vertex 12.135254915624213 -8.816778784387097 10
      vertex 12.66491888253023 -8.037401924684943 10
    endloop
  endfacet
  facet normal -0.8607420270039446 0.5090414157503698 0
    outer loop
      vertex 12.66491888253023 -8.037401924684943 5.55
      vertex 12.66491888253023 -8.037401924684943 10
      vertex 13.144600200657951 -7.226305111525731 5.55
    endloop
  endfacet
  facet normal -0.8910065241883678 0.45399049973954697 0
    outer loop
      vertex 13.144600200657951 -7.226305111525731 5.55
      vertex 13.144600200657951 -7.226305111525731 10
      vertex 13.572405786990293 -6.386689373476086 5.55
    endloop
  endfacet
  facet normal -0.8607420270039446 0.5090414157503698 0
    outer loop
      vertex 13.144600200657951 -7.226305111525731 5.55
      vertex 12.66491888253023 -8.037401924684943 10
      vertex 13.144600200657951 -7.226305111525731 10
    endloop
  endfacet
  facet normal -0.8910065241883678 0.45399049973954697 0
    outer loop
      vertex 13.572405786990293 -6.386689373476086 5.55
      vertex 13.144600200657951 -7.226305111525731 10
      vertex 13.572405786990293 -6.386689373476086 10
    endloop
  endfacet
  facet normal -0.9177546256839805 0.3971478906347821 0
    outer loop
      vertex 13.572405786990293 -6.386689373476086 5.55
      vertex 13.572405786990293 -6.386689373476086 10
      vertex 13.946647288323769 -5.5218682902701755 5.55
    endloop
  endfacet
  facet normal -0.9408807689542258 0.33873792024529054 0
    outer loop
      vertex 13.946647288323769 -5.5218682902701755 5.55
      vertex 13.946647288323769 -5.5218682902701755 10
      vertex 14.265847744427303 -4.635254915624211 5.55
    endloop
  endfacet
  facet normal -0.9602936856769431 0.2789911060392296 0
    outer loop
      vertex 14.265847744427303 -4.635254915624211 5.55
      vertex 14.265847744427303 -4.635254915624211 10
      vertex 14.528747416929468 -3.7303483074728163 5.55
    endloop
  endfacet
  facet normal -0.9759167619387475 0.218143241396542 0
    outer loop
      vertex 14.528747416929468 -3.7303483074728163 5.55
      vertex 14.528747416929468 -3.7303483074728163 10
      vertex 14.734308760930329 -2.8107197187858723 5.55
    endloop
  endfacet
  facet normal -0.9876883405951374 0.1564344650402323 0
    outer loop
      vertex 14.734308760930329 -2.8107197187858723 5.55
      vertex 14.734308760930329 -2.8107197187858723 10
      vertex 14.881720519717168 -1.879998503464561 5.55
    endloop
  endfacet
  facet normal -0.9955619646030801 0.09410831331851381 0
    outer loop
      vertex 14.881720519717168 -1.879998503464561 5.55
      vertex 14.881720519717168 -1.879998503464561 10
      vertex 14.970400926424073 -0.9418577929397064 5.55
    endloop
  endfacet
  facet normal -0.9995065603657316 0.03141075907812839 0
    outer loop
      vertex 14.970400926424073 -0.9418577929397064 5.55
      vertex 14.970400926424073 -0.9418577929397064 10
      vertex 15 0 5.55
    endloop
  endfacet
  facet normal -0.9177546256839805 0.3971478906347821 0
    outer loop
      vertex 13.946647288323769 -5.5218682902701755 5.55
      vertex 13.572405786990293 -6.386689373476086 10
      vertex 13.946647288323769 -5.5218682902701755 10
    endloop
  endfacet
  facet normal -0.9408807689542258 0.33873792024529054 0
    outer loop
      vertex 14.265847744427303 -4.635254915624211 5.55
      vertex 13.946647288323769 -5.5218682902701755 10
      vertex 14.265847744427303 -4.635254915624211 10
    endloop
  endfacet
  facet normal -0.9602936856769431 0.2789911060392296 0
    outer loop
      vertex 14.528747416929468 -3.7303483074728163 5.55
      vertex 14.265847744427303 -4.635254915624211 10
      vertex 14.528747416929468 -3.7303483074728163 10
    endloop
  endfacet
  facet normal -0.9759167619387475 0.218143241396542 0
    outer loop
      vertex 14.734308760930329 -2.8107197187858723 5.55
      vertex 14.528747416929468 -3.7303483074728163 10
      vertex 14.734308760930329 -2.8107197187858723 10
    endloop
  endfacet
  facet normal -0.9876883405951374 0.1564344650402323 0
    outer loop
      vertex 14.881720519717168 -1.879998503464561 5.55
      vertex 14.734308760930329 -2.8107197187858723 10
      vertex 14.881720519717168 -1.879998503464561 10
    endloop
  endfacet
  facet normal -0.9955619646030801 0.09410831331851381 0
    outer loop
      vertex 14.970400926424073 -0.9418577929397064 5.55
      vertex 14.881720519717168 -1.879998503464561 10
      vertex 14.970400926424073 -0.9418577929397064 10
    endloop
  endfacet
  facet normal -0.9995065603657316 0.03141075907812839 0
    outer loop
      vertex 15 0 5.55
      vertex 14.970400926424073 -0.9418577929397064 10
      vertex 15 0 10
    endloop
  endfacet
  facet normal -0.5620833778521305 -0.8270805742745618 0
    outer loop
      vertex 8.03740192468495 12.664918882530227 5.55
      vertex 8.816778784387097 12.135254915624213 5.55
      vertex 8.816778784387097 12.135254915624213 10
    endloop
  endfacet
  facet normal -0.6129070536529786 -0.7901550123756886 0
    outer loop
      vertex 8.816778784387097 12.135254915624213 5.55
      vertex 9.561359846230346 11.557698641636836 5.55
      vertex 9.561359846230346 11.557698641636836 10
    endloop
  endfacet
  facet normal -0.8270805742745618 -0.5620833778521305 0
    outer loop
      vertex 12.135254915624213 8.816778784387097 5.55
      vertex 12.664918882530227 8.03740192468495 5.55
      vertex 12.664918882530227 8.03740192468495 10
    endloop
  endfacet
  facet normal -0.7901550123756886 -0.6129070536529786 0
    outer loop
      vertex 11.557698641636836 9.561359846230346 5.55
      vertex 12.135254915624213 8.816778784387097 5.55
      vertex 12.135254915624213 8.816778784387097 10
    endloop
  endfacet
  facet normal -0.7071067811865475 -0.7071067811865475 0
    outer loop
      vertex 10.268206588930331 10.934529411321174 5.55
      vertex 10.934529411321174 10.268206588930331 5.55
      vertex 10.934529411321174 10.268206588930331 10
    endloop
  endfacet
  facet normal -0.6613118653236494 -0.7501110696304618 0
    outer loop
      vertex 9.561359846230346 11.557698641636836 5.55
      vertex 10.268206588930331 10.934529411321174 5.55
      vertex 10.268206588930331 10.934529411321174 10
    endloop
  endfacet
  facet normal -0.7501110696304618 -0.6613118653236494 0
    outer loop
      vertex 10.934529411321174 10.268206588930331 5.55
      vertex 11.557698641636836 9.561359846230346 5.55
      vertex 11.557698641636836 9.561359846230346 10
    endloop
  endfacet
  facet normal -0.5620833778521305 -0.8270805742745618 0
    outer loop
      vertex 8.03740192468495 12.664918882530227 5.55
      vertex 8.816778784387097 12.135254915624213 10
      vertex 8.03740192468495 12.664918882530227 10
    endloop
  endfacet
  facet normal -0.6129070536529786 -0.7901550123756886 0
    outer loop
      vertex 8.816778784387097 12.135254915624213 5.55
      vertex 9.561359846230346 11.557698641636836 10
      vertex 8.816778784387097 12.135254915624213 10
    endloop
  endfacet
  facet normal -0.8270805742745618 -0.5620833778521305 0
    outer loop
      vertex 12.135254915624213 8.816778784387097 5.55
      vertex 12.664918882530227 8.03740192468495 10
      vertex 12.135254915624213 8.816778784387097 10
    endloop
  endfacet
  facet normal -0.7901550123756886 -0.6129070536529786 0
    outer loop
      vertex 11.557698641636836 9.561359846230346 5.55
      vertex 12.135254915624213 8.816778784387097 10
      vertex 11.557698641636836 9.561359846230346 10
    endloop
  endfacet
  facet normal -0.7071067811865475 -0.7071067811865475 0
    outer loop
      vertex 10.268206588930331 10.934529411321174 5.55
      vertex 10.934529411321174 10.268206588930331 10
      vertex 10.268206588930331 10.934529411321174 10
    endloop
  endfacet
  facet normal -0.6613118653236494 -0.7501110696304618 0
    outer loop
      vertex 9.561359846230346 11.557698641636836 5.55
      vertex 10.268206588930331 10.934529411321174 10
      vertex 9.561359846230346 11.557698641636836 10
    endloop
  endfacet
  facet normal -0.7501110696304618 -0.6613118653236494 0
    outer loop
      vertex 10.934529411321174 10.268206588930331 5.55
      vertex 11.557698641636836 9.561359846230346 10
      vertex 10.934529411321174 10.268206588930331 10
    endloop
  endfacet
  facet normal -0.031410759078128625 -0.9995065603657314 0
    outer loop
      vertex 0 15 5.55
      vertex 0.9418577929396992 14.970400926424073 5.55
      vertex 0.9418577929396992 14.970400926424073 10
    endloop
  endfacet
  facet normal -0.09410831331851276 -0.9955619646030801 0
    outer loop
      vertex 0.9418577929396992 14.970400926424073 5.55
      vertex 1.8799985034645643 14.881720519717168 5.55
      vertex 1.8799985034645643 14.881720519717168 10
    endloop
  endfacet
  facet normal -0.15643446504023165 -0.9876883405951378 0
    outer loop
      vertex 1.8799985034645643 14.881720519717168 5.55
      vertex 2.810719718785869 14.73430876093033 5.55
      vertex 2.810719718785869 14.73430876093033 10
    endloop
  endfacet
  facet normal -0.21814324139654342 -0.9759167619387473 0
    outer loop
      vertex 2.810719718785869 14.73430876093033 5.55
      vertex 3.7303483074728225 14.528747416929466 5.55
      vertex 3.7303483074728225 14.528747416929466 10
    endloop
  endfacet
  facet normal -0.27899110603922966 -0.9602936856769431 0
    outer loop
      vertex 3.7303483074728225 14.528747416929466 5.55
      vertex 4.635254915624211 14.265847744427303 5.55
      vertex 4.635254915624211 14.265847744427303 10
    endloop
  endfacet
  facet normal -0.33873792024528965 -0.9408807689542262 0
    outer loop
      vertex 4.635254915624211 14.265847744427303 5.55
      vertex 5.521868290270168 13.946647288323772 5.55
      vertex 5.521868290270168 13.946647288323772 10
    endloop
  endfacet
  facet normal -0.3971478906347824 -0.9177546256839804 0
    outer loop
      vertex 5.521868290270168 13.946647288323772 5.55
      vertex 6.386689373476091 13.572405786990291 5.55
      vertex 6.386689373476091 13.572405786990291 10
    endloop
  endfacet
  facet normal -0.031410759078128625 -0.9995065603657314 0
    outer loop
      vertex 0 15 5.55
      vertex 0.9418577929396992 14.970400926424073 10
      vertex 0 15 10
    endloop
  endfacet
  facet normal -0.09410831331851276 -0.9955619646030801 0
    outer loop
      vertex 0.9418577929396992 14.970400926424073 5.55
      vertex 1.8799985034645643 14.881720519717168 10
      vertex 0.9418577929396992 14.970400926424073 10
    endloop
  endfacet
  facet normal -0.15643446504023165 -0.9876883405951378 0
    outer loop
      vertex 1.8799985034645643 14.881720519717168 5.55
      vertex 2.810719718785869 14.73430876093033 10
      vertex 1.8799985034645643 14.881720519717168 10
    endloop
  endfacet
  facet normal -0.21814324139654342 -0.9759167619387473 0
    outer loop
      vertex 2.810719718785869 14.73430876093033 5.55
      vertex 3.7303483074728225 14.528747416929466 10
      vertex 2.810719718785869 14.73430876093033 10
    endloop
  endfacet
  facet normal -0.27899110603922966 -0.9602936856769431 0
    outer loop
      vertex 3.7303483074728225 14.528747416929466 5.55
      vertex 4.635254915624211 14.265847744427303 10
      vertex 3.7303483074728225 14.528747416929466 10
    endloop
  endfacet
  facet normal -0.3971478906347824 -0.9177546256839804 0
    outer loop
      vertex 5.521868290270168 13.946647288323772 5.55
      vertex 6.386689373476091 13.572405786990291 10
      vertex 5.521868290270168 13.946647288323772 10
    endloop
  endfacet
  facet normal -0.33873792024528965 -0.9408807689542262 0
    outer loop
      vertex 4.635254915624211 14.265847744427303 5.55
      vertex 5.521868290270168 13.946647288323772 10
      vertex 4.635254915624211 14.265847744427303 10
    endloop
  endfacet
  facet normal -0.45399049973954697 -0.8910065241883677 0
    outer loop
      vertex 6.386689373476091 13.572405786990291 5.55
      vertex 7.226305111525728 13.144600200657953 5.55
      vertex 7.226305111525728 13.144600200657953 10
    endloop
  endfacet
  facet normal -0.5090414157503694 -0.8607420270039448 0
    outer loop
      vertex 7.226305111525728 13.144600200657953 5.55
      vertex 8.03740192468495 12.664918882530227 5.55
      vertex 8.03740192468495 12.664918882530227 10
    endloop
  endfacet
  facet normal -0.45399049973954697 -0.8910065241883677 0
    outer loop
      vertex 6.386689373476091 13.572405786990291 5.55
      vertex 7.226305111525728 13.144600200657953 10
      vertex 6.386689373476091 13.572405786990291 10
    endloop
  endfacet
  facet normal -0.5090414157503694 -0.8607420270039448 0
    outer loop
      vertex 7.226305111525728 13.144600200657953 5.55
      vertex 8.03740192468495 12.664918882530227 10
      vertex 7.226305111525728 13.144600200657953 10
    endloop
  endfacet
  facet normal -0.9995065603657316 -0.03141075907812858 0
    outer loop
      vertex 15 0 5.55
      vertex 15 0 10
      vertex 14.970400926424073 0.9418577929397006 5.55
    endloop
  endfacet
  facet normal -0.9955619646030801 -0.09410831331851295 0
    outer loop
      vertex 14.970400926424073 0.9418577929397006 5.55
      vertex 14.970400926424073 0.9418577929397006 10
      vertex 14.881720519717168 1.8799985034645639 5.55
    endloop
  endfacet
  facet normal -0.9876883405951375 -0.15643446504023148 0
    outer loop
      vertex 14.881720519717168 1.8799985034645639 5.55
      vertex 14.881720519717168 1.8799985034645639 10
      vertex 14.73430876093033 2.8107197187858692 5.55
    endloop
  endfacet
  facet normal -0.9759167619387471 -0.2181432413965436 0
    outer loop
      vertex 14.73430876093033 2.8107197187858692 5.55
      vertex 14.73430876093033 2.8107197187858692 10
      vertex 14.528747416929466 3.730348307472822 5.55
    endloop
  endfacet
  facet normal -0.9177546256839814 -0.3971478906347799 0
    outer loop
      vertex 13.572405786990293 6.38668937347609 5.55
      vertex 13.94664728832377 5.521868290270169 5.55
      vertex 13.94664728832377 5.521868290270169 10
    endloop
  endfacet
  facet normal -0.9602936856769431 -0.27899110603922955 0
    outer loop
      vertex 14.265847744427303 4.635254915624211 5.55
      vertex 14.528747416929466 3.730348307472822 5.55
      vertex 14.528747416929466 3.730348307472822 10
    endloop
  endfacet
  facet normal -0.9408807689542255 -0.3387379202452909 0
    outer loop
      vertex 14.265847744427303 4.635254915624211 5.55
      vertex 14.265847744427303 4.635254915624211 10
      vertex 13.94664728832377 5.521868290270169 5.55
    endloop
  endfacet
  facet normal -0.9995065603657316 -0.03141075907812858 0
    outer loop
      vertex 14.970400926424073 0.9418577929397006 5.55
      vertex 15 0 10
      vertex 14.970400926424073 0.9418577929397006 10
    endloop
  endfacet
  facet normal -0.9876883405951375 -0.15643446504023148 0
    outer loop
      vertex 14.73430876093033 2.8107197187858692 5.55
      vertex 14.881720519717168 1.8799985034645639 10
      vertex 14.73430876093033 2.8107197187858692 10
    endloop
  endfacet
  facet normal -0.9955619646030801 -0.09410831331851295 0
    outer loop
      vertex 14.881720519717168 1.8799985034645639 5.55
      vertex 14.970400926424073 0.9418577929397006 10
      vertex 14.881720519717168 1.8799985034645639 10
    endloop
  endfacet
  facet normal -0.9408807689542255 -0.3387379202452909 0
    outer loop
      vertex 13.94664728832377 5.521868290270169 5.55
      vertex 14.265847744427303 4.635254915624211 10
      vertex 13.94664728832377 5.521868290270169 10
    endloop
  endfacet
  facet normal -0.9177546256839814 -0.3971478906347799 0
    outer loop
      vertex 13.572405786990293 6.38668937347609 5.55
      vertex 13.94664728832377 5.521868290270169 10
      vertex 13.572405786990293 6.38668937347609 10
    endloop
  endfacet
  facet normal -0.9759167619387471 -0.2181432413965436 0
    outer loop
      vertex 14.528747416929466 3.730348307472822 5.55
      vertex 14.73430876093033 2.8107197187858692 10
      vertex 14.528747416929466 3.730348307472822 10
    endloop
  endfacet
  facet normal -0.9602936856769431 -0.27899110603922955 0
    outer loop
      vertex 14.265847744427303 4.635254915624211 5.55
      vertex 14.528747416929466 3.730348307472822 10
      vertex 14.265847744427303 4.635254915624211 10
    endloop
  endfacet
  facet normal -0.8607420270039443 -0.5090414157503703 0
    outer loop
      vertex 12.664918882530227 8.03740192468495 5.55
      vertex 13.144600200657953 7.22630511152573 5.55
      vertex 13.144600200657953 7.22630511152573 10
    endloop
  endfacet
  facet normal -0.8910065241883676 -0.45399049973954736 0
    outer loop
      vertex 13.572405786990293 6.38668937347609 5.55
      vertex 13.572405786990293 6.38668937347609 10
      vertex 13.144600200657953 7.22630511152573 5.55
    endloop
  endfacet
  facet normal -0.8607420270039443 -0.5090414157503703 0
    outer loop
      vertex 12.664918882530227 8.03740192468495 5.55
      vertex 13.144600200657953 7.22630511152573 10
      vertex 12.664918882530227 8.03740192468495 10
    endloop
  endfacet
  facet normal -0.8910065241883676 -0.45399049973954736 0
    outer loop
      vertex 13.144600200657953 7.22630511152573 5.55
      vertex 13.572405786990293 6.38668937347609 10
      vertex 13.144600200657953 7.22630511152573 10
    endloop
  endfacet
  facet normal 0.9177546256839809 0.3971478906347809 0
    outer loop
      vertex -15.834473418155342 -7.451137602388767 -0.4500000000000002
      vertex -16.2710885030444 -6.4421796719818625 -0.4500000000000002
      vertex -15.834473418155342 -7.451137602388767 5.55
    endloop
  endfacet
  facet normal 0.8270805742745626 0.5620833778521294 0
    outer loop
      vertex -14.775738696285261 -9.376968912132444 -0.4500000000000002
      vertex -14.15779740156158 -10.28624191511828 5.55
      vertex -14.15779740156158 -10.28624191511828 -0.4500000000000002
    endloop
  endfacet
  facet normal 0.7501110696304588 0.6613118653236528 0
    outer loop
      vertex -13.483981748576314 -11.15491982060207 -0.4500000000000002
      vertex -12.756950979874704 -11.97957435375205 5.55
      vertex -12.756950979874704 -11.97957435375205 -0.4500000000000002
    endloop
  endfacet
  facet normal 0.7901550123756906 0.6129070536529762 0
    outer loop
      vertex -13.483981748576314 -11.15491982060207 -0.4500000000000002
      vertex -14.15779740156158 -10.28624191511828 -0.4500000000000002
      vertex -13.483981748576314 -11.15491982060207 5.55
    endloop
  endfacet
  facet normal 0.860742027003944 0.5090414157503708 0
    outer loop
      vertex -14.775738696285261 -9.376968912132444 -0.4500000000000002
      vertex -15.33536690076761 -8.430689296780018 -0.4500000000000002
      vertex -14.775738696285261 -9.376968912132444 5.55
    endloop
  endfacet
  facet normal 0.8910065241883677 0.45399049973954714 0
    outer loop
      vertex -15.834473418155342 -7.451137602388767 -0.4500000000000002
      vertex -15.33536690076761 -8.430689296780018 5.55
      vertex -15.33536690076761 -8.430689296780018 -0.4500000000000002
    endloop
  endfacet
  facet normal 0.8910065241883677 0.45399049973954714 0
    outer loop
      vertex -15.834473418155342 -7.451137602388767 -0.4500000000000002
      vertex -15.834473418155342 -7.451137602388767 5.55
      vertex -15.33536690076761 -8.430689296780018 5.55
    endloop
  endfacet
  facet normal 0.9177546256839809 0.3971478906347809 0
    outer loop
      vertex -16.2710885030444 -6.4421796719818625 -0.4500000000000002
      vertex -16.2710885030444 -6.4421796719818625 5.55
      vertex -15.834473418155342 -7.451137602388767 5.55
    endloop
  endfacet
  facet normal 0.8270805742745626 0.5620833778521294 0
    outer loop
      vertex -14.775738696285261 -9.376968912132444 -0.4500000000000002
      vertex -14.775738696285261 -9.376968912132444 5.55
      vertex -14.15779740156158 -10.28624191511828 5.55
    endloop
  endfacet
  facet normal 0.7501110696304588 0.6613118653236528 0
    outer loop
      vertex -13.483981748576314 -11.15491982060207 -0.4500000000000002
      vertex -13.483981748576314 -11.15491982060207 5.55
      vertex -12.756950979874704 -11.97957435375205 5.55
    endloop
  endfacet
  facet normal 0.7901550123756906 0.6129070536529762 0
    outer loop
      vertex -14.15779740156158 -10.28624191511828 -0.4500000000000002
      vertex -14.15779740156158 -10.28624191511828 5.55
      vertex -13.483981748576314 -11.15491982060207 5.55
    endloop
  endfacet
  facet normal 0.860742027003944 0.5090414157503708 0
    outer loop
      vertex -15.33536690076761 -8.430689296780018 -0.4500000000000002
      vertex -15.33536690076761 -8.430689296780018 5.55
      vertex -14.775738696285261 -9.376968912132444 5.55
    endloop
  endfacet
  facet normal 0.9602936856769431 0.27899110603922955 0
    outer loop
      vertex -16.643489035165185 -5.407797401561579 -0.4500000000000002
      vertex -16.950205319751042 -4.35207302538496 -0.4500000000000002
      vertex -16.643489035165185 -5.407797401561579 5.55
    endloop
  endfacet
  facet normal 0.940880768954226 0.33873792024528965 0
    outer loop
      vertex -16.643489035165185 -5.407797401561579 -0.4500000000000002
      vertex -16.2710885030444 -6.4421796719818625 5.55
      vertex -16.2710885030444 -6.4421796719818625 -0.4500000000000002
    endloop
  endfacet
  facet normal 0.9759167619387471 0.21814324139654445 0
    outer loop
      vertex -17.19002688775205 -3.2791730052501844 -0.4500000000000002
      vertex -16.950205319751042 -4.35207302538496 5.55
      vertex -16.950205319751042 -4.35207302538496 -0.4500000000000002
    endloop
  endfacet
  facet normal 0.9876883405951375 0.1564344650402326 0
    outer loop
      vertex -17.19002688775205 -3.2791730052501844 -0.4500000000000002
      vertex -17.362007273003364 -2.193331587375321 -0.4500000000000002
      vertex -17.19002688775205 -3.2791730052501844 5.55
    endloop
  endfacet
  facet normal 0.99556196460308 0.09410831331851284 0
    outer loop
      vertex -17.362007273003364 -2.193331587375321 -0.4500000000000002
      vertex -17.465467747494753 -1.0988340917629824 -0.4500000000000002
      vertex -17.362007273003364 -2.193331587375321 5.55
    endloop
  endfacet
  facet normal 0.9995065603657316 0.031410759078128084 0
    outer loop
      vertex -17.465467747494753 -1.0988340917629824 -0.4500000000000002
      vertex -17.5 0 -0.4500000000000002
      vertex -17.465467747494753 -1.0988340917629824 5.55
    endloop
  endfacet
  facet normal 0.940880768954226 0.33873792024528965 0
    outer loop
      vertex -16.643489035165185 -5.407797401561579 -0.4500000000000002
      vertex -16.643489035165185 -5.407797401561579 5.55
      vertex -16.2710885030444 -6.4421796719818625 5.55
    endloop
  endfacet
  facet normal 0.9602936856769431 0.27899110603922955 0
    outer loop
      vertex -16.950205319751042 -4.35207302538496 -0.4500000000000002
      vertex -16.950205319751042 -4.35207302538496 5.55
      vertex -16.643489035165185 -5.407797401561579 5.55
    endloop
  endfacet
  facet normal 0.9759167619387471 0.21814324139654445 0
    outer loop
      vertex -17.19002688775205 -3.2791730052501844 -0.4500000000000002
      vertex -17.19002688775205 -3.2791730052501844 5.55
      vertex -16.950205319751042 -4.35207302538496 5.55
    endloop
  endfacet
  facet normal 0.9876883405951375 0.1564344650402326 0
    outer loop
      vertex -17.362007273003364 -2.193331587375321 -0.4500000000000002
      vertex -17.362007273003364 -2.193331587375321 5.55
      vertex -17.19002688775205 -3.2791730052501844 5.55
    endloop
  endfacet
  facet normal 0.99556196460308 0.09410831331851284 0
    outer loop
      vertex -17.465467747494753 -1.0988340917629824 -0.4500000000000002
      vertex -17.465467747494753 -1.0988340917629824 5.55
      vertex -17.362007273003364 -2.193331587375321 5.55
    endloop
  endfacet
  facet normal 0.9995065603657316 0.031410759078128084 0
    outer loop
      vertex -17.465467747494753 -1.0988340917629824 5.55
      vertex -17.5 0 -0.4500000000000002
      vertex -17.5 0 5.55
    endloop
  endfacet
  facet normal 0 0 -1
    outer loop
      vertex -13.483981748576314 -11.15491982060207 5.55
      vertex -12.664918882530225 -8.037401924684952 5.55
      vertex -12.756950979874704 -11.97957435375205 5.55
    endloop
  endfacet
  facet normal 0 0 -1
    outer loop
      vertex -12.756950979874704 -11.97957435375205 5.55
      vertex -12.664918882530225 -8.037401924684952 5.55
      vertex -12.135254915624213 -8.816778784387097 5.55
    endloop
  endfacet
  facet normal 0 0 -1
    outer loop
      vertex -14.775738696285261 -9.376968912132444 5.55
      vertex -14.265847744427303 -4.635254915624211 5.55
      vertex -14.15779740156158 -10.28624191511828 5.55
    endloop
  endfacet
  facet normal 0 0 -1
    outer loop
      vertex -14.15779740156158 -10.28624191511828 5.55
      vertex -14.265847744427303 -4.635254915624211 5.55
      vertex -13.946647288323772 -5.521868290270168 5.55
    endloop
  endfacet
  facet normal 0 0 -1
    outer loop
      vertex -13.483981748576314 -11.15491982060207 5.55
      vertex -14.15779740156158 -10.28624191511828 5.55
      vertex -13.572405786990293 -6.386689373476086 5.55
    endloop
  endfacet
  facet normal 0 0 -1
    outer loop
      vertex -13.483981748576314 -11.15491982060207 5.55
      vertex -13.572405786990293 -6.386689373476086 5.55
      vertex -13.144600200657951 -7.226305111525731 5.55
    endloop
  endfacet
  facet normal 0 0 -1
    outer loop
      vertex -13.483981748576314 -11.15491982060207 5.55
      vertex -13.144600200657951 -7.226305111525731 5.55
      vertex -12.664918882530225 -8.037401924684952 5.55
    endloop
  endfacet
  facet normal 0 0 -1
    outer loop
      vertex -14.15779740156158 -10.28624191511828 5.55
      vertex -13.946647288323772 -5.521868290270168 5.55
      vertex -13.572405786990293 -6.386689373476086 5.55
    endloop
  endfacet
  facet normal 0 0 -1
    outer loop
      vertex -17.19002688775205 -3.2791730052501844 5.55
      vertex -17.362007273003364 -2.193331587375321 5.55
      vertex -17.362007273003364 2.193331587375321 5.55
    endloop
  endfacet
  facet normal 0 0 -1
    outer loop
      vertex -17.362007273003364 -2.193331587375321 5.55
      vertex -17.465467747494753 -1.0988340917629824 5.55
      vertex -17.465467747494753 1.0988340917629824 5.55
    endloop
  endfacet
  facet normal 0 0 -1
    outer loop
      vertex -16.643489035165185 -5.407797401561579 5.55
      vertex -16.950205319751042 -4.35207302538496 5.55
      vertex -16.950205319751042 4.35207302538496 5.55
    endloop
  endfacet
  facet normal 0 0 -1
    outer loop
      vertex -16.643489035165185 -5.407797401561579 5.55
      vertex -16.643489035165185 5.407797401561579 5.55
      vertex -16.2710885030444 -6.4421796719818625 5.55
    endloop
  endfacet
  facet normal 0 0 -1
    outer loop
      vertex -15.834473418155342 -7.451137602388767 5.55
      vertex -16.2710885030444 -6.4421796719818625 5.55
      vertex -16.2710885030444 6.4421796719818625 5.55
    endloop
  endfacet
  facet normal 0 0 -1
    outer loop
      vertex -15.834473418155342 -7.451137602388767 5.55
      vertex -15.834473418155342 7.451137602388767 5.55
      vertex -15.33536690076761 -8.430689296780018 5.55
    endloop
  endfacet
  facet normal 0 0 -1
    outer loop
      vertex -17.19002688775205 -3.2791730052501844 5.55
      vertex -17.19002688775205 3.2791730052501844 5.55
      vertex -16.950205319751042 -4.35207302538496 5.55
    endloop
  endfacet
  facet normal 0 0 -1
    outer loop
      vertex -14.775738696285261 -9.376968912132444 5.55
      vertex -14.528747416929466 -3.7303483074728225 5.55
      vertex -14.265847744427303 -4.635254915624211 5.55
    endloop
  endfacet
  facet normal 0 0 -1
    outer loop
      vertex -14.775738696285261 -9.376968912132444 5.55
      vertex -14.734308760930329 -2.8107197187858723 5.55
      vertex -14.528747416929466 -3.7303483074728225 5.55
    endloop
  endfacet
  facet normal 0 0 -1
    outer loop
      vertex -14.775738696285261 -9.376968912132444 5.55
      vertex -14.881720519717168 -1.879998503464561 5.55
      vertex -14.734308760930329 -2.8107197187858723 5.55
    endloop
  endfacet
  facet normal 0 0 -1
    outer loop
      vertex -14.775738696285261 -9.376968912132444 5.55
      vertex -14.970400926424073 -0.9418577929396992 5.55
      vertex -14.881720519717168 -1.879998503464561 5.55
    endloop
  endfacet
  facet normal 0 0 -1
    outer loop
      vertex -14.775738696285261 -9.376968912132444 5.55
      vertex -15.33536690076761 -8.430689296780018 5.55
      vertex -15.33536690076761 8.430689296780018 5.55
    endloop
  endfacet
  facet normal 0 0 -1
    outer loop
      vertex -14.775738696285261 -9.376968912132444 5.55
      vertex -15.33536690076761 8.430689296780018 5.55
      vertex -14.970400926424073 -0.9418577929396992 5.55
    endloop
  endfacet
  facet normal 0.6613118653236528 0.7501110696304588 0
    outer loop
      vertex -11.15491982060207 -13.483981748576314 -0.4500000000000002
      vertex -11.97957435375205 -12.756950979874704 -0.4500000000000002
      vertex -11.15491982060207 -13.483981748576314 5.55
    endloop
  endfacet
  facet normal 0.5620833778521294 0.8270805742745626 0
    outer loop
      vertex -9.376968912132444 -14.775738696285261 -0.4500000000000002
      vertex -10.28624191511828 -14.15779740156158 -0.4500000000000002
      vertex -9.376968912132444 -14.775738696285261 5.55
    endloop
  endfacet
  facet normal 0.6129070536529762 0.7901550123756906 0
    outer loop
      vertex -11.15491982060207 -13.483981748576314 -0.4500000000000002
      vertex -10.28624191511828 -14.15779740156158 5.55
      vertex -10.28624191511828 -14.15779740156158 -0.4500000000000002
    endloop
  endfacet
  facet normal 0.45399049973954714 0.8910065241883677 0
    outer loop
      vertex -7.451137602388767 -15.834473418155342 -0.4500000000000002
      vertex -8.430689296780018 -15.33536690076761 -0.4500000000000002
      vertex -7.451137602388767 -15.834473418155342 5.55
    endloop
  endfacet
  facet normal 0.3971478906347809 0.9177546256839809 0
    outer loop
      vertex -7.451137602388767 -15.834473418155342 -0.4500000000000002
      vertex -6.4421796719818625 -16.2710885030444 5.55
      vertex -6.4421796719818625 -16.2710885030444 -0.4500000000000002
    endloop
  endfacet
  facet normal 0.5090414157503708 0.860742027003944 0
    outer loop
      vertex -9.376968912132444 -14.775738696285261 -0.4500000000000002
      vertex -8.430689296780018 -15.33536690076761 5.55
      vertex -8.430689296780018 -15.33536690076761 -0.4500000000000002
    endloop
  endfacet
  facet normal 0.6613118653236528 0.7501110696304588 0
    outer loop
      vertex -11.97957435375205 -12.756950979874704 -0.4500000000000002
      vertex -11.97957435375205 -12.756950979874704 5.55
      vertex -11.15491982060207 -13.483981748576314 5.55
    endloop
  endfacet
  facet normal 0.5620833778521294 0.8270805742745626 0
    outer loop
      vertex -10.28624191511828 -14.15779740156158 -0.4500000000000002
      vertex -10.28624191511828 -14.15779740156158 5.55
      vertex -9.376968912132444 -14.775738696285261 5.55
    endloop
  endfacet
  facet normal 0.6129070536529762 0.7901550123756906 0
    outer loop
      vertex -11.15491982060207 -13.483981748576314 -0.4500000000000002
      vertex -11.15491982060207 -13.483981748576314 5.55
      vertex -10.28624191511828 -14.15779740156158 5.55
    endloop
  endfacet
  facet normal 0.3971478906347809 0.9177546256839809 0
    outer loop
      vertex -7.451137602388767 -15.834473418155342 -0.4500000000000002
      vertex -7.451137602388767 -15.834473418155342 5.55
      vertex -6.4421796719818625 -16.2710885030444 5.55
    endloop
  endfacet
  facet normal 0.5090414157503708 0.860742027003944 0
    outer loop
      vertex -9.376968912132444 -14.775738696285261 -0.4500000000000002
      vertex -9.376968912132444 -14.775738696285261 5.55
      vertex -8.430689296780018 -15.33536690076761 5.55
    endloop
  endfacet
  facet normal 0.45399049973954714 0.8910065241883677 0
    outer loop
      vertex -8.430689296780018 -15.33536690076761 -0.4500000000000002
      vertex -8.430689296780018 -15.33536690076761 5.55
      vertex -7.451137602388767 -15.834473418155342 5.55
    endloop
  endfacet
  facet normal 0.33873792024528965 0.940880768954226 0
    outer loop
      vertex -6.4421796719818625 -16.2710885030444 -0.4500000000000002
      vertex -5.407797401561579 -16.643489035165185 5.55
      vertex -5.407797401561579 -16.643489035165185 -0.4500000000000002
    endloop
  endfacet
  facet normal 0.27899110603922955 0.9602936856769431 0
    outer loop
      vertex -5.407797401561579 -16.643489035165185 -0.4500000000000002
      vertex -4.35207302538496 -16.950205319751042 5.55
      vertex -4.35207302538496 -16.950205319751042 -0.4500000000000002
    endloop
  endfacet
  facet normal 0.21814324139654445 0.9759167619387471 0
    outer loop
      vertex -4.35207302538496 -16.950205319751042 -0.4500000000000002
      vertex -3.2791730052501844 -17.19002688775205 5.55
      vertex -3.2791730052501844 -17.19002688775205 -0.4500000000000002
    endloop
  endfacet
  facet normal 0.1564344650402326 0.9876883405951375 0
    outer loop
      vertex -3.2791730052501844 -17.19002688775205 -0.4500000000000002
      vertex -2.193331587375321 -17.362007273003364 5.55
      vertex -2.193331587375321 -17.362007273003364 -0.4500000000000002
    endloop
  endfacet
  facet normal 0.09410831331851358 0.99556196460308 0
    outer loop
      vertex -2.193331587375321 -17.362007273003364 -0.4500000000000002
      vertex -1.0988340917629908 -17.465467747494753 5.55
      vertex -1.0988340917629908 -17.465467747494753 -0.4500000000000002
    endloop
  endfacet
  facet normal 0.03141075907812785 0.9995065603657316 0
    outer loop
      vertex -1.0988340917629908 -17.465467747494753 -0.4500000000000002
      vertex 0 -17.5 5.55
      vertex 0 -17.5 -0.4500000000000002
    endloop
  endfacet
  facet normal 0.33873792024528965 0.940880768954226 0
    outer loop
      vertex -6.4421796719818625 -16.2710885030444 -0.4500000000000002
      vertex -6.4421796719818625 -16.2710885030444 5.55
      vertex -5.407797401561579 -16.643489035165185 5.55
    endloop
  endfacet
  facet normal 0.27899110603922955 0.9602936856769431 0
    outer loop
      vertex -5.407797401561579 -16.643489035165185 -0.4500000000000002
      vertex -5.407797401561579 -16.643489035165185 5.55
      vertex -4.35207302538496 -16.950205319751042 5.55
    endloop
  endfacet
  facet normal 0.21814324139654445 0.9759167619387471 0
    outer loop
      vertex -4.35207302538496 -16.950205319751042 -0.4500000000000002
      vertex -4.35207302538496 -16.950205319751042 5.55
      vertex -3.2791730052501844 -17.19002688775205 5.55
    endloop
  endfacet
  facet normal 0.1564344650402326 0.9876883405951375 0
    outer loop
      vertex -3.2791730052501844 -17.19002688775205 -0.4500000000000002
      vertex -3.2791730052501844 -17.19002688775205 5.55
      vertex -2.193331587375321 -17.362007273003364 5.55
    endloop
  endfacet
  facet normal 0.09410831331851358 0.99556196460308 0
    outer loop
      vertex -2.193331587375321 -17.362007273003364 -0.4500000000000002
      vertex -2.193331587375321 -17.362007273003364 5.55
      vertex -1.0988340917629908 -17.465467747494753 5.55
    endloop
  endfacet
  facet normal 0.03141075907812785 0.9995065603657316 0
    outer loop
      vertex -1.0988340917629908 -17.465467747494753 -0.4500000000000002
      vertex -1.0988340917629908 -17.465467747494753 5.55
      vertex 0 -17.5 5.55
    endloop
  endfacet
  facet normal 0 0 -1
    outer loop
      vertex -11.15491982060207 -13.483981748576314 5.55
      vertex -10.268206588930328 -10.934529411321176 5.55
      vertex -10.28624191511828 -14.15779740156158 5.55
    endloop
  endfacet
  facet normal 0 0 -1
    outer loop
      vertex -9.376968912132444 -14.775738696285261 5.55
      vertex -10.28624191511828 -14.15779740156158 5.55
      vertex -8.816778784387097 -12.135254915624213 5.55
    endloop
  endfacet
  facet normal 0 0 -1
    outer loop
      vertex -10.28624191511828 -14.15779740156158 5.55
      vertex -9.561359846230344 -11.55769864163684 5.55
      vertex -8.816778784387097 -12.135254915624213 5.55
    endloop
  endfacet
  facet normal 0 0 -1
    outer loop
      vertex -9.376968912132444 -14.775738696285261 5.55
      vertex -8.037401924684952 -12.664918882530225 5.55
      vertex -8.430689296780018 -15.33536690076761 5.55
    endloop
  endfacet
  facet normal 0 0 -1
    outer loop
      vertex -9.376968912132444 -14.775738696285261 5.55
      vertex -8.816778784387097 -12.135254915624213 5.55
      vertex -8.037401924684952 -12.664918882530225 5.55
    endloop
  endfacet
  facet normal 0 0 -1
    outer loop
      vertex -8.430689296780018 -15.33536690076761 5.55
      vertex -8.037401924684952 -12.664918882530225 5.55
      vertex -7.226305111525731 -13.144600200657951 5.55
    endloop
  endfacet
  facet normal 0 0 -1
    outer loop
      vertex -7.451137602388767 -15.834473418155342 5.55
      vertex -8.430689296780018 -15.33536690076761 5.55
      vertex -7.226305111525731 -13.144600200657951 5.55
    endloop
  endfacet
  facet normal 0 0 -1
    outer loop
      vertex -7.451137602388767 -15.834473418155342 5.55
      vertex -6.386689373476086 -13.572405786990293 5.55
      vertex -6.4421796719818625 -16.2710885030444 5.55
    endloop
  endfacet
  facet normal 0 0 -1
    outer loop
      vertex -7.451137602388767 -15.834473418155342 5.55
      vertex -7.226305111525731 -13.144600200657951 5.55
      vertex -6.386689373476086 -13.572405786990293 5.55
    endloop
  endfacet
  facet normal 0 0 -1
    outer loop
      vertex -6.4421796719818625 -16.2710885030444 5.55
      vertex -4.635254915624211 -14.265847744427303 5.55
      vertex -5.407797401561579 -16.643489035165185 5.55
    endloop
  endfacet
  facet normal 0 0 -1
    outer loop
      vertex -5.407797401561579 -16.643489035165185 5.55
      vertex -3.7303483074728225 -14.528747416929466 5.55
      vertex -4.35207302538496 -16.950205319751042 5.55
    endloop
  endfacet
  facet normal 0 0 -1
    outer loop
      vertex -4.35207302538496 -16.950205319751042 5.55
      vertex -2.8107197187858723 -14.734308760930329 5.55
      vertex -3.2791730052501844 -17.19002688775205 5.55
    endloop
  endfacet
  facet normal 0 0 -1
    outer loop
      vertex -6.4421796719818625 -16.2710885030444 5.55
      vertex -6.386689373476086 -13.572405786990293 5.55
      vertex -5.521868290270168 -13.946647288323772 5.55
    endloop
  endfacet
  facet normal 0 0 -1
    outer loop
      vertex -6.4421796719818625 -16.2710885030444 5.55
      vertex -5.521868290270168 -13.946647288323772 5.55
      vertex -4.635254915624211 -14.265847744427303 5.55
    endloop
  endfacet
  facet normal 0 0 -1
    outer loop
      vertex -5.407797401561579 -16.643489035165185 5.55
      vertex -4.635254915624211 -14.265847744427303 5.55
      vertex -3.7303483074728225 -14.528747416929466 5.55
    endloop
  endfacet
  facet normal 0 0 -1
    outer loop
      vertex -4.35207302538496 -16.950205319751042 5.55
      vertex -3.7303483074728225 -14.528747416929466 5.55
      vertex -2.8107197187858723 -14.734308760930329 5.55
    endloop
  endfacet
  facet normal 0 0 -1
    outer loop
      vertex -3.2791730052501844 -17.19002688775205 5.55
      vertex -1.879998503464561 -14.881720519717168 5.55
      vertex -2.193331587375321 -17.362007273003364 5.55
    endloop
  endfacet
  facet normal 0 0 -1
    outer loop
      vertex -2.193331587375321 -17.362007273003364 5.55
      vertex -1.879998503464561 -14.881720519717168 5.55
      vertex -0.9418577929397064 -14.970400926424073 5.55
    endloop
  endfacet
  facet normal 0 0 -1
    outer loop
      vertex -2.193331587375321 -17.362007273003364 5.55
      vertex -0.9418577929397064 -14.970400926424073 5.55
      vertex -1.0988340917629908 -17.465467747494753 5.55
    endloop
  endfacet
  facet normal 0 0 -1
    outer loop
      vertex -1.0988340917629908 -17.465467747494753 5.55
      vertex 0 -15 5.55
      vertex 0 -17.5 5.55
    endloop
  endfacet
  facet normal 0 0 -1
    outer loop
      vertex -1.0988340917629908 -17.465467747494753 5.55
      vertex -0.9418577929397064 -14.970400926424073 5.55
      vertex 0 -15 5.55
    endloop
  endfacet
  facet normal 0 0 -1
    outer loop
      vertex -3.2791730052501844 -17.19002688775205 5.55
      vertex -2.8107197187858723 -14.734308760930329 5.55
      vertex -1.879998503464561 -14.881720519717168 5.55
    endloop
  endfacet
  facet normal 0.7071067811865475 0.7071067811865475 0
    outer loop
      vertex -12.756950979874704 -11.97957435375205 -0.4500000000000002
      vertex -11.97957435375205 -12.756950979874704 5.55
      vertex -11.97957435375205 -12.756950979874704 -0.4500000000000002
    endloop
  endfacet
  facet normal 0.7071067811865475 0.7071067811865475 0
    outer loop
      vertex -12.756950979874704 -11.97957435375205 -0.4500000000000002
      vertex -12.756950979874704 -11.97957435375205 5.55
      vertex -11.97957435375205 -12.756950979874704 5.55
    endloop
  endfacet
  facet normal 0 0 -1
    outer loop
      vertex -12.756950979874704 -11.97957435375205 5.55
      vertex -11.55769864163684 -9.561359846230344 5.55
      vertex -11.97957435375205 -12.756950979874704 5.55
    endloop
  endfacet
  facet normal 0 0 -1
    outer loop
      vertex -11.15491982060207 -13.483981748576314 5.55
      vertex -11.97957435375205 -12.756950979874704 5.55
      vertex -10.934529411321176 -10.268206588930328 5.55
    endloop
  endfacet
  facet normal 0 0 -1
    outer loop
      vertex -12.756950979874704 -11.97957435375205 5.55
      vertex -12.135254915624213 -8.816778784387097 5.55
      vertex -11.55769864163684 -9.561359846230344 5.55
    endloop
  endfacet
  facet normal 0 0 -1
    outer loop
      vertex -11.97957435375205 -12.756950979874704 5.55
      vertex -11.55769864163684 -9.561359846230344 5.55
      vertex -10.934529411321176 -10.268206588930328 5.55
    endloop
  endfacet
  facet normal 0 0 -1
    outer loop
      vertex -11.15491982060207 -13.483981748576314 5.55
      vertex -10.934529411321176 -10.268206588930328 5.55
      vertex -10.268206588930328 -10.934529411321176 5.55
    endloop
  endfacet
  facet normal 0 0 -1
    outer loop
      vertex -10.28624191511828 -14.15779740156158 5.55
      vertex -10.268206588930328 -10.934529411321176 5.55
      vertex -9.561359846230344 -11.55769864163684 5.55
    endloop
  endfacet
  facet normal 0.9995065603657316 -0.031410759078128084 0
    outer loop
      vertex -17.5 0 -0.4500000000000002
      vertex -17.465467747494753 1.0988340917629824 -0.4500000000000002
      vertex -17.5 0 5.55
    endloop
  endfacet
  facet normal 0.99556196460308 -0.09410831331851284 0
    outer loop
      vertex -17.465467747494753 1.0988340917629824 -0.4500000000000002
      vertex -17.362007273003364 2.193331587375321 -0.4500000000000002
      vertex -17.465467747494753 1.0988340917629824 5.55
    endloop
  endfacet
  facet normal 0.9876883405951375 -0.1564344650402326 0
    outer loop
      vertex -17.362007273003364 2.193331587375321 -0.4500000000000002
      vertex -17.19002688775205 3.2791730052501844 -0.4500000000000002
      vertex -17.362007273003364 2.193331587375321 5.55
    endloop
  endfacet
  facet normal 0.9759167619387471 -0.21814324139654445 0
    outer loop
      vertex -17.19002688775205 3.2791730052501844 -0.4500000000000002
      vertex -16.950205319751042 4.35207302538496 -0.4500000000000002
      vertex -17.19002688775205 3.2791730052501844 5.55
    endloop
  endfacet
  facet normal 0.9602936856769431 -0.27899110603922955 0
    outer loop
      vertex -16.950205319751042 4.35207302538496 -0.4500000000000002
      vertex -16.643489035165185 5.407797401561579 -0.4500000000000002
      vertex -16.950205319751042 4.35207302538496 5.55
    endloop
  endfacet
  facet normal 0.940880768954226 -0.33873792024528965 0
    outer loop
      vertex -16.643489035165185 5.407797401561579 -0.4500000000000002
      vertex -16.2710885030444 6.4421796719818625 -0.4500000000000002
      vertex -16.643489035165185 5.407797401561579 5.55
    endloop
  endfacet
  facet normal 0.9995065603657316 -0.031410759078128084 0
    outer loop
      vertex -17.465467747494753 1.0988340917629824 -0.4500000000000002
      vertex -17.465467747494753 1.0988340917629824 5.55
      vertex -17.5 0 5.55
    endloop
  endfacet
  facet normal 0.99556196460308 -0.09410831331851284 0
    outer loop
      vertex -17.362007273003364 2.193331587375321 -0.4500000000000002
      vertex -17.362007273003364 2.193331587375321 5.55
      vertex -17.465467747494753 1.0988340917629824 5.55
    endloop
  endfacet
  facet normal 0.9876883405951375 -0.1564344650402326 0
    outer loop
      vertex -17.19002688775205 3.2791730052501844 -0.4500000000000002
      vertex -17.19002688775205 3.2791730052501844 5.55
      vertex -17.362007273003364 2.193331587375321 5.55
    endloop
  endfacet
  facet normal 0.9759167619387471 -0.21814324139654445 0
    outer loop
      vertex -16.950205319751042 4.35207302538496 -0.4500000000000002
      vertex -16.950205319751042 4.35207302538496 5.55
      vertex -17.19002688775205 3.2791730052501844 5.55
    endloop
  endfacet
  facet normal 0.9602936856769431 -0.27899110603922955 0
    outer loop
      vertex -16.643489035165185 5.407797401561579 -0.4500000000000002
      vertex -16.643489035165185 5.407797401561579 5.55
      vertex -16.950205319751042 4.35207302538496 5.55
    endloop
  endfacet
  facet normal 0.940880768954226 -0.33873792024528965 0
    outer loop
      vertex -16.2710885030444 6.4421796719818625 -0.4500000000000002
      vertex -16.2710885030444 6.4421796719818625 5.55
      vertex -16.643489035165185 5.407797401561579 5.55
    endloop
  endfacet
  facet normal 0.9177546256839809 -0.3971478906347809 0
    outer loop
      vertex -16.2710885030444 6.4421796719818625 -0.4500000000000002
      vertex -15.834473418155342 7.451137602388767 -0.4500000000000002
      vertex -16.2710885030444 6.4421796719818625 5.55
    endloop
  endfacet
  facet normal 0.8910065241883677 -0.45399049973954714 0
    outer loop
      vertex -15.834473418155342 7.451137602388767 -0.4500000000000002
      vertex -15.33536690076761 8.430689296780018 -0.4500000000000002
      vertex -15.834473418155342 7.451137602388767 5.55
    endloop
  endfacet
  facet normal 0.860742027003944 -0.5090414157503708 0
    outer loop
      vertex -15.33536690076761 8.430689296780018 -0.4500000000000002
      vertex -14.775738696285261 9.376968912132444 -0.4500000000000002
      vertex -15.33536690076761 8.430689296780018 5.55
    endloop
  endfacet
  facet normal 0.8270805742745626 -0.5620833778521294 0
    outer loop
      vertex -14.775738696285261 9.376968912132444 -0.4500000000000002
      vertex -14.15779740156158 10.28624191511828 -0.4500000000000002
      vertex -14.775738696285261 9.376968912132444 5.55
    endloop
  endfacet
  facet normal 0.7901550123756906 -0.6129070536529762 0
    outer loop
      vertex -14.15779740156158 10.28624191511828 -0.4500000000000002
      vertex -13.483981748576314 11.15491982060207 -0.4500000000000002
      vertex -14.15779740156158 10.28624191511828 5.55
    endloop
  endfacet
  facet normal 0.7501110696304588 -0.6613118653236528 0
    outer loop
      vertex -13.483981748576314 11.15491982060207 -0.4500000000000002
      vertex -12.756950979874704 11.97957435375205 -0.4500000000000002
      vertex -13.483981748576314 11.15491982060207 5.55
    endloop
  endfacet
  facet normal 0.9177546256839809 -0.3971478906347809 0
    outer loop
      vertex -15.834473418155342 7.451137602388767 -0.4500000000000002
      vertex -15.834473418155342 7.451137602388767 5.55
      vertex -16.2710885030444 6.4421796719818625 5.55
    endloop
  endfacet
  facet normal 0.8910065241883677 -0.45399049973954714 0
    outer loop
      vertex -15.33536690076761 8.430689296780018 -0.4500000000000002
      vertex -15.33536690076761 8.430689296780018 5.55
      vertex -15.834473418155342 7.451137602388767 5.55
    endloop
  endfacet
  facet normal 0.860742027003944 -0.5090414157503708 0
    outer loop
      vertex -14.775738696285261 9.376968912132444 -0.4500000000000002
      vertex -14.775738696285261 9.376968912132444 5.55
      vertex -15.33536690076761 8.430689296780018 5.55
    endloop
  endfacet
  facet normal 0.8270805742745626 -0.5620833778521294 0
    outer loop
      vertex -14.15779740156158 10.28624191511828 -0.4500000000000002
      vertex -14.15779740156158 10.28624191511828 5.55
      vertex -14.775738696285261 9.376968912132444 5.55
    endloop
  endfacet
  facet normal 0.7901550123756906 -0.6129070536529762 0
    outer loop
      vertex -13.483981748576314 11.15491982060207 -0.4500000000000002
      vertex -13.483981748576314 11.15491982060207 5.55
      vertex -14.15779740156158 10.28624191511828 5.55
    endloop
  endfacet
  facet normal 0.7501110696304588 -0.6613118653236528 0
    outer loop
      vertex -12.756950979874704 11.97957435375205 -0.4500000000000002
      vertex -12.756950979874704 11.97957435375205 5.55
      vertex -13.483981748576314 11.15491982060207 5.55
    endloop
  endfacet
  facet normal 0 0 -1
    outer loop
      vertex -17.465467747494753 -1.0988340917629824 5.55
      vertex -17.5 0 5.55
      vertex -17.465467747494753 1.0988340917629824 5.55
    endloop
  endfacet
  facet normal 0 0 -1
    outer loop
      vertex -17.362007273003364 -2.193331587375321 5.55
      vertex -17.465467747494753 1.0988340917629824 5.55
      vertex -17.362007273003364 2.193331587375321 5.55
    endloop
  endfacet
  facet normal 0 0 -1
    outer loop
      vertex -17.19002688775205 -3.2791730052501844 5.55
      vertex -17.362007273003364 2.193331587375321 5.55
      vertex -17.19002688775205 3.2791730052501844 5.55
    endloop
  endfacet
  facet normal 0 0 -1
    outer loop
      vertex -16.950205319751042 -4.35207302538496 5.55
      vertex -17.19002688775205 3.2791730052501844 5.55
      vertex -16.950205319751042 4.35207302538496 5.55
    endloop
  endfacet
  facet normal 0 0 -1
    outer loop
      vertex -16.643489035165185 -5.407797401561579 5.55
      vertex -16.950205319751042 4.35207302538496 5.55
      vertex -16.643489035165185 5.407797401561579 5.55
    endloop
  endfacet
  facet normal 0 0 -1
    outer loop
      vertex -16.2710885030444 -6.4421796719818625 5.55
      vertex -16.643489035165185 5.407797401561579 5.55
      vertex -16.2710885030444 6.4421796719818625 5.55
    endloop
  endfacet
  facet normal 0 0 -1
    outer loop
      vertex -15.834473418155342 -7.451137602388767 5.55
      vertex -16.2710885030444 6.4421796719818625 5.55
      vertex -15.834473418155342 7.451137602388767 5.55
    endloop
  endfacet
  facet normal 0 0 -1
    outer loop
      vertex -15.33536690076761 -8.430689296780018 5.55
      vertex -15.834473418155342 7.451137602388767 5.55
      vertex -15.33536690076761 8.430689296780018 5.55
    endloop
  endfacet
  facet normal 0 0 -1
    outer loop
      vertex -14.970400926424073 -0.9418577929396992 5.55
      vertex -15.33536690076761 8.430689296780018 5.55
      vertex -15 0 5.55
    endloop
  endfacet
  facet normal 0 0 -1
    outer loop
      vertex -15 0 5.55
      vertex -15.33536690076761 8.430689296780018 5.55
      vertex -14.970400926424073 0.9418577929396992 5.55
    endloop
  endfacet
  facet normal 0 0 -1
    outer loop
      vertex -14.970400926424073 0.9418577929396992 5.55
      vertex -15.33536690076761 8.430689296780018 5.55
      vertex -14.881720519717168 1.879998503464561 5.55
    endloop
  endfacet
  facet normal 0 0 -1
    outer loop
      vertex -14.881720519717168 1.879998503464561 5.55
      vertex -14.775738696285261 9.376968912132444 5.55
      vertex -14.734308760930329 2.8107197187858723 5.55
    endloop
  endfacet
  facet normal 0 0 -1
    outer loop
      vertex -14.734308760930329 2.8107197187858723 5.55
      vertex -14.775738696285261 9.376968912132444 5.55
      vertex -14.528747416929466 3.7303483074728225 5.55
    endloop
  endfacet
  facet normal 0 0 -1
    outer loop
      vertex -14.528747416929466 3.7303483074728225 5.55
      vertex -14.775738696285261 9.376968912132444 5.55
      vertex -14.265847744427303 4.635254915624211 5.55
    endloop
  endfacet
  facet normal 0 0 -1
    outer loop
      vertex -14.881720519717168 1.879998503464561 5.55
      vertex -15.33536690076761 8.430689296780018 5.55
      vertex -14.775738696285261 9.376968912132444 5.55
    endloop
  endfacet
  facet normal 0 0 -1
    outer loop
      vertex -14.265847744427303 4.635254915624211 5.55
      vertex -14.15779740156158 10.28624191511828 5.55
      vertex -13.946647288323772 5.521868290270168 5.55
    endloop
  endfacet
  facet normal 0 0 -1
    outer loop
      vertex -14.265847744427303 4.635254915624211 5.55
      vertex -14.775738696285261 9.376968912132444 5.55
      vertex -14.15779740156158 10.28624191511828 5.55
    endloop
  endfacet
  facet normal 0 0 -1
    outer loop
      vertex -13.946647288323772 5.521868290270168 5.55
      vertex -14.15779740156158 10.28624191511828 5.55
      vertex -13.572405786990293 6.386689373476086 5.55
    endloop
  endfacet
  facet normal 0 0 -1
    outer loop
      vertex -13.572405786990293 6.386689373476086 5.55
      vertex -13.483981748576314 11.15491982060207 5.55
      vertex -13.144600200657951 7.226305111525731 5.55
    endloop
  endfacet
  facet normal 0 0 -1
    outer loop
      vertex -13.572405786990293 6.386689373476086 5.55
      vertex -14.15779740156158 10.28624191511828 5.55
      vertex -13.483981748576314 11.15491982060207 5.55
    endloop
  endfacet
  facet normal 0 0 -1
    outer loop
      vertex -13.144600200657951 7.226305111525731 5.55
      vertex -12.756950979874704 11.97957435375205 5.55
      vertex -12.664918882530225 8.037401924684952 5.55
    endloop
  endfacet
  facet normal 0 0 -1
    outer loop
      vertex -13.144600200657951 7.226305111525731 5.55
      vertex -13.483981748576314 11.15491982060207 5.55
      vertex -12.756950979874704 11.97957435375205 5.55
    endloop
  endfacet
  facet normal 0 0 -1
    outer loop
      vertex -12.664918882530225 8.037401924684952 5.55
      vertex -12.756950979874704 11.97957435375205 5.55
      vertex -12.135254915624213 8.816778784387097 5.55
    endloop
  endfacet
  facet normal 0.7071067811865475 -0.7071067811865475 0
    outer loop
      vertex -12.756950979874704 11.97957435375205 -0.4500000000000002
      vertex -11.97957435375205 12.756950979874704 -0.4500000000000002
      vertex -12.756950979874704 11.97957435375205 5.55
    endloop
  endfacet
  facet normal 0.7071067811865475 -0.7071067811865475 0
    outer loop
      vertex -11.97957435375205 12.756950979874704 -0.4500000000000002
      vertex -11.97957435375205 12.756950979874704 5.55
      vertex -12.756950979874704 11.97957435375205 5.55
    endloop
  endfacet
  facet normal 0 0 -1
    outer loop
      vertex -12.135254915624213 8.816778784387097 5.55
      vertex -11.97957435375205 12.756950979874704 5.55
      vertex -11.55769864163684 9.561359846230344 5.55
    endloop
  endfacet
  facet normal 0 0 -1
    outer loop
      vertex -12.135254915624213 8.816778784387097 5.55
      vertex -12.756950979874704 11.97957435375205 5.55
      vertex -11.97957435375205 12.756950979874704 5.55
    endloop
  endfacet
  facet normal 0 0 -1
    outer loop
      vertex -11.55769864163684 9.561359846230344 5.55
      vertex -11.15491982060207 13.483981748576314 5.55
      vertex -10.934529411321176 10.268206588930328 5.55
    endloop
  endfacet
  facet normal 0 0 -1
    outer loop
      vertex -11.55769864163684 9.561359846230344 5.55
      vertex -11.97957435375205 12.756950979874704 5.55
      vertex -11.15491982060207 13.483981748576314 5.55
    endloop
  endfacet
  facet normal 0 0 -1
    outer loop
      vertex -10.934529411321176 10.268206588930328 5.55
      vertex -10.28624191511828 14.15779740156158 5.55
      vertex -10.268206588930328 10.934529411321176 5.55
    endloop
  endfacet
  facet normal 0 0 -1
    outer loop
      vertex -10.268206588930328 10.934529411321176 5.55
      vertex -10.28624191511828 14.15779740156158 5.55
      vertex -9.561359846230344 11.55769864163684 5.55
    endloop
  endfacet
  facet normal 0.6613118653236528 -0.7501110696304588 0
    outer loop
      vertex -11.97957435375205 12.756950979874704 -0.4500000000000002
      vertex -11.15491982060207 13.483981748576314 -0.4500000000000002
      vertex -11.97957435375205 12.756950979874704 5.55
    endloop
  endfacet
  facet normal 0.6129070536529762 -0.7901550123756906 0
    outer loop
      vertex -11.15491982060207 13.483981748576314 -0.4500000000000002
      vertex -10.28624191511828 14.15779740156158 -0.4500000000000002
      vertex -11.15491982060207 13.483981748576314 5.55
    endloop
  endfacet
  facet normal 0.5620833778521294 -0.8270805742745626 0
    outer loop
      vertex -10.28624191511828 14.15779740156158 -0.4500000000000002
      vertex -9.376968912132444 14.775738696285261 -0.4500000000000002
      vertex -10.28624191511828 14.15779740156158 5.55
    endloop
  endfacet
  facet normal 0.5090414157503713 -0.8607420270039438 0
    outer loop
      vertex -9.376968912132444 14.775738696285261 -0.4500000000000002
      vertex -8.430689296780017 15.335366900767612 -0.4500000000000002
      vertex -9.376968912132444 14.775738696285261 5.55
    endloop
  endfacet
  facet normal 0.45399049973954714 -0.8910065241883676 0
    outer loop
      vertex -8.430689296780017 15.335366900767612 -0.4500000000000002
      vertex -7.451137602388773 15.83447341815534 -0.4500000000000002
      vertex -8.430689296780017 15.335366900767612 5.55
    endloop
  endfacet
  facet normal 0.3971478906347805 -0.9177546256839813 0
    outer loop
      vertex -7.451137602388773 15.83447341815534 -0.4500000000000002
      vertex -6.4421796719818625 16.2710885030444 -0.4500000000000002
      vertex -7.451137602388773 15.83447341815534 5.55
    endloop
  endfacet
  facet normal 0.6613118653236528 -0.7501110696304588 0
    outer loop
      vertex -11.15491982060207 13.483981748576314 -0.4500000000000002
      vertex -11.15491982060207 13.483981748576314 5.55
      vertex -11.97957435375205 12.756950979874704 5.55
    endloop
  endfacet
  facet normal 0.6129070536529762 -0.7901550123756906 0
    outer loop
      vertex -10.28624191511828 14.15779740156158 -0.4500000000000002
      vertex -10.28624191511828 14.15779740156158 5.55
      vertex -11.15491982060207 13.483981748576314 5.55
    endloop
  endfacet
  facet normal 0.5620833778521294 -0.8270805742745626 0
    outer loop
      vertex -9.376968912132444 14.775738696285261 -0.4500000000000002
      vertex -9.376968912132444 14.775738696285261 5.55
      vertex -10.28624191511828 14.15779740156158 5.55
    endloop
  endfacet
  facet normal 0.5090414157503713 -0.8607420270039438 0
    outer loop
      vertex -8.430689296780017 15.335366900767612 -0.4500000000000002
      vertex -8.430689296780017 15.335366900767612 5.55
      vertex -9.376968912132444 14.775738696285261 5.55
    endloop
  endfacet
  facet normal 0.45399049973954714 -0.8910065241883676 0
    outer loop
      vertex -7.451137602388773 15.83447341815534 -0.4500000000000002
      vertex -7.451137602388773 15.83447341815534 5.55
      vertex -8.430689296780017 15.335366900767612 5.55
    endloop
  endfacet
  facet normal 0.3971478906347805 -0.9177546256839813 0
    outer loop
      vertex -6.4421796719818625 16.2710885030444 -0.4500000000000002
      vertex -6.4421796719818625 16.2710885030444 5.55
      vertex -7.451137602388773 15.83447341815534 5.55
    endloop
  endfacet
  facet normal 0.33873792024528965 -0.940880768954226 0
    outer loop
      vertex -6.4421796719818625 16.2710885030444 -0.4500000000000002
      vertex -5.407797401561579 16.643489035165185 -0.4500000000000002
      vertex -6.4421796719818625 16.2710885030444 5.55
    endloop
  endfacet
  facet normal 0.27899110603922955 -0.9602936856769431 0
    outer loop
      vertex -5.407797401561579 16.643489035165185 -0.4500000000000002
      vertex -4.35207302538496 16.950205319751042 -0.4500000000000002
      vertex -5.407797401561579 16.643489035165185 5.55
    endloop
  endfacet
  facet normal 0.21814324139654356 -0.9759167619387471 0
    outer loop
      vertex -4.35207302538496 16.950205319751042 -0.4500000000000002
      vertex -3.27917300525018 17.19002688775205 -0.4500000000000002
      vertex -4.35207302538496 16.950205319751042 5.55
    endloop
  endfacet
  facet normal 0.15643446504023376 -0.9876883405951373 0
    outer loop
      vertex -3.27917300525018 17.19002688775205 -0.4500000000000002
      vertex -2.193331587375325 17.362007273003364 -0.4500000000000002
      vertex -3.27917300525018 17.19002688775205 5.55
    endloop
  endfacet
  facet normal 0.09410831331851251 -0.9955619646030801 0
    outer loop
      vertex -2.193331587375325 17.362007273003364 -0.4500000000000002
      vertex -1.0988340917629824 17.465467747494753 -0.4500000000000002
      vertex -2.193331587375325 17.362007273003364 5.55
    endloop
  endfacet
  facet normal 0.031410759078128084 -0.9995065603657316 0
    outer loop
      vertex -1.0988340917629824 17.465467747494753 -0.4500000000000002
      vertex 0 17.5 -0.4500000000000002
      vertex -1.0988340917629824 17.465467747494753 5.55
    endloop
  endfacet
  facet normal 0.33873792024528965 -0.940880768954226 0
    outer loop
      vertex -5.407797401561579 16.643489035165185 -0.4500000000000002
      vertex -5.407797401561579 16.643489035165185 5.55
      vertex -6.4421796719818625 16.2710885030444 5.55
    endloop
  endfacet
  facet normal 0.27899110603922955 -0.9602936856769431 0
    outer loop
      vertex -4.35207302538496 16.950205319751042 -0.4500000000000002
      vertex -4.35207302538496 16.950205319751042 5.55
      vertex -5.407797401561579 16.643489035165185 5.55
    endloop
  endfacet
  facet normal 0.21814324139654356 -0.9759167619387471 0
    outer loop
      vertex -3.27917300525018 17.19002688775205 -0.4500000000000002
      vertex -3.27917300525018 17.19002688775205 5.55
      vertex -4.35207302538496 16.950205319751042 5.55
    endloop
  endfacet
  facet normal 0.15643446504023376 -0.9876883405951373 0
    outer loop
      vertex -2.193331587375325 17.362007273003364 -0.4500000000000002
      vertex -2.193331587375325 17.362007273003364 5.55
      vertex -3.27917300525018 17.19002688775205 5.55
    endloop
  endfacet
  facet normal 0.09410831331851251 -0.9955619646030801 0
    outer loop
      vertex -1.0988340917629824 17.465467747494753 -0.4500000000000002
      vertex -1.0988340917629824 17.465467747494753 5.55
      vertex -2.193331587375325 17.362007273003364 5.55
    endloop
  endfacet
  facet normal 0.031410759078128084 -0.9995065603657316 0
    outer loop
      vertex -1.0988340917629824 17.465467747494753 5.55
      vertex 0 17.5 -0.4500000000000002
      vertex 0 17.5 5.55
    endloop
  endfacet
  facet normal 0 0 -1
    outer loop
      vertex -10.934529411321176 10.268206588930328 5.55
      vertex -11.15491982060207 13.483981748576314 5.55
      vertex -10.28624191511828 14.15779740156158 5.55
    endloop
  endfacet
  facet normal 0 0 -1
    outer loop
      vertex -9.561359846230344 11.55769864163684 5.55
      vertex -10.28624191511828 14.15779740156158 5.55
      vertex -9.376968912132444 14.775738696285261 5.55
    endloop
  endfacet
  facet normal 0 0 -1
    outer loop
      vertex -9.561359846230344 11.55769864163684 5.55
      vertex -9.376968912132444 14.775738696285261 5.55
      vertex -8.816778784387097 12.135254915624213 5.55
    endloop
  endfacet
  facet normal 0 0 -1
    outer loop
      vertex -8.816778784387097 12.135254915624213 5.55
      vertex -8.430689296780017 15.335366900767612 5.55
      vertex -8.037401924684952 12.664918882530225 5.55
    endloop
  endfacet
  facet normal 0 0 -1
    outer loop
      vertex -8.816778784387097 12.135254915624213 5.55
      vertex -9.376968912132444 14.775738696285261 5.55
      vertex -8.430689296780017 15.335366900767612 5.55
    endloop
  endfacet
  facet normal 0 0 -1
    outer loop
      vertex -8.037401924684952 12.664918882530225 5.55
      vertex -8.430689296780017 15.335366900767612 5.55
      vertex -7.451137602388773 15.83447341815534 5.55
    endloop
  endfacet
  facet normal 0 0 -1
    outer loop
      vertex -8.037401924684952 12.664918882530225 5.55
      vertex -7.451137602388773 15.83447341815534 5.55
      vertex -7.226305111525728 13.144600200657953 5.55
    endloop
  endfacet
  facet normal 0 0 -1
    outer loop
      vertex -7.226305111525728 13.144600200657953 5.55
      vertex -7.451137602388773 15.83447341815534 5.55
      vertex -6.4421796719818625 16.2710885030444 5.55
    endloop
  endfacet
  facet normal 0 0 -1
    outer loop
      vertex -7.226305111525728 13.144600200657953 5.55
      vertex -6.4421796719818625 16.2710885030444 5.55
      vertex -6.386689373476091 13.572405786990291 5.55
    endloop
  endfacet
  facet normal 0 0 -1
    outer loop
      vertex -6.386689373476091 13.572405786990291 5.55
      vertex -6.4421796719818625 16.2710885030444 5.55
      vertex -5.521868290270168 13.946647288323772 5.55
    endloop
  endfacet
  facet normal 0 0 -1
    outer loop
      vertex -5.521868290270168 13.946647288323772 5.55
      vertex -6.4421796719818625 16.2710885030444 5.55
      vertex -5.407797401561579 16.643489035165185 5.55
    endloop
  endfacet
  facet normal 0 0 -1
    outer loop
      vertex -5.521868290270168 13.946647288323772 5.55
      vertex -5.407797401561579 16.643489035165185 5.55
      vertex -4.635254915624211 14.265847744427303 5.55
    endloop
  endfacet
  facet normal 0 0 -1
    outer loop
      vertex -4.635254915624211 14.265847744427303 5.55
      vertex -4.35207302538496 16.950205319751042 5.55
      vertex -3.7303483074728225 14.528747416929466 5.55
    endloop
  endfacet
  facet normal 0 0 -1
    outer loop
      vertex -3.7303483074728225 14.528747416929466 5.55
      vertex -3.27917300525018 17.19002688775205 5.55
      vertex -2.810719718785869 14.73430876093033 5.55
    endloop
  endfacet
  facet normal 0 0 -1
    outer loop
      vertex -5.407797401561579 16.643489035165185 5.55
      vertex -4.35207302538496 16.950205319751042 5.55
      vertex -4.635254915624211 14.265847744427303 5.55
    endloop
  endfacet
  facet normal 0 0 -1
    outer loop
      vertex -3.7303483074728225 14.528747416929466 5.55
      vertex -4.35207302538496 16.950205319751042 5.55
      vertex -3.27917300525018 17.19002688775205 5.55
    endloop
  endfacet
  facet normal 0 0 -1
    outer loop
      vertex -2.810719718785869 14.73430876093033 5.55
      vertex -3.27917300525018 17.19002688775205 5.55
      vertex -2.193331587375325 17.362007273003364 5.55
    endloop
  endfacet
  facet normal 0 0 -1
    outer loop
      vertex -2.810719718785869 14.73430876093033 5.55
      vertex -2.193331587375325 17.362007273003364 5.55
      vertex -1.8799985034645643 14.881720519717168 5.55
    endloop
  endfacet
  facet normal 0 0 -1
    outer loop
      vertex -1.8799985034645643 14.881720519717168 5.55
      vertex -2.193331587375325 17.362007273003364 5.55
      vertex -1.0988340917629824 17.465467747494753 5.55
    endloop
  endfacet
  facet normal 0 0 -1
    outer loop
      vertex -1.8799985034645643 14.881720519717168 5.55
      vertex -1.0988340917629824 17.465467747494753 5.55
      vertex -0.9418577929396992 14.970400926424073 5.55
    endloop
  endfacet
  facet normal 0 0 -1
    outer loop
      vertex -0.9418577929396992 14.970400926424073 5.55
      vertex 0 17.5 5.55
      vertex 0 15 5.55
    endloop
  endfacet
  facet normal 0 0 -1
    outer loop
      vertex -0.9418577929396992 14.970400926424073 5.55
      vertex -1.0988340917629824 17.465467747494753 5.55
      vertex 0 17.5 5.55
    endloop
  endfacet
  facet normal -0.03141075907812785 0.9995065603657316 0
    outer loop
      vertex 0 -17.5 -0.4500000000000002
      vertex 1.0988340917629908 -17.465467747494753 5.55
      vertex 1.0988340917629908 -17.465467747494753 -0.4500000000000002
    endloop
  endfacet
  facet normal -0.09410831331851358 0.99556196460308 0
    outer loop
      vertex 1.0988340917629908 -17.465467747494753 -0.4500000000000002
      vertex 2.193331587375321 -17.362007273003364 5.55
      vertex 2.193331587375321 -17.362007273003364 -0.4500000000000002
    endloop
  endfacet
  facet normal -0.1564344650402326 0.9876883405951375 0
    outer loop
      vertex 2.193331587375321 -17.362007273003364 -0.4500000000000002
      vertex 3.2791730052501844 -17.19002688775205 5.55
      vertex 3.2791730052501844 -17.19002688775205 -0.4500000000000002
    endloop
  endfacet
  facet normal -0.2181432413965427 0.9759167619387473 0
    outer loop
      vertex 3.2791730052501844 -17.19002688775205 -0.4500000000000002
      vertex 4.352073025384953 -16.950205319751046 5.55
      vertex 4.352073025384953 -16.950205319751046 -0.4500000000000002
    endloop
  endfacet
  facet normal -0.2789911060392308 0.9602936856769427 0
    outer loop
      vertex 4.352073025384953 -16.950205319751046 -0.4500000000000002
      vertex 5.407797401561579 -16.643489035165185 5.55
      vertex 5.407797401561579 -16.643489035165185 -0.4500000000000002
    endloop
  endfacet
  facet normal -0.33873792024529 0.940880768954226 0
    outer loop
      vertex 5.407797401561579 -16.643489035165185 -0.4500000000000002
      vertex 6.442179671981871 -16.271088503044396 5.55
      vertex 6.442179671981871 -16.271088503044396 -0.4500000000000002
    endloop
  endfacet
  facet normal -0.03141075907812785 0.9995065603657316 0
    outer loop
      vertex 0 -17.5 -0.4500000000000002
      vertex 0 -17.5 5.55
      vertex 1.0988340917629908 -17.465467747494753 5.55
    endloop
  endfacet
  facet normal -0.09410831331851358 0.99556196460308 0
    outer loop
      vertex 1.0988340917629908 -17.465467747494753 -0.4500000000000002
      vertex 1.0988340917629908 -17.465467747494753 5.55
      vertex 2.193331587375321 -17.362007273003364 5.55
    endloop
  endfacet
  facet normal -0.1564344650402326 0.9876883405951375 0
    outer loop
      vertex 2.193331587375321 -17.362007273003364 -0.4500000000000002
      vertex 2.193331587375321 -17.362007273003364 5.55
      vertex 3.2791730052501844 -17.19002688775205 5.55
    endloop
  endfacet
  facet normal -0.2181432413965427 0.9759167619387473 0
    outer loop
      vertex 3.2791730052501844 -17.19002688775205 -0.4500000000000002
      vertex 3.2791730052501844 -17.19002688775205 5.55
      vertex 4.352073025384953 -16.950205319751046 5.55
    endloop
  endfacet
  facet normal -0.2789911060392308 0.9602936856769427 0
    outer loop
      vertex 4.352073025384953 -16.950205319751046 -0.4500000000000002
      vertex 4.352073025384953 -16.950205319751046 5.55
      vertex 5.407797401561579 -16.643489035165185 5.55
    endloop
  endfacet
  facet normal -0.33873792024529 0.940880768954226 0
    outer loop
      vertex 5.407797401561579 -16.643489035165185 -0.4500000000000002
      vertex 5.407797401561579 -16.643489035165185 5.55
      vertex 6.442179671981871 -16.271088503044396 5.55
    endloop
  endfacet
  facet normal -0.3971478906347811 0.9177546256839809 0
    outer loop
      vertex 6.442179671981871 -16.271088503044396 -0.4500000000000002
      vertex 7.451137602388767 -15.834473418155342 5.55
      vertex 7.451137602388767 -15.834473418155342 -0.4500000000000002
    endloop
  endfacet
  facet normal -0.45399049973954714 0.8910065241883677 0
    outer loop
      vertex 7.451137602388767 -15.834473418155342 -0.4500000000000002
      vertex 8.430689296780018 -15.33536690076761 5.55
      vertex 8.430689296780018 -15.33536690076761 -0.4500000000000002
    endloop
  endfacet
  facet normal -0.5090414157503702 0.8607420270039443 0
    outer loop
      vertex 8.430689296780018 -15.33536690076761 -0.4500000000000002
      vertex 9.376968912132433 -14.775738696285268 5.55
      vertex 9.376968912132433 -14.775738696285268 -0.4500000000000002
    endloop
  endfacet
  facet normal -0.5620833778521294 0.8270805742745627 0
    outer loop
      vertex 9.376968912132433 -14.775738696285268 -0.4500000000000002
      vertex 10.28624191511828 -14.15779740156158 5.55
      vertex 10.28624191511828 -14.15779740156158 -0.4500000000000002
    endloop
  endfacet
  facet normal -0.6129070536529768 0.7901550123756901 0
    outer loop
      vertex 10.28624191511828 -14.15779740156158 -0.4500000000000002
      vertex 11.154919820602075 -13.483981748576308 5.55
      vertex 11.154919820602075 -13.483981748576308 -0.4500000000000002
    endloop
  endfacet
  facet normal -0.6613118653236526 0.7501110696304591 0
    outer loop
      vertex 11.154919820602075 -13.483981748576308 -0.4500000000000002
      vertex 11.97957435375205 -12.756950979874704 5.55
      vertex 11.97957435375205 -12.756950979874704 -0.4500000000000002
    endloop
  endfacet
  facet normal -0.3971478906347811 0.9177546256839809 0
    outer loop
      vertex 6.442179671981871 -16.271088503044396 -0.4500000000000002
      vertex 6.442179671981871 -16.271088503044396 5.55
      vertex 7.451137602388767 -15.834473418155342 5.55
    endloop
  endfacet
  facet normal -0.45399049973954714 0.8910065241883677 0
    outer loop
      vertex 7.451137602388767 -15.834473418155342 -0.4500000000000002
      vertex 7.451137602388767 -15.834473418155342 5.55
      vertex 8.430689296780018 -15.33536690076761 5.55
    endloop
  endfacet
  facet normal -0.5090414157503702 0.8607420270039443 0
    outer loop
      vertex 8.430689296780018 -15.33536690076761 -0.4500000000000002
      vertex 8.430689296780018 -15.33536690076761 5.55
      vertex 9.376968912132433 -14.775738696285268 5.55
    endloop
  endfacet
  facet normal -0.5620833778521294 0.8270805742745627 0
    outer loop
      vertex 9.376968912132433 -14.775738696285268 -0.4500000000000002
      vertex 9.376968912132433 -14.775738696285268 5.55
      vertex 10.28624191511828 -14.15779740156158 5.55
    endloop
  endfacet
  facet normal -0.6129070536529768 0.7901550123756901 0
    outer loop
      vertex 10.28624191511828 -14.15779740156158 -0.4500000000000002
      vertex 10.28624191511828 -14.15779740156158 5.55
      vertex 11.154919820602075 -13.483981748576308 5.55
    endloop
  endfacet
  facet normal -0.6613118653236526 0.7501110696304591 0
    outer loop
      vertex 11.154919820602075 -13.483981748576308 -0.4500000000000002
      vertex 11.154919820602075 -13.483981748576308 5.55
      vertex 11.97957435375205 -12.756950979874704 5.55
    endloop
  endfacet
  facet normal 0 0 -1
    outer loop
      vertex 0 -17.5 5.55
      vertex 0.9418577929397064 -14.970400926424073 5.55
      vertex 1.0988340917629908 -17.465467747494753 5.55
    endloop
  endfacet
  facet normal 0 0 -1
    outer loop
      vertex 0 -17.5 5.55
      vertex 0 -15 5.55
      vertex 0.9418577929397064 -14.970400926424073 5.55
    endloop
  endfacet
  facet normal 0 0 -1
    outer loop
      vertex 1.0988340917629908 -17.465467747494753 5.55
      vertex 0.9418577929397064 -14.970400926424073 5.55
      vertex 1.879998503464561 -14.881720519717168 5.55
    endloop
  endfacet
  facet normal 0 0 -1
    outer loop
      vertex 1.0988340917629908 -17.465467747494753 5.55
      vertex 1.879998503464561 -14.881720519717168 5.55
      vertex 2.193331587375321 -17.362007273003364 5.55
    endloop
  endfacet
  facet normal 0 0 -1
    outer loop
      vertex 2.193331587375321 -17.362007273003364 5.55
      vertex 1.879998503464561 -14.881720519717168 5.55
      vertex 2.8107197187858723 -14.734308760930329 5.55
    endloop
  endfacet
  facet normal 0 0 -1
    outer loop
      vertex 2.193331587375321 -17.362007273003364 5.55
      vertex 2.8107197187858723 -14.734308760930329 5.55
      vertex 3.2791730052501844 -17.19002688775205 5.55
    endloop
  endfacet
  facet normal 0 0 -1
    outer loop
      vertex 3.2791730052501844 -17.19002688775205 5.55
      vertex 3.7303483074728163 -14.528747416929468 5.55
      vertex 4.352073025384953 -16.950205319751046 5.55
    endloop
  endfacet
  facet normal 0 0 -1
    outer loop
      vertex 4.352073025384953 -16.950205319751046 5.55
      vertex 4.635254915624211 -14.265847744427303 5.55
      vertex 5.407797401561579 -16.643489035165185 5.55
    endloop
  endfacet
  facet normal 0 0 -1
    outer loop
      vertex 3.2791730052501844 -17.19002688775205 5.55
      vertex 2.8107197187858723 -14.734308760930329 5.55
      vertex 3.7303483074728163 -14.528747416929468 5.55
    endloop
  endfacet
  facet normal 0 0 -1
    outer loop
      vertex 4.352073025384953 -16.950205319751046 5.55
      vertex 3.7303483074728163 -14.528747416929468 5.55
      vertex 4.635254915624211 -14.265847744427303 5.55
    endloop
  endfacet
  facet normal 0 0 -1
    outer loop
      vertex 4.635254915624211 -14.265847744427303 5.55
      vertex 5.5218682902701755 -13.946647288323769 5.55
      vertex 5.407797401561579 -16.643489035165185 5.55
    endloop
  endfacet
  facet normal 0 0 -1
    outer loop
      vertex 5.407797401561579 -16.643489035165185 5.55
      vertex 5.5218682902701755 -13.946647288323769 5.55
      vertex 6.442179671981871 -16.271088503044396 5.55
    endloop
  endfacet
  facet normal 0 0 -1
    outer loop
      vertex 6.442179671981871 -16.271088503044396 5.55
      vertex 5.5218682902701755 -13.946647288323769 5.55
      vertex 6.386689373476086 -13.572405786990293 5.55
    endloop
  endfacet
  facet normal 0 0 -1
    outer loop
      vertex 6.442179671981871 -16.271088503044396 5.55
      vertex 6.386689373476086 -13.572405786990293 5.55
      vertex 7.226305111525731 -13.144600200657951 5.55
    endloop
  endfacet
  facet normal 0 0 -1
    outer loop
      vertex 6.442179671981871 -16.271088503044396 5.55
      vertex 7.226305111525731 -13.144600200657951 5.55
      vertex 7.451137602388767 -15.834473418155342 5.55
    endloop
  endfacet
  facet normal 0 0 -1
    outer loop
      vertex 7.451137602388767 -15.834473418155342 5.55
      vertex 7.226305111525731 -13.144600200657951 5.55
      vertex 8.037401924684943 -12.66491888253023 5.55
    endloop
  endfacet
  facet normal 0 0 -1
    outer loop
      vertex 7.451137602388767 -15.834473418155342 5.55
      vertex 8.037401924684943 -12.66491888253023 5.55
      vertex 8.430689296780018 -15.33536690076761 5.55
    endloop
  endfacet
  facet normal 0 0 -1
    outer loop
      vertex 8.430689296780018 -15.33536690076761 5.55
      vertex 8.816778784387097 -12.135254915624213 5.55
      vertex 9.376968912132433 -14.775738696285268 5.55
    endloop
  endfacet
  facet normal 0 0 -1
    outer loop
      vertex 8.430689296780018 -15.33536690076761 5.55
      vertex 8.037401924684943 -12.66491888253023 5.55
      vertex 8.816778784387097 -12.135254915624213 5.55
    endloop
  endfacet
  facet normal 0 0 -1
    outer loop
      vertex 9.376968912132433 -14.775738696285268 5.55
      vertex 8.816778784387097 -12.135254915624213 5.55
      vertex 9.56135984623035 -11.557698641636836 5.55
    endloop
  endfacet
  facet normal 0 0 -1
    outer loop
      vertex 9.376968912132433 -14.775738696285268 5.55
      vertex 9.56135984623035 -11.557698641636836 5.55
      vertex 10.28624191511828 -14.15779740156158 5.55
    endloop
  endfacet
  facet normal 0 0 -1
    outer loop
      vertex 10.28624191511828 -14.15779740156158 5.55
      vertex 10.934529411321176 -10.268206588930328 5.55
      vertex 11.154919820602075 -13.483981748576308 5.55
    endloop
  endfacet
  facet normal -0.7071067811865475 0.7071067811865475 0
    outer loop
      vertex 11.97957435375205 -12.756950979874704 -0.4500000000000002
      vertex 12.756950979874704 -11.97957435375205 5.55
      vertex 12.756950979874704 -11.97957435375205 -0.4500000000000002
    endloop
  endfacet
  facet normal -0.7071067811865475 0.7071067811865475 0
    outer loop
      vertex 11.97957435375205 -12.756950979874704 -0.4500000000000002
      vertex 11.97957435375205 -12.756950979874704 5.55
      vertex 12.756950979874704 -11.97957435375205 5.55
    endloop
  endfacet
  facet normal 0 0 -1
    outer loop
      vertex 10.28624191511828 -14.15779740156158 5.55
      vertex 9.56135984623035 -11.557698641636836 5.55
      vertex 10.268206588930328 -10.934529411321176 5.55
    endloop
  endfacet
  facet normal 0 0 -1
    outer loop
      vertex 10.28624191511828 -14.15779740156158 5.55
      vertex 10.268206588930328 -10.934529411321176 5.55
      vertex 10.934529411321176 -10.268206588930328 5.55
    endloop
  endfacet
  facet normal 0 0 -1
    outer loop
      vertex 11.154919820602075 -13.483981748576308 5.55
      vertex 11.557698641636836 -9.56135984623035 5.55
      vertex 11.97957435375205 -12.756950979874704 5.55
    endloop
  endfacet
  facet normal 0 0 -1
    outer loop
      vertex 11.154919820602075 -13.483981748576308 5.55
      vertex 10.934529411321176 -10.268206588930328 5.55
      vertex 11.557698641636836 -9.56135984623035 5.55
    endloop
  endfacet
  facet normal 0 0 -1
    outer loop
      vertex 11.97957435375205 -12.756950979874704 5.55
      vertex 12.135254915624213 -8.816778784387097 5.55
      vertex 12.756950979874704 -11.97957435375205 5.55
    endloop
  endfacet
  facet normal 0 0 -1
    outer loop
      vertex 11.97957435375205 -12.756950979874704 5.55
      vertex 11.557698641636836 -9.56135984623035 5.55
      vertex 12.135254915624213 -8.816778784387097 5.55
    endloop
  endfacet
  facet normal -0.7501110696304591 0.6613118653236526 0
    outer loop
      vertex 12.756950979874704 -11.97957435375205 -0.4500000000000002
      vertex 13.483981748576308 -11.154919820602075 5.55
      vertex 13.483981748576308 -11.154919820602075 -0.4500000000000002
    endloop
  endfacet
  facet normal -0.7901550123756901 0.6129070536529768 0
    outer loop
      vertex 13.483981748576308 -11.154919820602075 -0.4500000000000002
      vertex 14.15779740156158 -10.28624191511828 5.55
      vertex 14.15779740156158 -10.28624191511828 -0.4500000000000002
    endloop
  endfacet
  facet normal -0.8270805742745627 0.5620833778521294 0
    outer loop
      vertex 14.15779740156158 -10.28624191511828 -0.4500000000000002
      vertex 14.775738696285268 -9.376968912132433 5.55
      vertex 14.775738696285268 -9.376968912132433 -0.4500000000000002
    endloop
  endfacet
  facet normal -0.8607420270039443 0.5090414157503702 0
    outer loop
      vertex 14.775738696285268 -9.376968912132433 -0.4500000000000002
      vertex 15.33536690076761 -8.430689296780018 5.55
      vertex 15.33536690076761 -8.430689296780018 -0.4500000000000002
    endloop
  endfacet
  facet normal -0.8910065241883677 0.45399049973954714 0
    outer loop
      vertex 15.33536690076761 -8.430689296780018 -0.4500000000000002
      vertex 15.834473418155342 -7.451137602388767 5.55
      vertex 15.834473418155342 -7.451137602388767 -0.4500000000000002
    endloop
  endfacet
  facet normal -0.9177546256839809 0.3971478906347811 0
    outer loop
      vertex 15.834473418155342 -7.451137602388767 -0.4500000000000002
      vertex 16.271088503044396 -6.442179671981871 5.55
      vertex 16.271088503044396 -6.442179671981871 -0.4500000000000002
    endloop
  endfacet
  facet normal -0.7501110696304591 0.6613118653236526 0
    outer loop
      vertex 12.756950979874704 -11.97957435375205 -0.4500000000000002
      vertex 12.756950979874704 -11.97957435375205 5.55
      vertex 13.483981748576308 -11.154919820602075 5.55
    endloop
  endfacet
  facet normal -0.7901550123756901 0.6129070536529768 0
    outer loop
      vertex 13.483981748576308 -11.154919820602075 -0.4500000000000002
      vertex 13.483981748576308 -11.154919820602075 5.55
      vertex 14.15779740156158 -10.28624191511828 5.55
    endloop
  endfacet
  facet normal -0.8270805742745627 0.5620833778521294 0
    outer loop
      vertex 14.15779740156158 -10.28624191511828 -0.4500000000000002
      vertex 14.15779740156158 -10.28624191511828 5.55
      vertex 14.775738696285268 -9.376968912132433 5.55
    endloop
  endfacet
  facet normal -0.8607420270039443 0.5090414157503702 0
    outer loop
      vertex 14.775738696285268 -9.376968912132433 -0.4500000000000002
      vertex 14.775738696285268 -9.376968912132433 5.55
      vertex 15.33536690076761 -8.430689296780018 5.55
    endloop
  endfacet
  facet normal -0.8910065241883677 0.45399049973954714 0
    outer loop
      vertex 15.33536690076761 -8.430689296780018 -0.4500000000000002
      vertex 15.33536690076761 -8.430689296780018 5.55
      vertex 15.834473418155342 -7.451137602388767 5.55
    endloop
  endfacet
  facet normal -0.9177546256839809 0.3971478906347811 0
    outer loop
      vertex 15.834473418155342 -7.451137602388767 -0.4500000000000002
      vertex 15.834473418155342 -7.451137602388767 5.55
      vertex 16.271088503044396 -6.442179671981871 5.55
    endloop
  endfacet
  facet normal -0.940880768954226 0.33873792024529 0
    outer loop
      vertex 16.271088503044396 -6.442179671981871 -0.4500000000000002
      vertex 16.643489035165185 -5.407797401561579 5.55
      vertex 16.643489035165185 -5.407797401561579 -0.4500000000000002
    endloop
  endfacet
  facet normal -0.9602936856769427 0.2789911060392308 0
    outer loop
      vertex 16.643489035165185 -5.407797401561579 -0.4500000000000002
      vertex 16.950205319751046 -4.352073025384953 5.55
      vertex 16.950205319751046 -4.352073025384953 -0.4500000000000002
    endloop
  endfacet
  facet normal -0.9759167619387473 0.2181432413965427 0
    outer loop
      vertex 16.950205319751046 -4.352073025384953 -0.4500000000000002
      vertex 17.19002688775205 -3.2791730052501844 5.55
      vertex 17.19002688775205 -3.2791730052501844 -0.4500000000000002
    endloop
  endfacet
  facet normal -0.9876883405951375 0.1564344650402326 0
    outer loop
      vertex 17.19002688775205 -3.2791730052501844 -0.4500000000000002
      vertex 17.362007273003364 -2.193331587375321 5.55
      vertex 17.362007273003364 -2.193331587375321 -0.4500000000000002
    endloop
  endfacet
  facet normal -0.99556196460308 0.09410831331851358 0
    outer loop
      vertex 17.362007273003364 -2.193331587375321 -0.4500000000000002
      vertex 17.465467747494753 -1.0988340917629908 5.55
      vertex 17.465467747494753 -1.0988340917629908 -0.4500000000000002
    endloop
  endfacet
  facet normal -0.9995065603657316 0.03141075907812785 0
    outer loop
      vertex 17.465467747494753 -1.0988340917629908 -0.4500000000000002
      vertex 17.5 0 5.55
      vertex 17.5 0 -0.4500000000000002
    endloop
  endfacet
  facet normal -0.940880768954226 0.33873792024529 0
    outer loop
      vertex 16.271088503044396 -6.442179671981871 -0.4500000000000002
      vertex 16.271088503044396 -6.442179671981871 5.55
      vertex 16.643489035165185 -5.407797401561579 5.55
    endloop
  endfacet
  facet normal -0.9602936856769427 0.2789911060392308 0
    outer loop
      vertex 16.643489035165185 -5.407797401561579 -0.4500000000000002
      vertex 16.643489035165185 -5.407797401561579 5.55
      vertex 16.950205319751046 -4.352073025384953 5.55
    endloop
  endfacet
  facet normal -0.9759167619387473 0.2181432413965427 0
    outer loop
      vertex 16.950205319751046 -4.352073025384953 -0.4500000000000002
      vertex 16.950205319751046 -4.352073025384953 5.55
      vertex 17.19002688775205 -3.2791730052501844 5.55
    endloop
  endfacet
  facet normal -0.9876883405951375 0.1564344650402326 0
    outer loop
      vertex 17.19002688775205 -3.2791730052501844 -0.4500000000000002
      vertex 17.19002688775205 -3.2791730052501844 5.55
      vertex 17.362007273003364 -2.193331587375321 5.55
    endloop
  endfacet
  facet normal -0.99556196460308 0.09410831331851358 0
    outer loop
      vertex 17.362007273003364 -2.193331587375321 -0.4500000000000002
      vertex 17.362007273003364 -2.193331587375321 5.55
      vertex 17.465467747494753 -1.0988340917629908 5.55
    endloop
  endfacet
  facet normal -0.9995065603657316 0.03141075907812785 0
    outer loop
      vertex 17.465467747494753 -1.0988340917629908 -0.4500000000000002
      vertex 17.465467747494753 -1.0988340917629908 5.55
      vertex 17.5 0 5.55
    endloop
  endfacet
  facet normal 0 0 -1
    outer loop
      vertex 12.756950979874704 -11.97957435375205 5.55
      vertex 12.135254915624213 -8.816778784387097 5.55
      vertex 12.66491888253023 -8.037401924684943 5.55
    endloop
  endfacet
  facet normal 0 0 -1
    outer loop
      vertex 12.756950979874704 -11.97957435375205 5.55
      vertex 13.144600200657951 -7.226305111525731 5.55
      vertex 13.483981748576308 -11.154919820602075 5.55
    endloop
  endfacet
  facet normal 0 0 -1
    outer loop
      vertex 12.756950979874704 -11.97957435375205 5.55
      vertex 12.66491888253023 -8.037401924684943 5.55
      vertex 13.144600200657951 -7.226305111525731 5.55
    endloop
  endfacet
  facet normal 0 0 -1
    outer loop
      vertex 13.483981748576308 -11.154919820602075 5.55
      vertex 13.572405786990293 -6.386689373476086 5.55
      vertex 14.15779740156158 -10.28624191511828 5.55
    endloop
  endfacet
  facet normal 0 0 -1
    outer loop
      vertex 13.483981748576308 -11.154919820602075 5.55
      vertex 13.144600200657951 -7.226305111525731 5.55
      vertex 13.572405786990293 -6.386689373476086 5.55
    endloop
  endfacet
  facet normal 0 0 -1
    outer loop
      vertex 14.15779740156158 -10.28624191511828 5.55
      vertex 13.572405786990293 -6.386689373476086 5.55
      vertex 13.946647288323769 -5.5218682902701755 5.55
    endloop
  endfacet
  facet normal 0 0 -1
    outer loop
      vertex 14.15779740156158 -10.28624191511828 5.55
      vertex 14.265847744427303 -4.635254915624211 5.55
      vertex 14.775738696285268 -9.376968912132433 5.55
    endloop
  endfacet
  facet normal 0 0 -1
    outer loop
      vertex 14.15779740156158 -10.28624191511828 5.55
      vertex 13.946647288323769 -5.5218682902701755 5.55
      vertex 14.265847744427303 -4.635254915624211 5.55
    endloop
  endfacet
  facet normal 0 0 -1
    outer loop
      vertex 14.775738696285268 -9.376968912132433 5.55
      vertex 14.881720519717168 -1.879998503464561 5.55
      vertex 15.33536690076761 -8.430689296780018 5.55
    endloop
  endfacet
  facet normal 0 0 -1
    outer loop
      vertex 14.775738696285268 -9.376968912132433 5.55
      vertex 14.265847744427303 -4.635254915624211 5.55
      vertex 14.528747416929468 -3.7303483074728163 5.55
    endloop
  endfacet
  facet normal 0 0 -1
    outer loop
      vertex 14.775738696285268 -9.376968912132433 5.55
      vertex 14.528747416929468 -3.7303483074728163 5.55
      vertex 14.734308760930329 -2.8107197187858723 5.55
    endloop
  endfacet
  facet normal 0 0 -1
    outer loop
      vertex 14.775738696285268 -9.376968912132433 5.55
      vertex 14.734308760930329 -2.8107197187858723 5.55
      vertex 14.881720519717168 -1.879998503464561 5.55
    endloop
  endfacet
  facet normal 0 0 -1
    outer loop
      vertex 15.33536690076761 -8.430689296780018 5.55
      vertex 14.881720519717168 -1.879998503464561 5.55
      vertex 14.970400926424073 -0.9418577929397064 5.55
    endloop
  endfacet
  facet normal 0 0 -1
    outer loop
      vertex 15.33536690076761 -8.430689296780018 5.55
      vertex 14.970400926424073 -0.9418577929397064 5.55
      vertex 15 0 5.55
    endloop
  endfacet
  facet normal 0 0 -1
    outer loop
      vertex 15.33536690076761 -8.430689296780018 5.55
      vertex 15 0 5.55
      vertex 14.970400926424073 0.9418577929397006 5.55
    endloop
  endfacet
  facet normal 0 0 -1
    outer loop
      vertex 15.33536690076761 -8.430689296780018 5.55
      vertex 15.335366900767612 8.430689296780018 5.55
      vertex 15.834473418155342 -7.451137602388767 5.55
    endloop
  endfacet
  facet normal 0 0 -1
    outer loop
      vertex 15.834473418155342 -7.451137602388767 5.55
      vertex 15.834473418155342 7.451137602388772 5.55
      vertex 16.271088503044396 -6.442179671981871 5.55
    endloop
  endfacet
  facet normal 0 0 -1
    outer loop
      vertex 16.271088503044396 -6.442179671981871 5.55
      vertex 16.2710885030444 6.442179671981864 5.55
      vertex 16.643489035165185 -5.407797401561579 5.55
    endloop
  endfacet
  facet normal 0 0 -1
    outer loop
      vertex 16.643489035165185 -5.407797401561579 5.55
      vertex 16.643489035165185 5.407797401561579 5.55
      vertex 16.950205319751046 -4.352073025384953 5.55
    endloop
  endfacet
  facet normal 0 0 -1
    outer loop
      vertex 16.950205319751046 -4.352073025384953 5.55
      vertex 16.950205319751042 4.352073025384959 5.55
      vertex 17.19002688775205 -3.2791730052501844 5.55
    endloop
  endfacet
  facet normal 0 0 -1
    outer loop
      vertex 17.19002688775205 -3.2791730052501844 5.55
      vertex 17.19002688775205 3.279173005250181 5.55
      vertex 17.362007273003364 -2.193331587375321 5.55
    endloop
  endfacet
  facet normal 0 0 -1
    outer loop
      vertex 17.362007273003364 -2.193331587375321 5.55
      vertex 17.362007273003364 2.1933315873753245 5.55
      vertex 17.465467747494753 -1.0988340917629908 5.55
    endloop
  endfacet
  facet normal 0 0 -1
    outer loop
      vertex 17.465467747494753 -1.0988340917629908 5.55
      vertex 17.465467747494753 1.098834091762984 5.55
      vertex 17.5 0 5.55
    endloop
  endfacet
  facet normal -0.7071067811865475 -0.7071067811865475 0
    outer loop
      vertex 11.979574353752053 12.756950979874702 -0.4500000000000002
      vertex 12.756950979874702 11.979574353752053 -0.4500000000000002
      vertex 11.979574353752053 12.756950979874702 5.55
    endloop
  endfacet
  facet normal -0.7071067811865475 -0.7071067811865475 0
    outer loop
      vertex 12.756950979874702 11.979574353752053 -0.4500000000000002
      vertex 12.756950979874702 11.979574353752053 5.55
      vertex 11.979574353752053 12.756950979874702 5.55
    endloop
  endfacet
  facet normal 0 0 -1
    outer loop
      vertex 9.561359846230346 11.557698641636836 5.55
      vertex 10.28624191511828 14.15779740156158 5.55
      vertex 10.268206588930331 10.934529411321174 5.55
    endloop
  endfacet
  facet normal 0 0 -1
    outer loop
      vertex 10.268206588930331 10.934529411321174 5.55
      vertex 11.154919820602071 13.48398174857631 5.55
      vertex 10.934529411321174 10.268206588930331 5.55
    endloop
  endfacet
  facet normal 0 0 -1
    outer loop
      vertex 10.934529411321174 10.268206588930331 5.55
      vertex 11.979574353752053 12.756950979874702 5.55
      vertex 11.557698641636836 9.561359846230346 5.55
    endloop
  endfacet
  facet normal 0 0 -1
    outer loop
      vertex 11.557698641636836 9.561359846230346 5.55
      vertex 12.756950979874702 11.979574353752053 5.55
      vertex 12.135254915624213 8.816778784387097 5.55
    endloop
  endfacet
  facet normal 0 0 -1
    outer loop
      vertex 10.934529411321174 10.268206588930331 5.55
      vertex 11.154919820602071 13.48398174857631 5.55
      vertex 11.979574353752053 12.756950979874702 5.55
    endloop
  endfacet
  facet normal 0 0 -1
    outer loop
      vertex 11.557698641636836 9.561359846230346 5.55
      vertex 11.979574353752053 12.756950979874702 5.55
      vertex 12.756950979874702 11.979574353752053 5.55
    endloop
  endfacet
  facet normal -0.031410759078128084 -0.9995065603657316 0
    outer loop
      vertex 0 17.5 -0.4500000000000002
      vertex 1.0988340917629824 17.465467747494753 -0.4500000000000002
      vertex 0 17.5 5.55
    endloop
  endfacet
  facet normal -0.09410831331851251 -0.9955619646030801 0
    outer loop
      vertex 1.0988340917629824 17.465467747494753 -0.4500000000000002
      vertex 2.193331587375325 17.362007273003364 -0.4500000000000002
      vertex 1.0988340917629824 17.465467747494753 5.55
    endloop
  endfacet
  facet normal -0.15643446504023376 -0.9876883405951373 0
    outer loop
      vertex 2.193331587375325 17.362007273003364 -0.4500000000000002
      vertex 3.27917300525018 17.19002688775205 -0.4500000000000002
      vertex 2.193331587375325 17.362007273003364 5.55
    endloop
  endfacet
  facet normal -0.21814324139654356 -0.9759167619387471 0
    outer loop
      vertex 3.27917300525018 17.19002688775205 -0.4500000000000002
      vertex 4.35207302538496 16.950205319751042 -0.4500000000000002
      vertex 3.27917300525018 17.19002688775205 5.55
    endloop
  endfacet
  facet normal -0.27899110603922955 -0.9602936856769431 0
    outer loop
      vertex 4.35207302538496 16.950205319751042 -0.4500000000000002
      vertex 5.407797401561579 16.643489035165185 -0.4500000000000002
      vertex 4.35207302538496 16.950205319751042 5.55
    endloop
  endfacet
  facet normal -0.33873792024528965 -0.940880768954226 0
    outer loop
      vertex 5.407797401561579 16.643489035165185 -0.4500000000000002
      vertex 6.4421796719818625 16.2710885030444 -0.4500000000000002
      vertex 5.407797401561579 16.643489035165185 5.55
    endloop
  endfacet
  facet normal -0.031410759078128084 -0.9995065603657316 0
    outer loop
      vertex 1.0988340917629824 17.465467747494753 -0.4500000000000002
      vertex 1.0988340917629824 17.465467747494753 5.55
      vertex 0 17.5 5.55
    endloop
  endfacet
  facet normal -0.09410831331851251 -0.9955619646030801 0
    outer loop
      vertex 2.193331587375325 17.362007273003364 -0.4500000000000002
      vertex 2.193331587375325 17.362007273003364 5.55
      vertex 1.0988340917629824 17.465467747494753 5.55
    endloop
  endfacet
  facet normal -0.15643446504023376 -0.9876883405951373 0
    outer loop
      vertex 3.27917300525018 17.19002688775205 -0.4500000000000002
      vertex 3.27917300525018 17.19002688775205 5.55
      vertex 2.193331587375325 17.362007273003364 5.55
    endloop
  endfacet
  facet normal -0.21814324139654356 -0.9759167619387471 0
    outer loop
      vertex 4.35207302538496 16.950205319751042 -0.4500000000000002
      vertex 4.35207302538496 16.950205319751042 5.55
      vertex 3.27917300525018 17.19002688775205 5.55
    endloop
  endfacet
  facet normal -0.27899110603922955 -0.9602936856769431 0
    outer loop
      vertex 5.407797401561579 16.643489035165185 -0.4500000000000002
      vertex 5.407797401561579 16.643489035165185 5.55
      vertex 4.35207302538496 16.950205319751042 5.55
    endloop
  endfacet
  facet normal -0.33873792024528965 -0.940880768954226 0
    outer loop
      vertex 6.4421796719818625 16.2710885030444 -0.4500000000000002
      vertex 6.4421796719818625 16.2710885030444 5.55
      vertex 5.407797401561579 16.643489035165185 5.55
    endloop
  endfacet
  facet normal -0.5090414157503695 -0.8607420270039446 0
    outer loop
      vertex 8.430689296780017 15.335366900767612 -0.4500000000000002
      vertex 9.376968912132442 14.775738696285265 -0.4500000000000002
      vertex 8.430689296780017 15.335366900767612 5.55
    endloop
  endfacet
  facet normal -0.3971478906347805 -0.9177546256839813 0
    outer loop
      vertex 6.4421796719818625 16.2710885030444 -0.4500000000000002
      vertex 7.451137602388773 15.83447341815534 -0.4500000000000002
      vertex 6.4421796719818625 16.2710885030444 5.55
    endloop
  endfacet
  facet normal -0.45399049973954714 -0.8910065241883676 0
    outer loop
      vertex 8.430689296780017 15.335366900767612 -0.4500000000000002
      vertex 7.451137602388773 15.83447341815534 5.55
      vertex 7.451137602388773 15.83447341815534 -0.4500000000000002
    endloop
  endfacet
  facet normal -0.6129070536529774 -0.7901550123756897 0
    outer loop
      vertex 10.28624191511828 14.15779740156158 -0.4500000000000002
      vertex 11.154919820602071 13.48398174857631 -0.4500000000000002
      vertex 10.28624191511828 14.15779740156158 5.55
    endloop
  endfacet
  facet normal -0.5620833778521309 -0.8270805742745616 0
    outer loop
      vertex 10.28624191511828 14.15779740156158 -0.4500000000000002
      vertex 9.376968912132442 14.775738696285265 5.55
      vertex 9.376968912132442 14.775738696285265 -0.4500000000000002
    endloop
  endfacet
  facet normal -0.661311865323651 -0.7501110696304603 0
    outer loop
      vertex 11.979574353752053 12.756950979874702 -0.4500000000000002
      vertex 11.154919820602071 13.48398174857631 5.55
      vertex 11.154919820602071 13.48398174857631 -0.4500000000000002
    endloop
  endfacet
  facet normal -0.45399049973954714 -0.8910065241883676 0
    outer loop
      vertex 8.430689296780017 15.335366900767612 -0.4500000000000002
      vertex 8.430689296780017 15.335366900767612 5.55
      vertex 7.451137602388773 15.83447341815534 5.55
    endloop
  endfacet
  facet normal -0.5090414157503695 -0.8607420270039446 0
    outer loop
      vertex 9.376968912132442 14.775738696285265 -0.4500000000000002
      vertex 9.376968912132442 14.775738696285265 5.55
      vertex 8.430689296780017 15.335366900767612 5.55
    endloop
  endfacet
  facet normal -0.3971478906347805 -0.9177546256839813 0
    outer loop
      vertex 7.451137602388773 15.83447341815534 -0.4500000000000002
      vertex 7.451137602388773 15.83447341815534 5.55
      vertex 6.4421796719818625 16.2710885030444 5.55
    endloop
  endfacet
  facet normal -0.6129070536529774 -0.7901550123756897 0
    outer loop
      vertex 11.154919820602071 13.48398174857631 -0.4500000000000002
      vertex 11.154919820602071 13.48398174857631 5.55
      vertex 10.28624191511828 14.15779740156158 5.55
    endloop
  endfacet
  facet normal -0.5620833778521309 -0.8270805742745616 0
    outer loop
      vertex 10.28624191511828 14.15779740156158 -0.4500000000000002
      vertex 10.28624191511828 14.15779740156158 5.55
      vertex 9.376968912132442 14.775738696285265 5.55
    endloop
  endfacet
  facet normal -0.661311865323651 -0.7501110696304603 0
    outer loop
      vertex 11.979574353752053 12.756950979874702 -0.4500000000000002
      vertex 11.979574353752053 12.756950979874702 5.55
      vertex 11.154919820602071 13.48398174857631 5.55
    endloop
  endfacet
  facet normal 0 0 -1
    outer loop
      vertex 1.8799985034645643 14.881720519717168 5.55
      vertex 3.27917300525018 17.19002688775205 5.55
      vertex 2.810719718785869 14.73430876093033 5.55
    endloop
  endfacet
  facet normal 0 0 -1
    outer loop
      vertex 0 15 5.55
      vertex 1.0988340917629824 17.465467747494753 5.55
      vertex 0.9418577929396992 14.970400926424073 5.55
    endloop
  endfacet
  facet normal 0 0 -1
    outer loop
      vertex 0 15 5.55
      vertex 0 17.5 5.55
      vertex 1.0988340917629824 17.465467747494753 5.55
    endloop
  endfacet
  facet normal 0 0 -1
    outer loop
      vertex 0.9418577929396992 14.970400926424073 5.55
      vertex 1.0988340917629824 17.465467747494753 5.55
      vertex 2.193331587375325 17.362007273003364 5.55
    endloop
  endfacet
  facet normal 0 0 -1
    outer loop
      vertex 0.9418577929396992 14.970400926424073 5.55
      vertex 2.193331587375325 17.362007273003364 5.55
      vertex 1.8799985034645643 14.881720519717168 5.55
    endloop
  endfacet
  facet normal 0 0 -1
    outer loop
      vertex 1.8799985034645643 14.881720519717168 5.55
      vertex 2.193331587375325 17.362007273003364 5.55
      vertex 3.27917300525018 17.19002688775205 5.55
    endloop
  endfacet
  facet normal 0 0 -1
    outer loop
      vertex 2.810719718785869 14.73430876093033 5.55
      vertex 4.35207302538496 16.950205319751042 5.55
      vertex 3.7303483074728225 14.528747416929466 5.55
    endloop
  endfacet
  facet normal 0 0 -1
    outer loop
      vertex 3.7303483074728225 14.528747416929466 5.55
      vertex 5.407797401561579 16.643489035165185 5.55
      vertex 4.635254915624211 14.265847744427303 5.55
    endloop
  endfacet
  facet normal 0 0 -1
    outer loop
      vertex 4.635254915624211 14.265847744427303 5.55
      vertex 6.4421796719818625 16.2710885030444 5.55
      vertex 5.521868290270168 13.946647288323772 5.55
    endloop
  endfacet
  facet normal 0 0 -1
    outer loop
      vertex 5.521868290270168 13.946647288323772 5.55
      vertex 6.4421796719818625 16.2710885030444 5.55
      vertex 6.386689373476091 13.572405786990291 5.55
    endloop
  endfacet
  facet normal 0 0 -1
    outer loop
      vertex 2.810719718785869 14.73430876093033 5.55
      vertex 3.27917300525018 17.19002688775205 5.55
      vertex 4.35207302538496 16.950205319751042 5.55
    endloop
  endfacet
  facet normal 0 0 -1
    outer loop
      vertex 3.7303483074728225 14.528747416929466 5.55
      vertex 4.35207302538496 16.950205319751042 5.55
      vertex 5.407797401561579 16.643489035165185 5.55
    endloop
  endfacet
  facet normal 0 0 -1
    outer loop
      vertex 4.635254915624211 14.265847744427303 5.55
      vertex 5.407797401561579 16.643489035165185 5.55
      vertex 6.4421796719818625 16.2710885030444 5.55
    endloop
  endfacet
  facet normal 0 0 -1
    outer loop
      vertex 6.386689373476091 13.572405786990291 5.55
      vertex 7.451137602388773 15.83447341815534 5.55
      vertex 7.226305111525728 13.144600200657953 5.55
    endloop
  endfacet
  facet normal 0 0 -1
    outer loop
      vertex 6.386689373476091 13.572405786990291 5.55
      vertex 6.4421796719818625 16.2710885030444 5.55
      vertex 7.451137602388773 15.83447341815534 5.55
    endloop
  endfacet
  facet normal 0 0 -1
    outer loop
      vertex 7.226305111525728 13.144600200657953 5.55
      vertex 7.451137602388773 15.83447341815534 5.55
      vertex 8.430689296780017 15.335366900767612 5.55
    endloop
  endfacet
  facet normal 0 0 -1
    outer loop
      vertex 7.226305111525728 13.144600200657953 5.55
      vertex 8.430689296780017 15.335366900767612 5.55
      vertex 8.03740192468495 12.664918882530227 5.55
    endloop
  endfacet
  facet normal 0 0 -1
    outer loop
      vertex 8.03740192468495 12.664918882530227 5.55
      vertex 9.376968912132442 14.775738696285265 5.55
      vertex 8.816778784387097 12.135254915624213 5.55
    endloop
  endfacet
  facet normal 0 0 -1
    outer loop
      vertex 8.03740192468495 12.664918882530227 5.55
      vertex 8.430689296780017 15.335366900767612 5.55
      vertex 9.376968912132442 14.775738696285265 5.55
    endloop
  endfacet
  facet normal 0 0 -1
    outer loop
      vertex 8.816778784387097 12.135254915624213 5.55
      vertex 10.28624191511828 14.15779740156158 5.55
      vertex 9.561359846230346 11.557698641636836 5.55
    endloop
  endfacet
  facet normal 0 0 -1
    outer loop
      vertex 8.816778784387097 12.135254915624213 5.55
      vertex 9.376968912132442 14.775738696285265 5.55
      vertex 10.28624191511828 14.15779740156158 5.55
    endloop
  endfacet
  facet normal 0 0 -1
    outer loop
      vertex 10.268206588930331 10.934529411321174 5.55
      vertex 10.28624191511828 14.15779740156158 5.55
      vertex 11.154919820602071 13.48398174857631 5.55
    endloop
  endfacet
  facet normal -0.9995065603657316 -0.03141075907812804 0
    outer loop
      vertex 17.5 0 -0.4500000000000002
      vertex 17.465467747494753 1.098834091762984 5.55
      vertex 17.465467747494753 1.098834091762984 -0.4500000000000002
    endloop
  endfacet
  facet normal -0.9955619646030802 -0.09410831331851269 0
    outer loop
      vertex 17.465467747494753 1.098834091762984 -0.4500000000000002
      vertex 17.362007273003364 2.1933315873753245 5.55
      vertex 17.362007273003364 2.1933315873753245 -0.4500000000000002
    endloop
  endfacet
  facet normal -0.9876883405951373 -0.15643446504023356 0
    outer loop
      vertex 17.362007273003364 2.1933315873753245 -0.4500000000000002
      vertex 17.19002688775205 3.279173005250181 5.55
      vertex 17.19002688775205 3.279173005250181 -0.4500000000000002
    endloop
  endfacet
  facet normal -0.9759167619387471 -0.21814324139654392 0
    outer loop
      vertex 16.950205319751042 4.352073025384959 -0.4500000000000002
      vertex 17.19002688775205 3.279173005250181 -0.4500000000000002
      vertex 16.950205319751042 4.352073025384959 5.55
    endloop
  endfacet
  facet normal -0.9408807689542263 -0.3387379202452892 0
    outer loop
      vertex 16.2710885030444 6.442179671981864 -0.4500000000000002
      vertex 16.643489035165185 5.407797401561579 -0.4500000000000002
      vertex 16.2710885030444 6.442179671981864 5.55
    endloop
  endfacet
  facet normal -0.9602936856769431 -0.27899110603922933 0
    outer loop
      vertex 16.950205319751042 4.352073025384959 -0.4500000000000002
      vertex 16.643489035165185 5.407797401561579 5.55
      vertex 16.643489035165185 5.407797401561579 -0.4500000000000002
    endloop
  endfacet
  facet normal -0.9995065603657316 -0.03141075907812804 0
    outer loop
      vertex 17.5 0 -0.4500000000000002
      vertex 17.5 0 5.55
      vertex 17.465467747494753 1.098834091762984 5.55
    endloop
  endfacet
  facet normal -0.9955619646030802 -0.09410831331851269 0
    outer loop
      vertex 17.465467747494753 1.098834091762984 -0.4500000000000002
      vertex 17.465467747494753 1.098834091762984 5.55
      vertex 17.362007273003364 2.1933315873753245 5.55
    endloop
  endfacet
  facet normal -0.9876883405951373 -0.15643446504023356 0
    outer loop
      vertex 17.362007273003364 2.1933315873753245 -0.4500000000000002
      vertex 17.362007273003364 2.1933315873753245 5.55
      vertex 17.19002688775205 3.279173005250181 5.55
    endloop
  endfacet
  facet normal -0.9759167619387471 -0.21814324139654392 0
    outer loop
      vertex 17.19002688775205 3.279173005250181 -0.4500000000000002
      vertex 17.19002688775205 3.279173005250181 5.55
      vertex 16.950205319751042 4.352073025384959 5.55
    endloop
  endfacet
  facet normal -0.9602936856769431 -0.27899110603922933 0
    outer loop
      vertex 16.950205319751042 4.352073025384959 -0.4500000000000002
      vertex 16.950205319751042 4.352073025384959 5.55
      vertex 16.643489035165185 5.407797401561579 5.55
    endloop
  endfacet
  facet normal -0.9408807689542263 -0.3387379202452892 0
    outer loop
      vertex 16.643489035165185 5.407797401561579 -0.4500000000000002
      vertex 16.643489035165185 5.407797401561579 5.55
      vertex 16.2710885030444 6.442179671981864 5.55
    endloop
  endfacet
  facet normal -0.8910065241883676 -0.4539904997395475 0
    outer loop
      vertex 15.335366900767612 8.430689296780018 -0.4500000000000002
      vertex 15.834473418155342 7.451137602388772 -0.4500000000000002
      vertex 15.335366900767612 8.430689296780018 5.55
    endloop
  endfacet
  facet normal -0.8607420270039443 -0.5090414157503703 0
    outer loop
      vertex 15.335366900767612 8.430689296780018 -0.4500000000000002
      vertex 14.775738696285265 9.376968912132442 5.55
      vertex 14.775738696285265 9.376968912132442 -0.4500000000000002
    endloop
  endfacet
  facet normal -0.7901550123756897 -0.6129070536529774 0
    outer loop
      vertex 14.15779740156158 10.28624191511828 -0.4500000000000002
      vertex 13.48398174857631 11.154919820602071 5.55
      vertex 13.48398174857631 11.154919820602071 -0.4500000000000002
    endloop
  endfacet
  facet normal -0.7501110696304603 -0.661311865323651 0
    outer loop
      vertex 12.756950979874702 11.979574353752053 -0.4500000000000002
      vertex 13.48398174857631 11.154919820602071 -0.4500000000000002
      vertex 12.756950979874702 11.979574353752053 5.55
    endloop
  endfacet
  facet normal -0.8270805742745616 -0.5620833778521309 0
    outer loop
      vertex 14.15779740156158 10.28624191511828 -0.4500000000000002
      vertex 14.775738696285265 9.376968912132442 -0.4500000000000002
      vertex 14.15779740156158 10.28624191511828 5.55
    endloop
  endfacet
  facet normal -0.9177546256839814 -0.39714789063478 0
    outer loop
      vertex 16.2710885030444 6.442179671981864 -0.4500000000000002
      vertex 15.834473418155342 7.451137602388772 5.55
      vertex 15.834473418155342 7.451137602388772 -0.4500000000000002
    endloop
  endfacet
  facet normal -0.8607420270039443 -0.5090414157503703 0
    outer loop
      vertex 15.335366900767612 8.430689296780018 -0.4500000000000002
      vertex 15.335366900767612 8.430689296780018 5.55
      vertex 14.775738696285265 9.376968912132442 5.55
    endloop
  endfacet
  facet normal -0.7901550123756897 -0.6129070536529774 0
    outer loop
      vertex 14.15779740156158 10.28624191511828 -0.4500000000000002
      vertex 14.15779740156158 10.28624191511828 5.55
      vertex 13.48398174857631 11.154919820602071 5.55
    endloop
  endfacet
  facet normal -0.7501110696304603 -0.661311865323651 0
    outer loop
      vertex 13.48398174857631 11.154919820602071 -0.4500000000000002
      vertex 13.48398174857631 11.154919820602071 5.55
      vertex 12.756950979874702 11.979574353752053 5.55
    endloop
  endfacet
  facet normal -0.8270805742745616 -0.5620833778521309 0
    outer loop
      vertex 14.775738696285265 9.376968912132442 -0.4500000000000002
      vertex 14.775738696285265 9.376968912132442 5.55
      vertex 14.15779740156158 10.28624191511828 5.55
    endloop
  endfacet
  facet normal -0.9177546256839814 -0.39714789063478 0
    outer loop
      vertex 16.2710885030444 6.442179671981864 -0.4500000000000002
      vertex 16.2710885030444 6.442179671981864 5.55
      vertex 15.834473418155342 7.451137602388772 5.55
    endloop
  endfacet
  facet normal -0.8910065241883676 -0.4539904997395475 0
    outer loop
      vertex 15.834473418155342 7.451137602388772 -0.4500000000000002
      vertex 15.834473418155342 7.451137602388772 5.55
      vertex 15.335366900767612 8.430689296780018 5.55
    endloop
  endfacet
  facet normal 0 0 -1
    outer loop
      vertex 15.33536690076761 -8.430689296780018 5.55
      vertex 14.970400926424073 0.9418577929397006 5.55
      vertex 14.775738696285265 9.376968912132442 5.55
    endloop
  endfacet
  facet normal 0 0 -1
    outer loop
      vertex 15.33536690076761 -8.430689296780018 5.55
      vertex 14.775738696285265 9.376968912132442 5.55
      vertex 15.335366900767612 8.430689296780018 5.55
    endloop
  endfacet
  facet normal 0 0 -1
    outer loop
      vertex 14.970400926424073 0.9418577929397006 5.55
      vertex 14.881720519717168 1.8799985034645639 5.55
      vertex 14.775738696285265 9.376968912132442 5.55
    endloop
  endfacet
  facet normal 0 0 -1
    outer loop
      vertex 14.881720519717168 1.8799985034645639 5.55
      vertex 14.73430876093033 2.8107197187858692 5.55
      vertex 14.775738696285265 9.376968912132442 5.55
    endloop
  endfacet
  facet normal 0 0 -1
    outer loop
      vertex 14.73430876093033 2.8107197187858692 5.55
      vertex 14.528747416929466 3.730348307472822 5.55
      vertex 14.775738696285265 9.376968912132442 5.55
    endloop
  endfacet
  facet normal 0 0 -1
    outer loop
      vertex 14.265847744427303 4.635254915624211 5.55
      vertex 14.775738696285265 9.376968912132442 5.55
      vertex 14.528747416929466 3.730348307472822 5.55
    endloop
  endfacet
  facet normal 0 0 -1
    outer loop
      vertex 17.19002688775205 -3.2791730052501844 5.55
      vertex 16.950205319751042 4.352073025384959 5.55
      vertex 17.19002688775205 3.279173005250181 5.55
    endloop
  endfacet
  facet normal 0 0 -1
    outer loop
      vertex 15.834473418155342 -7.451137602388767 5.55
      vertex 15.335366900767612 8.430689296780018 5.55
      vertex 15.834473418155342 7.451137602388772 5.55
    endloop
  endfacet
  facet normal 0 0 -1
    outer loop
      vertex 16.271088503044396 -6.442179671981871 5.55
      vertex 15.834473418155342 7.451137602388772 5.55
      vertex 16.2710885030444 6.442179671981864 5.55
    endloop
  endfacet
  facet normal 0 0 -1
    outer loop
      vertex 16.643489035165185 -5.407797401561579 5.55
      vertex 16.2710885030444 6.442179671981864 5.55
      vertex 16.643489035165185 5.407797401561579 5.55
    endloop
  endfacet
  facet normal 0 0 -1
    outer loop
      vertex 16.950205319751046 -4.352073025384953 5.55
      vertex 16.643489035165185 5.407797401561579 5.55
      vertex 16.950205319751042 4.352073025384959 5.55
    endloop
  endfacet
  facet normal 0 0 -1
    outer loop
      vertex 17.465467747494753 -1.0988340917629908 5.55
      vertex 17.362007273003364 2.1933315873753245 5.55
      vertex 17.465467747494753 1.098834091762984 5.55
    endloop
  endfacet
  facet normal 0 0 -1
    outer loop
      vertex 17.362007273003364 -2.193331587375321 5.55
      vertex 17.19002688775205 3.279173005250181 5.55
      vertex 17.362007273003364 2.1933315873753245 5.55
    endloop
  endfacet
  facet normal 0 0 -1
    outer loop
      vertex 13.572405786990293 6.38668937347609 5.55
      vertex 14.15779740156158 10.28624191511828 5.55
      vertex 13.94664728832377 5.521868290270169 5.55
    endloop
  endfacet
  facet normal 0 0 -1
    outer loop
      vertex 12.664918882530227 8.03740192468495 5.55
      vertex 13.48398174857631 11.154919820602071 5.55
      vertex 13.144600200657953 7.22630511152573 5.55
    endloop
  endfacet
  facet normal 0 0 -1
    outer loop
      vertex 13.572405786990293 6.38668937347609 5.55
      vertex 13.144600200657953 7.22630511152573 5.55
      vertex 13.48398174857631 11.154919820602071 5.55
    endloop
  endfacet
  facet normal 0 0 -1
    outer loop
      vertex 13.572405786990293 6.38668937347609 5.55
      vertex 13.48398174857631 11.154919820602071 5.55
      vertex 14.15779740156158 10.28624191511828 5.55
    endloop
  endfacet
  facet normal 0 0 -1
    outer loop
      vertex 14.265847744427303 4.635254915624211 5.55
      vertex 13.94664728832377 5.521868290270169 5.55
      vertex 14.15779740156158 10.28624191511828 5.55
    endloop
  endfacet
  facet normal 0 0 -1
    outer loop
      vertex 14.265847744427303 4.635254915624211 5.55
      vertex 14.15779740156158 10.28624191511828 5.55
      vertex 14.775738696285265 9.376968912132442 5.55
    endloop
  endfacet
  facet normal 0 0 -1
    outer loop
      vertex 12.135254915624213 8.816778784387097 5.55
      vertex 12.756950979874702 11.979574353752053 5.55
      vertex 12.664918882530227 8.03740192468495 5.55
    endloop
  endfacet
  facet normal 0 0 -1
    outer loop
      vertex 12.664918882530227 8.03740192468495 5.55
      vertex 12.756950979874702 11.979574353752053 5.55
      vertex 13.48398174857631 11.154919820602071 5.55
    endloop
  endfacet
  facet normal 0.7901550123756907 0.612907053652976 0
    outer loop
      vertex -16.989356881873896 -12.343490298141935 -0.4500000000000002
      vertex -16.180778098291576 -13.385903784722482 -10
      vertex -16.989356881873896 -12.343490298141935 -10
    endloop
  endfacet
  facet normal 0.7501110696304596 0.6613118653236518 0
    outer loop
      vertex -16.180778098291576 -13.385903784722482 -0.4500000000000002
      vertex -15.308341175849645 -14.37548922450246 -10
      vertex -16.180778098291576 -13.385903784722482 -10
    endloop
  endfacet
  facet normal 0.612907053652976 0.7901550123756907 0
    outer loop
      vertex -13.385903784722482 -16.180778098291576 -0.4500000000000002
      vertex -12.343490298141935 -16.989356881873896 -10
      vertex -13.385903784722482 -16.180778098291576 -10
    endloop
  endfacet
  facet normal 0.7071067811865475 0.7071067811865475 0
    outer loop
      vertex -15.308341175849645 -14.37548922450246 -0.4500000000000002
      vertex -14.37548922450246 -15.308341175849645 -10
      vertex -15.308341175849645 -14.37548922450246 -10
    endloop
  endfacet
  facet normal 0.6613118653236518 0.7501110696304596 0
    outer loop
      vertex -14.37548922450246 -15.308341175849645 -0.4500000000000002
      vertex -13.385903784722482 -16.180778098291576 -10
      vertex -14.37548922450246 -15.308341175849645 -10
    endloop
  endfacet
  facet normal 0.7901550123756907 0.612907053652976 0
    outer loop
      vertex -16.180778098291576 -13.385903784722482 -0.4500000000000002
      vertex -16.180778098291576 -13.385903784722482 -10
      vertex -16.989356881873896 -12.343490298141935 -0.4500000000000002
    endloop
  endfacet
  facet normal 0.6613118653236518 0.7501110696304596 0
    outer loop
      vertex -13.385903784722482 -16.180778098291576 -0.4500000000000002
      vertex -13.385903784722482 -16.180778098291576 -10
      vertex -14.37548922450246 -15.308341175849645 -0.4500000000000002
    endloop
  endfacet
  facet normal 0.612907053652976 0.7901550123756907 0
    outer loop
      vertex -13.385903784722482 -16.180778098291576 -0.4500000000000002
      vertex -12.343490298141935 -16.989356881873896 -0.4500000000000002
      vertex -12.343490298141935 -16.989356881873896 -10
    endloop
  endfacet
  facet normal 0.7071067811865475 0.7071067811865475 0
    outer loop
      vertex -15.308341175849645 -14.37548922450246 -0.4500000000000002
      vertex -14.37548922450246 -15.308341175849645 -0.4500000000000002
      vertex -14.37548922450246 -15.308341175849645 -10
    endloop
  endfacet
  facet normal 0.7501110696304596 0.6613118653236518 0
    outer loop
      vertex -16.180778098291576 -13.385903784722482 -0.4500000000000002
      vertex -15.308341175849645 -14.37548922450246 -0.4500000000000002
      vertex -15.308341175849645 -14.37548922450246 -10
    endloop
  endfacet
  facet normal 0 0 -1
    outer loop
      vertex -15.308341175849645 -14.37548922450246 -0.4500000000000002
      vertex -14.775738696285261 -9.376968912132444 -0.4500000000000002
      vertex -14.37548922450246 -15.308341175849645 -0.4500000000000002
    endloop
  endfacet
  facet normal 0 0 -1
    outer loop
      vertex -13.385903784722482 -16.180778098291576 -0.4500000000000002
      vertex -12.756950979874704 -11.97957435375205 -0.4500000000000002
      vertex -12.343490298141935 -16.989356881873896 -0.4500000000000002
    endloop
  endfacet
  facet normal 0 0 -1
    outer loop
      vertex -13.385903784722482 -16.180778098291576 -0.4500000000000002
      vertex -14.37548922450246 -15.308341175849645 -0.4500000000000002
      vertex -14.15779740156158 -10.28624191511828 -0.4500000000000002
    endloop
  endfacet
  facet normal 0 0 -1
    outer loop
      vertex -13.385903784722482 -16.180778098291576 -0.4500000000000002
      vertex -14.15779740156158 -10.28624191511828 -0.4500000000000002
      vertex -13.483981748576314 -11.15491982060207 -0.4500000000000002
    endloop
  endfacet
  facet normal 0 0 -1
    outer loop
      vertex -13.385903784722482 -16.180778098291576 -0.4500000000000002
      vertex -13.483981748576314 -11.15491982060207 -0.4500000000000002
      vertex -12.756950979874704 -11.97957435375205 -0.4500000000000002
    endloop
  endfacet
  facet normal 0.8910065241883679 0.45399049973954697 0
    outer loop
      vertex -19.00136810178641 -8.941365122866522 -0.4500000000000002
      vertex -18.402440280921134 -10.116827156136022 -10
      vertex -19.00136810178641 -8.941365122866522 -10
    endloop
  endfacet
  facet normal 0.9177546256839813 0.39714789063478023 0
    outer loop
      vertex -19.52530620365328 -7.730615606378235 -0.4500000000000002
      vertex -19.00136810178641 -8.941365122866522 -10
      vertex -19.52530620365328 -7.730615606378235 -10
    endloop
  endfacet
  facet normal 0.9408807689542258 0.3387379202452903 0
    outer loop
      vertex -19.972186842198223 -6.489356881873896 -0.4500000000000002
      vertex -19.52530620365328 -7.730615606378235 -10
      vertex -19.972186842198223 -6.489356881873896 -10
    endloop
  endfacet
  facet normal 0.9759167619387471 0.21814324139654334 0
    outer loop
      vertex -20.628032265302462 -3.9350076063002213 -0.4500000000000002
      vertex -20.340246383701253 -5.222487630461952 -10
      vertex -20.628032265302462 -3.9350076063002213 -10
    endloop
  endfacet
  facet normal 0.9602936856769427 0.27899110603923044 0
    outer loop
      vertex -20.340246383701253 -5.222487630461952 -0.4500000000000002
      vertex -19.972186842198223 -6.489356881873896 -10
      vertex -20.340246383701253 -5.222487630461952 -10
    endloop
  endfacet
  facet normal 0.9876883405951377 0.156434465040231 0
    outer loop
      vertex -20.834408727604036 -2.6319979048503854 -0.4500000000000002
      vertex -20.628032265302462 -3.9350076063002213 -10
      vertex -20.834408727604036 -2.6319979048503854 -10
    endloop
  endfacet
  facet normal 0.99556196460308 0.09410831331851444 0
    outer loop
      vertex -20.958561296993704 -1.318600910115579 -0.4500000000000002
      vertex -20.834408727604036 -2.6319979048503854 -10
      vertex -20.958561296993704 -1.318600910115579 -10
    endloop
  endfacet
  facet normal 0.9995065603657315 0.03141075907812755 0
    outer loop
      vertex -21 0 -0.4500000000000002
      vertex -20.958561296993704 -1.318600910115579 -10
      vertex -21 0 -10
    endloop
  endfacet
  facet normal 0.8270805742745619 0.5620833778521305 0
    outer loop
      vertex -17.730886435542313 -11.252362694558933 -0.4500000000000002
      vertex -16.989356881873896 -12.343490298141935 -10
      vertex -17.730886435542313 -11.252362694558933 -10
    endloop
  endfacet
  facet normal 0.8607420270039435 0.5090414157503715 0
    outer loop
      vertex -18.402440280921134 -10.116827156136022 -0.4500000000000002
      vertex -17.730886435542313 -11.252362694558933 -10
      vertex -18.402440280921134 -10.116827156136022 -10
    endloop
  endfacet
  facet normal 0.9177546256839813 0.39714789063478023 0
    outer loop
      vertex -19.00136810178641 -8.941365122866522 -0.4500000000000002
      vertex -19.00136810178641 -8.941365122866522 -10
      vertex -19.52530620365328 -7.730615606378235 -0.4500000000000002
    endloop
  endfacet
  facet normal 0.9408807689542258 0.3387379202452903 0
    outer loop
      vertex -19.972186842198223 -6.489356881873896 -0.4500000000000002
      vertex -19.52530620365328 -7.730615606378235 -0.4500000000000002
      vertex -19.52530620365328 -7.730615606378235 -10
    endloop
  endfacet
  facet normal 0.9759167619387471 0.21814324139654334 0
    outer loop
      vertex -20.340246383701253 -5.222487630461952 -0.4500000000000002
      vertex -20.340246383701253 -5.222487630461952 -10
      vertex -20.628032265302462 -3.9350076063002213 -0.4500000000000002
    endloop
  endfacet
  facet normal 0.9876883405951377 0.156434465040231 0
    outer loop
      vertex -20.628032265302462 -3.9350076063002213 -0.4500000000000002
      vertex -20.628032265302462 -3.9350076063002213 -10
      vertex -20.834408727604036 -2.6319979048503854 -0.4500000000000002
    endloop
  endfacet
  facet normal 0.9602936856769427 0.27899110603923044 0
    outer loop
      vertex -19.972186842198223 -6.489356881873896 -0.4500000000000002
      vertex -19.972186842198223 -6.489356881873896 -10
      vertex -20.340246383701253 -5.222487630461952 -0.4500000000000002
    endloop
  endfacet
  facet normal 0.99556196460308 0.09410831331851444 0
    outer loop
      vertex -20.834408727604036 -2.6319979048503854 -0.4500000000000002
      vertex -20.834408727604036 -2.6319979048503854 -10
      vertex -20.958561296993704 -1.318600910115579 -0.4500000000000002
    endloop
  endfacet
  facet normal 0.9995065603657315 0.03141075907812755 0
    outer loop
      vertex -20.958561296993704 -1.318600910115579 -0.4500000000000002
      vertex -20.958561296993704 -1.318600910115579 -10
      vertex -21 0 -0.4500000000000002
    endloop
  endfacet
  facet normal 0 0 -1
    outer loop
      vertex -18.402440280921134 -10.116827156136022 -0.4500000000000002
      vertex -19.00136810178641 -8.941365122866522 -0.4500000000000002
      vertex -19.00136810178641 8.941365122866522 -0.4500000000000002
    endloop
  endfacet
  facet normal 0 0 -1
    outer loop
      vertex -20.340246383701253 -5.222487630461952 -0.4500000000000002
      vertex -20.628032265302462 -3.9350076063002213 -0.4500000000000002
      vertex -20.628032265302462 3.9350076063002213 -0.4500000000000002
    endloop
  endfacet
  facet normal 0 0 -1
    outer loop
      vertex -20.628032265302462 -3.9350076063002213 -0.4500000000000002
      vertex -20.834408727604036 -2.6319979048503854 -0.4500000000000002
      vertex -20.834408727604036 2.6319979048503854 -0.4500000000000002
    endloop
  endfacet
  facet normal 0 0 -1
    outer loop
      vertex -20.834408727604036 -2.6319979048503854 -0.4500000000000002
      vertex -20.958561296993704 -1.318600910115579 -0.4500000000000002
      vertex -20.958561296993704 1.318600910115579 -0.4500000000000002
    endloop
  endfacet
  facet normal 0 0 -1
    outer loop
      vertex -19.972186842198223 -6.489356881873896 -0.4500000000000002
      vertex -19.972186842198223 6.489356881873896 -0.4500000000000002
      vertex -19.52530620365328 -7.730615606378235 -0.4500000000000002
    endloop
  endfacet
  facet normal 0 0 -1
    outer loop
      vertex -19.972186842198223 -6.489356881873896 -0.4500000000000002
      vertex -20.340246383701253 -5.222487630461952 -0.4500000000000002
      vertex -20.340246383701253 5.222487630461952 -0.4500000000000002
    endloop
  endfacet
  facet normal 0 0 -1
    outer loop
      vertex -19.00136810178641 -8.941365122866522 -0.4500000000000002
      vertex -19.52530620365328 -7.730615606378235 -0.4500000000000002
      vertex -19.52530620365328 7.730615606378235 -0.4500000000000002
    endloop
  endfacet
  facet normal 0.8270805742745619 0.5620833778521305 0
    outer loop
      vertex -17.730886435542313 -11.252362694558933 -0.4500000000000002
      vertex -16.989356881873896 -12.343490298141935 -0.4500000000000002
      vertex -16.989356881873896 -12.343490298141935 -10
    endloop
  endfacet
  facet normal 0.8910065241883679 0.45399049973954697 0
    outer loop
      vertex -18.402440280921134 -10.116827156136022 -0.4500000000000002
      vertex -18.402440280921134 -10.116827156136022 -10
      vertex -19.00136810178641 -8.941365122866522 -0.4500000000000002
    endloop
  endfacet
  facet normal 0.8607420270039435 0.5090414157503715 0
    outer loop
      vertex -17.730886435542313 -11.252362694558933 -0.4500000000000002
      vertex -17.730886435542313 -11.252362694558933 -10
      vertex -18.402440280921134 -10.116827156136022 -0.4500000000000002
    endloop
  endfacet
  facet normal 0 0 -1
    outer loop
      vertex -16.180778098291576 -13.385903784722482 -0.4500000000000002
      vertex -15.834473418155342 -7.451137602388767 -0.4500000000000002
      vertex -15.308341175849645 -14.37548922450246 -0.4500000000000002
    endloop
  endfacet
  facet normal 0 0 -1
    outer loop
      vertex -16.180778098291576 -13.385903784722482 -0.4500000000000002
      vertex -16.989356881873896 -12.343490298141935 -0.4500000000000002
      vertex -16.643489035165185 -5.407797401561579 -0.4500000000000002
    endloop
  endfacet
  facet normal 0 0 -1
    outer loop
      vertex -17.730886435542313 -11.252362694558933 -0.4500000000000002
      vertex -17.362007273003364 -2.193331587375321 -0.4500000000000002
      vertex -16.989356881873896 -12.343490298141935 -0.4500000000000002
    endloop
  endfacet
  facet normal 0 0 -1
    outer loop
      vertex -16.180778098291576 -13.385903784722482 -0.4500000000000002
      vertex -16.2710885030444 -6.4421796719818625 -0.4500000000000002
      vertex -15.834473418155342 -7.451137602388767 -0.4500000000000002
    endloop
  endfacet
  facet normal 0 0 -1
    outer loop
      vertex -16.180778098291576 -13.385903784722482 -0.4500000000000002
      vertex -16.643489035165185 -5.407797401561579 -0.4500000000000002
      vertex -16.2710885030444 -6.4421796719818625 -0.4500000000000002
    endloop
  endfacet
  facet normal 0 0 -1
    outer loop
      vertex -16.989356881873896 -12.343490298141935 -0.4500000000000002
      vertex -16.950205319751042 -4.35207302538496 -0.4500000000000002
      vertex -16.643489035165185 -5.407797401561579 -0.4500000000000002
    endloop
  endfacet
  facet normal 0 0 -1
    outer loop
      vertex -16.989356881873896 -12.343490298141935 -0.4500000000000002
      vertex -17.19002688775205 -3.2791730052501844 -0.4500000000000002
      vertex -16.950205319751042 -4.35207302538496 -0.4500000000000002
    endloop
  endfacet
  facet normal 0 0 -1
    outer loop
      vertex -14.37548922450246 -15.308341175849645 -0.4500000000000002
      vertex -14.775738696285261 -9.376968912132444 -0.4500000000000002
      vertex -14.15779740156158 -10.28624191511828 -0.4500000000000002
    endloop
  endfacet
  facet normal 0 0 -1
    outer loop
      vertex -15.308341175849645 -14.37548922450246 -0.4500000000000002
      vertex -15.33536690076761 -8.430689296780018 -0.4500000000000002
      vertex -14.775738696285261 -9.376968912132444 -0.4500000000000002
    endloop
  endfacet
  facet normal 0 0 -1
    outer loop
      vertex -15.308341175849645 -14.37548922450246 -0.4500000000000002
      vertex -15.834473418155342 -7.451137602388767 -0.4500000000000002
      vertex -15.33536690076761 -8.430689296780018 -0.4500000000000002
    endloop
  endfacet
  facet normal 0 0 -1
    outer loop
      vertex -17.730886435542313 -11.252362694558933 -0.4500000000000002
      vertex -17.465467747494753 -1.0988340917629824 -0.4500000000000002
      vertex -17.362007273003364 -2.193331587375321 -0.4500000000000002
    endloop
  endfacet
  facet normal 0 0 -1
    outer loop
      vertex -17.730886435542313 -11.252362694558933 -0.4500000000000002
      vertex -18.402440280921134 -10.116827156136022 -0.4500000000000002
      vertex -18.402440280921134 10.116827156136022 -0.4500000000000002
    endloop
  endfacet
  facet normal 0 0 -1
    outer loop
      vertex -17.730886435542313 -11.252362694558933 -0.4500000000000002
      vertex -17.5 0 -0.4500000000000002
      vertex -17.465467747494753 -1.0988340917629824 -0.4500000000000002
    endloop
  endfacet
  facet normal 0 0 -1
    outer loop
      vertex -16.989356881873896 -12.343490298141935 -0.4500000000000002
      vertex -17.362007273003364 -2.193331587375321 -0.4500000000000002
      vertex -17.19002688775205 -3.2791730052501844 -0.4500000000000002
    endloop
  endfacet
  facet normal 0.39714789063478023 0.9177546256839813 0
    outer loop
      vertex -8.941365122866522 -19.00136810178641 -0.4500000000000002
      vertex -7.730615606378235 -19.52530620365328 -10
      vertex -8.941365122866522 -19.00136810178641 -10
    endloop
  endfacet
  facet normal 0.3387379202452903 0.9408807689542258 0
    outer loop
      vertex -7.730615606378235 -19.52530620365328 -0.4500000000000002
      vertex -6.489356881873896 -19.972186842198223 -10
      vertex -7.730615606378235 -19.52530620365328 -10
    endloop
  endfacet
  facet normal 0.5620833778521305 0.8270805742745619 0
    outer loop
      vertex -12.343490298141935 -16.989356881873896 -0.4500000000000002
      vertex -11.252362694558933 -17.730886435542313 -10
      vertex -12.343490298141935 -16.989356881873896 -10
    endloop
  endfacet
  facet normal 0.5090414157503715 0.8607420270039435 0
    outer loop
      vertex -11.252362694558933 -17.730886435542313 -0.4500000000000002
      vertex -10.116827156136022 -18.402440280921134 -10
      vertex -11.252362694558933 -17.730886435542313 -10
    endloop
  endfacet
  facet normal 0.45399049973954697 0.8910065241883679 0
    outer loop
      vertex -10.116827156136022 -18.402440280921134 -0.4500000000000002
      vertex -8.941365122866522 -19.00136810178641 -10
      vertex -10.116827156136022 -18.402440280921134 -10
    endloop
  endfacet
  facet normal 0.21814324139654334 0.9759167619387471 0
    outer loop
      vertex -5.222487630461952 -20.340246383701253 -0.4500000000000002
      vertex -3.9350076063002213 -20.628032265302462 -10
      vertex -5.222487630461952 -20.340246383701253 -10
    endloop
  endfacet
  facet normal 0.27899110603923044 0.9602936856769427 0
    outer loop
      vertex -6.489356881873896 -19.972186842198223 -0.4500000000000002
      vertex -5.222487630461952 -20.340246383701253 -10
      vertex -6.489356881873896 -19.972186842198223 -10
    endloop
  endfacet
  facet normal 0.156434465040231 0.9876883405951377 0
    outer loop
      vertex -3.9350076063002213 -20.628032265302462 -0.4500000000000002
      vertex -2.6319979048503854 -20.834408727604036 -10
      vertex -3.9350076063002213 -20.628032265302462 -10
    endloop
  endfacet
  facet normal 0.09410831331851514 0.9955619646030799 0
    outer loop
      vertex -2.6319979048503854 -20.834408727604036 -0.4500000000000002
      vertex -1.318600910115589 -20.958561296993704 -10
      vertex -2.6319979048503854 -20.834408727604036 -10
    endloop
  endfacet
  facet normal 0.0314107590781273 0.9995065603657315 0
    outer loop
      vertex -1.318600910115589 -20.958561296993704 -0.4500000000000002
      vertex 0 -21 -10
      vertex -1.318600910115589 -20.958561296993704 -10
    endloop
  endfacet
  facet normal 0.45399049973954697 0.8910065241883679 0
    outer loop
      vertex -10.116827156136022 -18.402440280921134 -0.4500000000000002
      vertex -8.941365122866522 -19.00136810178641 -0.4500000000000002
      vertex -8.941365122866522 -19.00136810178641 -10
    endloop
  endfacet
  facet normal 0.39714789063478023 0.9177546256839813 0
    outer loop
      vertex -8.941365122866522 -19.00136810178641 -0.4500000000000002
      vertex -7.730615606378235 -19.52530620365328 -0.4500000000000002
      vertex -7.730615606378235 -19.52530620365328 -10
    endloop
  endfacet
  facet normal 0.3387379202452903 0.9408807689542258 0
    outer loop
      vertex -7.730615606378235 -19.52530620365328 -0.4500000000000002
      vertex -6.489356881873896 -19.972186842198223 -0.4500000000000002
      vertex -6.489356881873896 -19.972186842198223 -10
    endloop
  endfacet
  facet normal 0.5620833778521305 0.8270805742745619 0
    outer loop
      vertex -12.343490298141935 -16.989356881873896 -0.4500000000000002
      vertex -11.252362694558933 -17.730886435542313 -0.4500000000000002
      vertex -11.252362694558933 -17.730886435542313 -10
    endloop
  endfacet
  facet normal 0.5090414157503715 0.8607420270039435 0
    outer loop
      vertex -11.252362694558933 -17.730886435542313 -0.4500000000000002
      vertex -10.116827156136022 -18.402440280921134 -0.4500000000000002
      vertex -10.116827156136022 -18.402440280921134 -10
    endloop
  endfacet
  facet normal 0 0 -1
    outer loop
      vertex -12.343490298141935 -16.989356881873896 -0.4500000000000002
      vertex -11.97957435375205 -12.756950979874704 -0.4500000000000002
      vertex -11.252362694558933 -17.730886435542313 -0.4500000000000002
    endloop
  endfacet
  facet normal 0 0 -1
    outer loop
      vertex -10.116827156136022 -18.402440280921134 -0.4500000000000002
      vertex -9.376968912132444 -14.775738696285261 -0.4500000000000002
      vertex -8.941365122866522 -19.00136810178641 -0.4500000000000002
    endloop
  endfacet
  facet normal 0 0 -1
    outer loop
      vertex -11.252362694558933 -17.730886435542313 -0.4500000000000002
      vertex -10.28624191511828 -14.15779740156158 -0.4500000000000002
      vertex -10.116827156136022 -18.402440280921134 -0.4500000000000002
    endloop
  endfacet
  facet normal 0 0 -1
    outer loop
      vertex -10.116827156136022 -18.402440280921134 -0.4500000000000002
      vertex -10.28624191511828 -14.15779740156158 -0.4500000000000002
      vertex -9.376968912132444 -14.775738696285261 -0.4500000000000002
    endloop
  endfacet
  facet normal 0 0 -1
    outer loop
      vertex -11.252362694558933 -17.730886435542313 -0.4500000000000002
      vertex -11.97957435375205 -12.756950979874704 -0.4500000000000002
      vertex -11.15491982060207 -13.483981748576314 -0.4500000000000002
    endloop
  endfacet
  facet normal 0 0 -1
    outer loop
      vertex -12.343490298141935 -16.989356881873896 -0.4500000000000002
      vertex -12.756950979874704 -11.97957435375205 -0.4500000000000002
      vertex -11.97957435375205 -12.756950979874704 -0.4500000000000002
    endloop
  endfacet
  facet normal 0 0 -1
    outer loop
      vertex -11.252362694558933 -17.730886435542313 -0.4500000000000002
      vertex -11.15491982060207 -13.483981748576314 -0.4500000000000002
      vertex -10.28624191511828 -14.15779740156158 -0.4500000000000002
    endloop
  endfacet
  facet normal 0 0 -1
    outer loop
      vertex -8.941365122866522 -19.00136810178641 -0.4500000000000002
      vertex -8.430689296780018 -15.33536690076761 -0.4500000000000002
      vertex -7.730615606378235 -19.52530620365328 -0.4500000000000002
    endloop
  endfacet
  facet normal 0 0 -1
    outer loop
      vertex -8.941365122866522 -19.00136810178641 -0.4500000000000002
      vertex -9.376968912132444 -14.775738696285261 -0.4500000000000002
      vertex -8.430689296780018 -15.33536690076761 -0.4500000000000002
    endloop
  endfacet
  facet normal 0 0 -1
    outer loop
      vertex -7.730615606378235 -19.52530620365328 -0.4500000000000002
      vertex -8.430689296780018 -15.33536690076761 -0.4500000000000002
      vertex -7.451137602388767 -15.834473418155342 -0.4500000000000002
    endloop
  endfacet
  facet normal 0 0 -1
    outer loop
      vertex -7.730615606378235 -19.52530620365328 -0.4500000000000002
      vertex -7.451137602388767 -15.834473418155342 -0.4500000000000002
      vertex -6.489356881873896 -19.972186842198223 -0.4500000000000002
    endloop
  endfacet
  facet normal 0 0 -1
    outer loop
      vertex -6.489356881873896 -19.972186842198223 -0.4500000000000002
      vertex -7.451137602388767 -15.834473418155342 -0.4500000000000002
      vertex -6.4421796719818625 -16.2710885030444 -0.4500000000000002
    endloop
  endfacet
  facet normal 0.27899110603923044 0.9602936856769427 0
    outer loop
      vertex -6.489356881873896 -19.972186842198223 -0.4500000000000002
      vertex -5.222487630461952 -20.340246383701253 -0.4500000000000002
      vertex -5.222487630461952 -20.340246383701253 -10
    endloop
  endfacet
  facet normal 0.21814324139654334 0.9759167619387471 0
    outer loop
      vertex -5.222487630461952 -20.340246383701253 -0.4500000000000002
      vertex -3.9350076063002213 -20.628032265302462 -0.4500000000000002
      vertex -3.9350076063002213 -20.628032265302462 -10
    endloop
  endfacet
  facet normal 0.156434465040231 0.9876883405951377 0
    outer loop
      vertex -3.9350076063002213 -20.628032265302462 -0.4500000000000002
      vertex -2.6319979048503854 -20.834408727604036 -0.4500000000000002
      vertex -2.6319979048503854 -20.834408727604036 -10
    endloop
  endfacet
  facet normal 0.09410831331851514 0.9955619646030799 0
    outer loop
      vertex -2.6319979048503854 -20.834408727604036 -0.4500000000000002
      vertex -1.318600910115589 -20.958561296993704 -0.4500000000000002
      vertex -1.318600910115589 -20.958561296993704 -10
    endloop
  endfacet
  facet normal 0.0314107590781273 0.9995065603657315 0
    outer loop
      vertex -1.318600910115589 -20.958561296993704 -0.4500000000000002
      vertex 0 -21 -0.4500000000000002
      vertex 0 -21 -10
    endloop
  endfacet
  facet normal 0 0 -1
    outer loop
      vertex -6.489356881873896 -19.972186842198223 -0.4500000000000002
      vertex -5.407797401561579 -16.643489035165185 -0.4500000000000002
      vertex -5.222487630461952 -20.340246383701253 -0.4500000000000002
    endloop
  endfacet
  facet normal 0 0 -1
    outer loop
      vertex -5.222487630461952 -20.340246383701253 -0.4500000000000002
      vertex -4.35207302538496 -16.950205319751042 -0.4500000000000002
      vertex -3.9350076063002213 -20.628032265302462 -0.4500000000000002
    endloop
  endfacet
  facet normal 0 0 -1
    outer loop
      vertex -3.9350076063002213 -20.628032265302462 -0.4500000000000002
      vertex -3.2791730052501844 -17.19002688775205 -0.4500000000000002
      vertex -2.6319979048503854 -20.834408727604036 -0.4500000000000002
    endloop
  endfacet
  facet normal 0 0 -1
    outer loop
      vertex -2.6319979048503854 -20.834408727604036 -0.4500000000000002
      vertex -2.193331587375321 -17.362007273003364 -0.4500000000000002
      vertex -1.318600910115589 -20.958561296993704 -0.4500000000000002
    endloop
  endfacet
  facet normal 0 0 -1
    outer loop
      vertex -1.318600910115589 -20.958561296993704 -0.4500000000000002
      vertex -1.0988340917629908 -17.465467747494753 -0.4500000000000002
      vertex 0 -21 -0.4500000000000002
    endloop
  endfacet
  facet normal 0 0 -1
    outer loop
      vertex -6.489356881873896 -19.972186842198223 -0.4500000000000002
      vertex -6.4421796719818625 -16.2710885030444 -0.4500000000000002
      vertex -5.407797401561579 -16.643489035165185 -0.4500000000000002
    endloop
  endfacet
  facet normal 0 0 -1
    outer loop
      vertex -5.407797401561579 -16.643489035165185 -0.4500000000000002
      vertex -4.35207302538496 -16.950205319751042 -0.4500000000000002
      vertex -5.222487630461952 -20.340246383701253 -0.4500000000000002
    endloop
  endfacet
  facet normal 0 0 -1
    outer loop
      vertex -3.9350076063002213 -20.628032265302462 -0.4500000000000002
      vertex -4.35207302538496 -16.950205319751042 -0.4500000000000002
      vertex -3.2791730052501844 -17.19002688775205 -0.4500000000000002
    endloop
  endfacet
  facet normal 0 0 -1
    outer loop
      vertex -2.6319979048503854 -20.834408727604036 -0.4500000000000002
      vertex -3.2791730052501844 -17.19002688775205 -0.4500000000000002
      vertex -2.193331587375321 -17.362007273003364 -0.4500000000000002
    endloop
  endfacet
  facet normal 0 0 -1
    outer loop
      vertex -1.318600910115589 -20.958561296993704 -0.4500000000000002
      vertex -2.193331587375321 -17.362007273003364 -0.4500000000000002
      vertex -1.0988340917629908 -17.465467747494753 -0.4500000000000002
    endloop
  endfacet
  facet normal 0 0 -1
    outer loop
      vertex -1.0988340917629908 -17.465467747494753 -0.4500000000000002
      vertex 0 -17.5 -0.4500000000000002
      vertex 0 -21 -0.4500000000000002
    endloop
  endfacet
  facet normal 0.9995065603657315 -0.03141075907812755 0
    outer loop
      vertex -20.958561296993704 1.318600910115579 -0.4500000000000002
      vertex -21 0 -10
      vertex -20.958561296993704 1.318600910115579 -10
    endloop
  endfacet
  facet normal 0.99556196460308 -0.09410831331851444 0
    outer loop
      vertex -20.834408727604036 2.6319979048503854 -0.4500000000000002
      vertex -20.958561296993704 1.318600910115579 -10
      vertex -20.834408727604036 2.6319979048503854 -10
    endloop
  endfacet
  facet normal 0.9876883405951377 -0.156434465040231 0
    outer loop
      vertex -20.628032265302462 3.9350076063002213 -0.4500000000000002
      vertex -20.834408727604036 2.6319979048503854 -10
      vertex -20.628032265302462 3.9350076063002213 -10
    endloop
  endfacet
  facet normal 0.9759167619387471 -0.21814324139654334 0
    outer loop
      vertex -20.340246383701253 5.222487630461952 -0.4500000000000002
      vertex -20.628032265302462 3.9350076063002213 -10
      vertex -20.340246383701253 5.222487630461952 -10
    endloop
  endfacet
  facet normal 0.9602936856769427 -0.27899110603923044 0
    outer loop
      vertex -19.972186842198223 6.489356881873896 -0.4500000000000002
      vertex -20.340246383701253 5.222487630461952 -10
      vertex -19.972186842198223 6.489356881873896 -10
    endloop
  endfacet
  facet normal 0.9408807689542258 -0.3387379202452903 0
    outer loop
      vertex -19.52530620365328 7.730615606378235 -0.4500000000000002
      vertex -19.972186842198223 6.489356881873896 -10
      vertex -19.52530620365328 7.730615606378235 -10
    endloop
  endfacet
  facet normal 0.9177546256839813 -0.39714789063478023 0
    outer loop
      vertex -19.00136810178641 8.941365122866522 -0.4500000000000002
      vertex -19.52530620365328 7.730615606378235 -10
      vertex -19.00136810178641 8.941365122866522 -10
    endloop
  endfacet
  facet normal 0.8910065241883679 -0.45399049973954697 0
    outer loop
      vertex -18.402440280921134 10.116827156136022 -0.4500000000000002
      vertex -19.00136810178641 8.941365122866522 -10
      vertex -18.402440280921134 10.116827156136022 -10
    endloop
  endfacet
  facet normal 0.8607420270039435 -0.5090414157503715 0
    outer loop
      vertex -17.730886435542313 11.252362694558933 -0.4500000000000002
      vertex -18.402440280921134 10.116827156136022 -10
      vertex -17.730886435542313 11.252362694558933 -10
    endloop
  endfacet
  facet normal 0.8270805742745619 -0.5620833778521305 0
    outer loop
      vertex -16.989356881873896 12.343490298141935 -0.4500000000000002
      vertex -17.730886435542313 11.252362694558933 -10
      vertex -16.989356881873896 12.343490298141935 -10
    endloop
  endfacet
  facet normal 0.9995065603657315 -0.03141075907812755 0
    outer loop
      vertex -21 0 -0.4500000000000002
      vertex -21 0 -10
      vertex -20.958561296993704 1.318600910115579 -0.4500000000000002
    endloop
  endfacet
  facet normal 0.99556196460308 -0.09410831331851444 0
    outer loop
      vertex -20.958561296993704 1.318600910115579 -0.4500000000000002
      vertex -20.958561296993704 1.318600910115579 -10
      vertex -20.834408727604036 2.6319979048503854 -0.4500000000000002
    endloop
  endfacet
  facet normal 0.9876883405951377 -0.156434465040231 0
    outer loop
      vertex -20.834408727604036 2.6319979048503854 -0.4500000000000002
      vertex -20.834408727604036 2.6319979048503854 -10
      vertex -20.628032265302462 3.9350076063002213 -0.4500000000000002
    endloop
  endfacet
  facet normal 0.9759167619387471 -0.21814324139654334 0
    outer loop
      vertex -20.628032265302462 3.9350076063002213 -0.4500000000000002
      vertex -20.628032265302462 3.9350076063002213 -10
      vertex -20.340246383701253 5.222487630461952 -0.4500000000000002
    endloop
  endfacet
  facet normal 0.9602936856769427 -0.27899110603923044 0
    outer loop
      vertex -20.340246383701253 5.222487630461952 -0.4500000000000002
      vertex -20.340246383701253 5.222487630461952 -10
      vertex -19.972186842198223 6.489356881873896 -0.4500000000000002
    endloop
  endfacet
  facet normal 0 0 -1
    outer loop
      vertex -20.958561296993704 -1.318600910115579 -0.4500000000000002
      vertex -21 0 -0.4500000000000002
      vertex -20.958561296993704 1.318600910115579 -0.4500000000000002
    endloop
  endfacet
  facet normal 0 0 -1
    outer loop
      vertex -20.834408727604036 -2.6319979048503854 -0.4500000000000002
      vertex -20.958561296993704 1.318600910115579 -0.4500000000000002
      vertex -20.834408727604036 2.6319979048503854 -0.4500000000000002
    endloop
  endfacet
  facet normal 0 0 -1
    outer loop
      vertex -20.628032265302462 -3.9350076063002213 -0.4500000000000002
      vertex -20.834408727604036 2.6319979048503854 -0.4500000000000002
      vertex -20.628032265302462 3.9350076063002213 -0.4500000000000002
    endloop
  endfacet
  facet normal 0 0 -1
    outer loop
      vertex -20.340246383701253 -5.222487630461952 -0.4500000000000002
      vertex -20.628032265302462 3.9350076063002213 -0.4500000000000002
      vertex -20.340246383701253 5.222487630461952 -0.4500000000000002
    endloop
  endfacet
  facet normal 0 0 -1
    outer loop
      vertex -19.972186842198223 -6.489356881873896 -0.4500000000000002
      vertex -20.340246383701253 5.222487630461952 -0.4500000000000002
      vertex -19.972186842198223 6.489356881873896 -0.4500000000000002
    endloop
  endfacet
  facet normal 0 0 -1
    outer loop
      vertex -19.52530620365328 -7.730615606378235 -0.4500000000000002
      vertex -19.972186842198223 6.489356881873896 -0.4500000000000002
      vertex -19.52530620365328 7.730615606378235 -0.4500000000000002
    endloop
  endfacet
  facet normal 0 0 -1
    outer loop
      vertex -19.00136810178641 -8.941365122866522 -0.4500000000000002
      vertex -19.52530620365328 7.730615606378235 -0.4500000000000002
      vertex -19.00136810178641 8.941365122866522 -0.4500000000000002
    endloop
  endfacet
  facet normal 0.9408807689542258 -0.3387379202452903 0
    outer loop
      vertex -19.972186842198223 6.489356881873896 -0.4500000000000002
      vertex -19.972186842198223 6.489356881873896 -10
      vertex -19.52530620365328 7.730615606378235 -0.4500000000000002
    endloop
  endfacet
  facet normal 0.9177546256839813 -0.39714789063478023 0
    outer loop
      vertex -19.52530620365328 7.730615606378235 -0.4500000000000002
      vertex -19.52530620365328 7.730615606378235 -10
      vertex -19.00136810178641 8.941365122866522 -0.4500000000000002
    endloop
  endfacet
  facet normal 0.8910065241883679 -0.45399049973954697 0
    outer loop
      vertex -19.00136810178641 8.941365122866522 -0.4500000000000002
      vertex -19.00136810178641 8.941365122866522 -10
      vertex -18.402440280921134 10.116827156136022 -0.4500000000000002
    endloop
  endfacet
  facet normal 0 0 -1
    outer loop
      vertex -17.730886435542313 -11.252362694558933 -0.4500000000000002
      vertex -17.730886435542313 11.252362694558933 -0.4500000000000002
      vertex -17.5 0 -0.4500000000000002
    endloop
  endfacet
  facet normal 0 0 -1
    outer loop
      vertex -18.402440280921134 -10.116827156136022 -0.4500000000000002
      vertex -19.00136810178641 8.941365122866522 -0.4500000000000002
      vertex -18.402440280921134 10.116827156136022 -0.4500000000000002
    endloop
  endfacet
  facet normal 0 0 -1
    outer loop
      vertex -17.730886435542313 -11.252362694558933 -0.4500000000000002
      vertex -18.402440280921134 10.116827156136022 -0.4500000000000002
      vertex -17.730886435542313 11.252362694558933 -0.4500000000000002
    endloop
  endfacet
  facet normal 0 0 -1
    outer loop
      vertex -17.5 0 -0.4500000000000002
      vertex -17.730886435542313 11.252362694558933 -0.4500000000000002
      vertex -17.465467747494753 1.0988340917629824 -0.4500000000000002
    endloop
  endfacet
  facet normal 0 0 -1
    outer loop
      vertex -17.465467747494753 1.0988340917629824 -0.4500000000000002
      vertex -17.730886435542313 11.252362694558933 -0.4500000000000002
      vertex -17.362007273003364 2.193331587375321 -0.4500000000000002
    endloop
  endfacet
  facet normal 0 0 -1
    outer loop
      vertex -17.362007273003364 2.193331587375321 -0.4500000000000002
      vertex -17.730886435542313 11.252362694558933 -0.4500000000000002
      vertex -17.19002688775205 3.2791730052501844 -0.4500000000000002
    endloop
  endfacet
  facet normal 0.8607420270039435 -0.5090414157503715 0
    outer loop
      vertex -18.402440280921134 10.116827156136022 -0.4500000000000002
      vertex -18.402440280921134 10.116827156136022 -10
      vertex -17.730886435542313 11.252362694558933 -0.4500000000000002
    endloop
  endfacet
  facet normal 0.8270805742745619 -0.5620833778521305 0
    outer loop
      vertex -17.730886435542313 11.252362694558933 -0.4500000000000002
      vertex -17.730886435542313 11.252362694558933 -10
      vertex -16.989356881873896 12.343490298141935 -0.4500000000000002
    endloop
  endfacet
  facet normal 0 0 -1
    outer loop
      vertex -17.19002688775205 3.2791730052501844 -0.4500000000000002
      vertex -17.730886435542313 11.252362694558933 -0.4500000000000002
      vertex -16.950205319751042 4.35207302538496 -0.4500000000000002
    endloop
  endfacet
  facet normal 0 0 -1
    outer loop
      vertex -16.950205319751042 4.35207302538496 -0.4500000000000002
      vertex -17.730886435542313 11.252362694558933 -0.4500000000000002
      vertex -16.989356881873896 12.343490298141935 -0.4500000000000002
    endloop
  endfacet
  facet normal 0 0 -1
    outer loop
      vertex -16.950205319751042 4.35207302538496 -0.4500000000000002
      vertex -16.989356881873896 12.343490298141935 -0.4500000000000002
      vertex -16.643489035165185 5.407797401561579 -0.4500000000000002
    endloop
  endfacet
  facet normal 0 0 -1
    outer loop
      vertex -16.643489035165185 5.407797401561579 -0.4500000000000002
      vertex -16.989356881873896 12.343490298141935 -0.4500000000000002
      vertex -16.2710885030444 6.4421796719818625 -0.4500000000000002
    endloop
  endfacet
  facet normal 0 0 -1
    outer loop
      vertex -16.2710885030444 6.4421796719818625 -0.4500000000000002
      vertex -16.989356881873896 12.343490298141935 -0.4500000000000002
      vertex -15.834473418155342 7.451137602388767 -0.4500000000000002
    endloop
  endfacet
  facet normal 0 0 -1
    outer loop
      vertex -15.834473418155342 7.451137602388767 -0.4500000000000002
      vertex -16.180778098291576 13.385903784722482 -0.4500000000000002
      vertex -15.33536690076761 8.430689296780018 -0.4500000000000002
    endloop
  endfacet
  facet normal 0 0 -1
    outer loop
      vertex -15.834473418155342 7.451137602388767 -0.4500000000000002
      vertex -16.989356881873896 12.343490298141935 -0.4500000000000002
      vertex -16.180778098291576 13.385903784722482 -0.4500000000000002
    endloop
  endfacet
  facet normal 0 0 -1
    outer loop
      vertex -15.33536690076761 8.430689296780018 -0.4500000000000002
      vertex -16.180778098291576 13.385903784722482 -0.4500000000000002
      vertex -14.775738696285261 9.376968912132444 -0.4500000000000002
    endloop
  endfacet
  facet normal 0 0 -1
    outer loop
      vertex -14.775738696285261 9.376968912132444 -0.4500000000000002
      vertex -16.180778098291576 13.385903784722482 -0.4500000000000002
      vertex -15.308341175849645 14.37548922450246 -0.4500000000000002
    endloop
  endfacet
  facet normal 0 0 -1
    outer loop
      vertex -14.775738696285261 9.376968912132444 -0.4500000000000002
      vertex -15.308341175849645 14.37548922450246 -0.4500000000000002
      vertex -14.15779740156158 10.28624191511828 -0.4500000000000002
    endloop
  endfacet
  facet normal 0 0 -1
    outer loop
      vertex -14.15779740156158 10.28624191511828 -0.4500000000000002
      vertex -14.37548922450246 15.308341175849645 -0.4500000000000002
      vertex -13.483981748576314 11.15491982060207 -0.4500000000000002
    endloop
  endfacet
  facet normal 0.7901550123756907 -0.612907053652976 0
    outer loop
      vertex -16.180778098291576 13.385903784722482 -0.4500000000000002
      vertex -16.989356881873896 12.343490298141935 -10
      vertex -16.180778098291576 13.385903784722482 -10
    endloop
  endfacet
  facet normal 0.7501110696304596 -0.6613118653236518 0
    outer loop
      vertex -15.308341175849645 14.37548922450246 -0.4500000000000002
      vertex -16.180778098291576 13.385903784722482 -10
      vertex -15.308341175849645 14.37548922450246 -10
    endloop
  endfacet
  facet normal 0.7071067811865475 -0.7071067811865475 0
    outer loop
      vertex -14.37548922450246 15.308341175849645 -0.4500000000000002
      vertex -15.308341175849645 14.37548922450246 -10
      vertex -14.37548922450246 15.308341175849645 -10
    endloop
  endfacet
  facet normal 0.6613118653236518 -0.7501110696304596 0
    outer loop
      vertex -13.385903784722482 16.180778098291576 -0.4500000000000002
      vertex -14.37548922450246 15.308341175849645 -10
      vertex -13.385903784722482 16.180778098291576 -10
    endloop
  endfacet
  facet normal 0.612907053652976 -0.7901550123756907 0
    outer loop
      vertex -12.343490298141935 16.989356881873896 -0.4500000000000002
      vertex -13.385903784722482 16.180778098291576 -10
      vertex -12.343490298141935 16.989356881873896 -10
    endloop
  endfacet
  facet normal 0.7901550123756907 -0.612907053652976 0
    outer loop
      vertex -16.989356881873896 12.343490298141935 -0.4500000000000002
      vertex -16.989356881873896 12.343490298141935 -10
      vertex -16.180778098291576 13.385903784722482 -0.4500000000000002
    endloop
  endfacet
  facet normal 0.7501110696304596 -0.6613118653236518 0
    outer loop
      vertex -16.180778098291576 13.385903784722482 -0.4500000000000002
      vertex -16.180778098291576 13.385903784722482 -10
      vertex -15.308341175849645 14.37548922450246 -0.4500000000000002
    endloop
  endfacet
  facet normal 0.7071067811865475 -0.7071067811865475 0
    outer loop
      vertex -15.308341175849645 14.37548922450246 -0.4500000000000002
      vertex -15.308341175849645 14.37548922450246 -10
      vertex -14.37548922450246 15.308341175849645 -0.4500000000000002
    endloop
  endfacet
  facet normal 0.6613118653236518 -0.7501110696304596 0
    outer loop
      vertex -14.37548922450246 15.308341175849645 -0.4500000000000002
      vertex -14.37548922450246 15.308341175849645 -10
      vertex -13.385903784722482 16.180778098291576 -0.4500000000000002
    endloop
  endfacet
  facet normal 0.612907053652976 -0.7901550123756907 0
    outer loop
      vertex -13.385903784722482 16.180778098291576 -0.4500000000000002
      vertex -13.385903784722482 16.180778098291576 -10
      vertex -12.343490298141935 16.989356881873896 -0.4500000000000002
    endloop
  endfacet
  facet normal 0 0 -1
    outer loop
      vertex -14.15779740156158 10.28624191511828 -0.4500000000000002
      vertex -15.308341175849645 14.37548922450246 -0.4500000000000002
      vertex -14.37548922450246 15.308341175849645 -0.4500000000000002
    endloop
  endfacet
  facet normal 0 0 -1
    outer loop
      vertex -13.483981748576314 11.15491982060207 -0.4500000000000002
      vertex -14.37548922450246 15.308341175849645 -0.4500000000000002
      vertex -12.756950979874704 11.97957435375205 -0.4500000000000002
    endloop
  endfacet
  facet normal 0 0 -1
    outer loop
      vertex -12.756950979874704 11.97957435375205 -0.4500000000000002
      vertex -13.385903784722482 16.180778098291576 -0.4500000000000002
      vertex -11.97957435375205 12.756950979874704 -0.4500000000000002
    endloop
  endfacet
  facet normal 0 0 -1
    outer loop
      vertex -14.37548922450246 15.308341175849645 -0.4500000000000002
      vertex -13.385903784722482 16.180778098291576 -0.4500000000000002
      vertex -12.756950979874704 11.97957435375205 -0.4500000000000002
    endloop
  endfacet
  facet normal 0 0 -1
    outer loop
      vertex -11.97957435375205 12.756950979874704 -0.4500000000000002
      vertex -13.385903784722482 16.180778098291576 -0.4500000000000002
      vertex -12.343490298141935 16.989356881873896 -0.4500000000000002
    endloop
  endfacet
  facet normal 0.5620833778521305 -0.8270805742745619 0
    outer loop
      vertex -11.252362694558933 17.730886435542313 -0.4500000000000002
      vertex -12.343490298141935 16.989356881873896 -10
      vertex -11.252362694558933 17.730886435542313 -10
    endloop
  endfacet
  facet normal 0.5090414157503704 -0.8607420270039443 0
    outer loop
      vertex -10.116827156136019 18.402440280921134 -0.4500000000000002
      vertex -11.252362694558933 17.730886435542313 -10
      vertex -10.116827156136019 18.402440280921134 -10
    endloop
  endfacet
  facet normal 0.45399049973954747 -0.8910065241883673 0
    outer loop
      vertex -8.941365122866527 19.001368101786408 -0.4500000000000002
      vertex -10.116827156136019 18.402440280921134 -10
      vertex -8.941365122866527 19.001368101786408 -10
    endloop
  endfacet
  facet normal 0.39714789063478106 -0.9177546256839809 0
    outer loop
      vertex -7.730615606378235 19.52530620365328 -0.4500000000000002
      vertex -8.941365122866527 19.001368101786408 -10
      vertex -7.730615606378235 19.52530620365328 -10
    endloop
  endfacet
  facet normal 0.3387379202452903 -0.9408807689542258 0
    outer loop
      vertex -6.489356881873896 19.972186842198223 -0.4500000000000002
      vertex -7.730615606378235 19.52530620365328 -10
      vertex -6.489356881873896 19.972186842198223 -10
    endloop
  endfacet
  facet normal 0.27899110603923044 -0.9602936856769427 0
    outer loop
      vertex -5.222487630461952 20.340246383701253 -0.4500000000000002
      vertex -6.489356881873896 19.972186842198223 -10
      vertex -5.222487630461952 20.340246383701253 -10
    endloop
  endfacet
  facet normal 0.21814324139654248 -0.9759167619387474 0
    outer loop
      vertex -3.935007606300216 20.628032265302462 -0.4500000000000002
      vertex -5.222487630461952 20.340246383701253 -10
      vertex -3.935007606300216 20.628032265302462 -10
    endloop
  endfacet
  facet normal 0.15643446504023217 -0.9876883405951374 0
    outer loop
      vertex -2.63199790485039 20.834408727604036 -0.4500000000000002
      vertex -3.935007606300216 20.628032265302462 -10
      vertex -2.63199790485039 20.834408727604036 -10
    endloop
  endfacet
  facet normal 0.0941083133185141 -0.9955619646030799 0
    outer loop
      vertex -1.318600910115579 20.958561296993704 -0.4500000000000002
      vertex -2.63199790485039 20.834408727604036 -10
      vertex -1.318600910115579 20.958561296993704 -10
    endloop
  endfacet
  facet normal 0.03141075907812755 -0.9995065603657315 0
    outer loop
      vertex 0 21 -0.4500000000000002
      vertex -1.318600910115579 20.958561296993704 -10
      vertex 0 21 -10
    endloop
  endfacet
  facet normal 0.5620833778521305 -0.8270805742745619 0
    outer loop
      vertex -12.343490298141935 16.989356881873896 -0.4500000000000002
      vertex -12.343490298141935 16.989356881873896 -10
      vertex -11.252362694558933 17.730886435542313 -0.4500000000000002
    endloop
  endfacet
  facet normal 0.5090414157503704 -0.8607420270039443 0
    outer loop
      vertex -11.252362694558933 17.730886435542313 -0.4500000000000002
      vertex -11.252362694558933 17.730886435542313 -10
      vertex -10.116827156136019 18.402440280921134 -0.4500000000000002
    endloop
  endfacet
  facet normal 0.45399049973954747 -0.8910065241883673 0
    outer loop
      vertex -10.116827156136019 18.402440280921134 -0.4500000000000002
      vertex -10.116827156136019 18.402440280921134 -10
      vertex -8.941365122866527 19.001368101786408 -0.4500000000000002
    endloop
  endfacet
  facet normal 0 0 -1
    outer loop
      vertex -11.97957435375205 12.756950979874704 -0.4500000000000002
      vertex -12.343490298141935 16.989356881873896 -0.4500000000000002
      vertex -11.15491982060207 13.483981748576314 -0.4500000000000002
    endloop
  endfacet
  facet normal 0 0 -1
    outer loop
      vertex -11.15491982060207 13.483981748576314 -0.4500000000000002
      vertex -11.252362694558933 17.730886435542313 -0.4500000000000002
      vertex -10.28624191511828 14.15779740156158 -0.4500000000000002
    endloop
  endfacet
  facet normal 0 0 -1
    outer loop
      vertex -11.252362694558933 17.730886435542313 -0.4500000000000002
      vertex -9.376968912132444 14.775738696285261 -0.4500000000000002
      vertex -10.28624191511828 14.15779740156158 -0.4500000000000002
    endloop
  endfacet
  facet normal 0 0 -1
    outer loop
      vertex -11.15491982060207 13.483981748576314 -0.4500000000000002
      vertex -12.343490298141935 16.989356881873896 -0.4500000000000002
      vertex -11.252362694558933 17.730886435542313 -0.4500000000000002
    endloop
  endfacet
  facet normal 0 0 -1
    outer loop
      vertex -11.252362694558933 17.730886435542313 -0.4500000000000002
      vertex -10.116827156136019 18.402440280921134 -0.4500000000000002
      vertex -9.376968912132444 14.775738696285261 -0.4500000000000002
    endloop
  endfacet
  facet normal 0 0 -1
    outer loop
      vertex -9.376968912132444 14.775738696285261 -0.4500000000000002
      vertex -10.116827156136019 18.402440280921134 -0.4500000000000002
      vertex -8.430689296780017 15.335366900767612 -0.4500000000000002
    endloop
  endfacet
  facet normal 0 0 -1
    outer loop
      vertex -8.430689296780017 15.335366900767612 -0.4500000000000002
      vertex -8.941365122866527 19.001368101786408 -0.4500000000000002
      vertex -7.451137602388773 15.83447341815534 -0.4500000000000002
    endloop
  endfacet
  facet normal 0 0 -1
    outer loop
      vertex -8.430689296780017 15.335366900767612 -0.4500000000000002
      vertex -10.116827156136019 18.402440280921134 -0.4500000000000002
      vertex -8.941365122866527 19.001368101786408 -0.4500000000000002
    endloop
  endfacet
  facet normal 0 0 -1
    outer loop
      vertex -8.941365122866527 19.001368101786408 -0.4500000000000002
      vertex -7.730615606378235 19.52530620365328 -0.4500000000000002
      vertex -7.451137602388773 15.83447341815534 -0.4500000000000002
    endloop
  endfacet
  facet normal 0 0 -1
    outer loop
      vertex -7.451137602388773 15.83447341815534 -0.4500000000000002
      vertex -7.730615606378235 19.52530620365328 -0.4500000000000002
      vertex -6.4421796719818625 16.2710885030444 -0.4500000000000002
    endloop
  endfacet
  facet normal 0 0 -1
    outer loop
      vertex -6.4421796719818625 16.2710885030444 -0.4500000000000002
      vertex -7.730615606378235 19.52530620365328 -0.4500000000000002
      vertex -6.489356881873896 19.972186842198223 -0.4500000000000002
    endloop
  endfacet
  facet normal 0.39714789063478106 -0.9177546256839809 0
    outer loop
      vertex -8.941365122866527 19.001368101786408 -0.4500000000000002
      vertex -8.941365122866527 19.001368101786408 -10
      vertex -7.730615606378235 19.52530620365328 -0.4500000000000002
    endloop
  endfacet
  facet normal 0.3387379202452903 -0.9408807689542258 0
    outer loop
      vertex -7.730615606378235 19.52530620365328 -0.4500000000000002
      vertex -7.730615606378235 19.52530620365328 -10
      vertex -6.489356881873896 19.972186842198223 -0.4500000000000002
    endloop
  endfacet
  facet normal 0 0 -1
    outer loop
      vertex -6.4421796719818625 16.2710885030444 -0.4500000000000002
      vertex -6.489356881873896 19.972186842198223 -0.4500000000000002
      vertex -5.407797401561579 16.643489035165185 -0.4500000000000002
    endloop
  endfacet
  facet normal 0 0 -1
    outer loop
      vertex -5.407797401561579 16.643489035165185 -0.4500000000000002
      vertex -6.489356881873896 19.972186842198223 -0.4500000000000002
      vertex -4.35207302538496 16.950205319751042 -0.4500000000000002
    endloop
  endfacet
  facet normal 0 0 -1
    outer loop
      vertex -4.35207302538496 16.950205319751042 -0.4500000000000002
      vertex -5.222487630461952 20.340246383701253 -0.4500000000000002
      vertex -3.27917300525018 17.19002688775205 -0.4500000000000002
    endloop
  endfacet
  facet normal 0 0 -1
    outer loop
      vertex -3.27917300525018 17.19002688775205 -0.4500000000000002
      vertex -3.935007606300216 20.628032265302462 -0.4500000000000002
      vertex -2.193331587375325 17.362007273003364 -0.4500000000000002
    endloop
  endfacet
  facet normal 0 0 -1
    outer loop
      vertex -2.63199790485039 20.834408727604036 -0.4500000000000002
      vertex -1.0988340917629824 17.465467747494753 -0.4500000000000002
      vertex -2.193331587375325 17.362007273003364 -0.4500000000000002
    endloop
  endfacet
  facet normal 0 0 -1
    outer loop
      vertex -1.0988340917629824 17.465467747494753 -0.4500000000000002
      vertex -1.318600910115579 20.958561296993704 -0.4500000000000002
      vertex 0 17.5 -0.4500000000000002
    endloop
  endfacet
  facet normal 0.27899110603923044 -0.9602936856769427 0
    outer loop
      vertex -6.489356881873896 19.972186842198223 -0.4500000000000002
      vertex -6.489356881873896 19.972186842198223 -10
      vertex -5.222487630461952 20.340246383701253 -0.4500000000000002
    endloop
  endfacet
  facet normal 0.21814324139654248 -0.9759167619387474 0
    outer loop
      vertex -5.222487630461952 20.340246383701253 -0.4500000000000002
      vertex -5.222487630461952 20.340246383701253 -10
      vertex -3.935007606300216 20.628032265302462 -0.4500000000000002
    endloop
  endfacet
  facet normal 0.15643446504023217 -0.9876883405951374 0
    outer loop
      vertex -3.935007606300216 20.628032265302462 -0.4500000000000002
      vertex -3.935007606300216 20.628032265302462 -10
      vertex -2.63199790485039 20.834408727604036 -0.4500000000000002
    endloop
  endfacet
  facet normal 0.0941083133185141 -0.9955619646030799 0
    outer loop
      vertex -2.63199790485039 20.834408727604036 -0.4500000000000002
      vertex -2.63199790485039 20.834408727604036 -10
      vertex -1.318600910115579 20.958561296993704 -0.4500000000000002
    endloop
  endfacet
  facet normal 0.03141075907812755 -0.9995065603657315 0
    outer loop
      vertex -1.318600910115579 20.958561296993704 -0.4500000000000002
      vertex -1.318600910115579 20.958561296993704 -10
      vertex 0 21 -0.4500000000000002
    endloop
  endfacet
  facet normal 0 0 -1
    outer loop
      vertex -6.489356881873896 19.972186842198223 -0.4500000000000002
      vertex -5.222487630461952 20.340246383701253 -0.4500000000000002
      vertex -4.35207302538496 16.950205319751042 -0.4500000000000002
    endloop
  endfacet
  facet normal 0 0 -1
    outer loop
      vertex -3.27917300525018 17.19002688775205 -0.4500000000000002
      vertex -5.222487630461952 20.340246383701253 -0.4500000000000002
      vertex -3.935007606300216 20.628032265302462 -0.4500000000000002
    endloop
  endfacet
  facet normal 0 0 -1
    outer loop
      vertex -3.935007606300216 20.628032265302462 -0.4500000000000002
      vertex -2.63199790485039 20.834408727604036 -0.4500000000000002
      vertex -2.193331587375325 17.362007273003364 -0.4500000000000002
    endloop
  endfacet
  facet normal 0 0 -1
    outer loop
      vertex -2.63199790485039 20.834408727604036 -0.4500000000000002
      vertex -1.318600910115579 20.958561296993704 -0.4500000000000002
      vertex -1.0988340917629824 17.465467747494753 -0.4500000000000002
    endloop
  endfacet
  facet normal 0 0 -1
    outer loop
      vertex -1.318600910115579 20.958561296993704 -0.4500000000000002
      vertex 0 21 -0.4500000000000002
      vertex 0 17.5 -0.4500000000000002
    endloop
  endfacet
  facet normal -0.0314107590781273 0.9995065603657315 0
    outer loop
      vertex 0 -21 -0.4500000000000002
      vertex 1.318600910115589 -20.958561296993704 -10
      vertex 0 -21 -10
    endloop
  endfacet
  facet normal -0.09410831331851514 0.9955619646030799 0
    outer loop
      vertex 1.318600910115589 -20.958561296993704 -0.4500000000000002
      vertex 2.6319979048503854 -20.834408727604036 -10
      vertex 1.318600910115589 -20.958561296993704 -10
    endloop
  endfacet
  facet normal -0.156434465040231 0.9876883405951377 0
    outer loop
      vertex 2.6319979048503854 -20.834408727604036 -0.4500000000000002
      vertex 3.9350076063002213 -20.628032265302462 -10
      vertex 2.6319979048503854 -20.834408727604036 -10
    endloop
  endfacet
  facet normal -0.2181432413965422 0.9759167619387475 0
    outer loop
      vertex 3.9350076063002213 -20.628032265302462 -0.4500000000000002
      vertex 5.222487630461943 -20.340246383701256 -10
      vertex 3.9350076063002213 -20.628032265302462 -10
    endloop
  endfacet
  facet normal -0.2789911060392311 0.9602936856769425 0
    outer loop
      vertex 5.222487630461943 -20.340246383701256 -0.4500000000000002
      vertex 6.489356881873896 -19.972186842198223 -10
      vertex 5.222487630461943 -20.340246383701256 -10
    endloop
  endfacet
  facet normal -0.3387379202452902 0.940880768954226 0
    outer loop
      vertex 6.489356881873896 -19.972186842198223 -0.4500000000000002
      vertex 7.730615606378246 -19.525306203653276 -10
      vertex 6.489356881873896 -19.972186842198223 -10
    endloop
  endfacet
  facet normal -0.39714789063478095 0.917754625683981 0
    outer loop
      vertex 7.730615606378246 -19.525306203653276 -0.4500000000000002
      vertex 8.941365122866522 -19.00136810178641 -10
      vertex 7.730615606378246 -19.525306203653276 -10
    endloop
  endfacet
  facet normal -0.45399049973954697 0.8910065241883679 0
    outer loop
      vertex 8.941365122866522 -19.00136810178641 -0.4500000000000002
      vertex 10.116827156136022 -18.402440280921134 -10
      vertex 8.941365122866522 -19.00136810178641 -10
    endloop
  endfacet
  facet normal -0.5090414157503717 0.8607420270039434 0
    outer loop
      vertex 10.116827156136022 -18.402440280921134 -0.4500000000000002
      vertex 11.25236269455892 -17.73088643554232 -10
      vertex 10.116827156136022 -18.402440280921134 -10
    endloop
  endfacet
  facet normal -0.5620833778521298 0.8270805742745624 0
    outer loop
      vertex 11.25236269455892 -17.73088643554232 -0.4500000000000002
      vertex 12.343490298141935 -16.989356881873896 -10
      vertex 11.25236269455892 -17.73088643554232 -10
    endloop
  endfacet
  facet normal -0.0314107590781273 0.9995065603657315 0
    outer loop
      vertex 0 -21 -0.4500000000000002
      vertex 1.318600910115589 -20.958561296993704 -0.4500000000000002
      vertex 1.318600910115589 -20.958561296993704 -10
    endloop
  endfacet
  facet normal -0.09410831331851514 0.9955619646030799 0
    outer loop
      vertex 1.318600910115589 -20.958561296993704 -0.4500000000000002
      vertex 2.6319979048503854 -20.834408727604036 -0.4500000000000002
      vertex 2.6319979048503854 -20.834408727604036 -10
    endloop
  endfacet
  facet normal -0.156434465040231 0.9876883405951377 0
    outer loop
      vertex 2.6319979048503854 -20.834408727604036 -0.4500000000000002
      vertex 3.9350076063002213 -20.628032265302462 -0.4500000000000002
      vertex 3.9350076063002213 -20.628032265302462 -10
    endloop
  endfacet
  facet normal -0.2181432413965422 0.9759167619387475 0
    outer loop
      vertex 3.9350076063002213 -20.628032265302462 -0.4500000000000002
      vertex 5.222487630461943 -20.340246383701256 -0.4500000000000002
      vertex 5.222487630461943 -20.340246383701256 -10
    endloop
  endfacet
  facet normal -0.2789911060392311 0.9602936856769425 0
    outer loop
      vertex 5.222487630461943 -20.340246383701256 -0.4500000000000002
      vertex 6.489356881873896 -19.972186842198223 -0.4500000000000002
      vertex 6.489356881873896 -19.972186842198223 -10
    endloop
  endfacet
  facet normal 0 0 -1
    outer loop
      vertex 0 -21 -0.4500000000000002
      vertex 0 -17.5 -0.4500000000000002
      vertex 1.318600910115589 -20.958561296993704 -0.4500000000000002
    endloop
  endfacet
  facet normal 0 0 -1
    outer loop
      vertex 1.318600910115589 -20.958561296993704 -0.4500000000000002
      vertex 1.0988340917629908 -17.465467747494753 -0.4500000000000002
      vertex 2.6319979048503854 -20.834408727604036 -0.4500000000000002
    endloop
  endfacet
  facet normal 0 0 -1
    outer loop
      vertex 2.193331587375321 -17.362007273003364 -0.4500000000000002
      vertex 3.9350076063002213 -20.628032265302462 -0.4500000000000002
      vertex 2.6319979048503854 -20.834408727604036 -0.4500000000000002
    endloop
  endfacet
  facet normal 0 0 -1
    outer loop
      vertex 3.9350076063002213 -20.628032265302462 -0.4500000000000002
      vertex 3.2791730052501844 -17.19002688775205 -0.4500000000000002
      vertex 5.222487630461943 -20.340246383701256 -0.4500000000000002
    endloop
  endfacet
  facet normal 0 0 -1
    outer loop
      vertex 5.222487630461943 -20.340246383701256 -0.4500000000000002
      vertex 4.352073025384953 -16.950205319751046 -0.4500000000000002
      vertex 6.489356881873896 -19.972186842198223 -0.4500000000000002
    endloop
  endfacet
  facet normal 0 0 -1
    outer loop
      vertex 1.318600910115589 -20.958561296993704 -0.4500000000000002
      vertex 0 -17.5 -0.4500000000000002
      vertex 1.0988340917629908 -17.465467747494753 -0.4500000000000002
    endloop
  endfacet
  facet normal 0 0 -1
    outer loop
      vertex 1.0988340917629908 -17.465467747494753 -0.4500000000000002
      vertex 2.193331587375321 -17.362007273003364 -0.4500000000000002
      vertex 2.6319979048503854 -20.834408727604036 -0.4500000000000002
    endloop
  endfacet
  facet normal 0 0 -1
    outer loop
      vertex 2.193331587375321 -17.362007273003364 -0.4500000000000002
      vertex 3.2791730052501844 -17.19002688775205 -0.4500000000000002
      vertex 3.9350076063002213 -20.628032265302462 -0.4500000000000002
    endloop
  endfacet
  facet normal 0 0 -1
    outer loop
      vertex 5.222487630461943 -20.340246383701256 -0.4500000000000002
      vertex 3.2791730052501844 -17.19002688775205 -0.4500000000000002
      vertex 4.352073025384953 -16.950205319751046 -0.4500000000000002
    endloop
  endfacet
  facet normal 0 0 -1
    outer loop
      vertex 4.352073025384953 -16.950205319751046 -0.4500000000000002
      vertex 5.407797401561579 -16.643489035165185 -0.4500000000000002
      vertex 6.489356881873896 -19.972186842198223 -0.4500000000000002
    endloop
  endfacet
  facet normal 0 0 -1
    outer loop
      vertex 6.489356881873896 -19.972186842198223 -0.4500000000000002
      vertex 5.407797401561579 -16.643489035165185 -0.4500000000000002
      vertex 6.442179671981871 -16.271088503044396 -0.4500000000000002
    endloop
  endfacet
  facet normal -0.3387379202452902 0.940880768954226 0
    outer loop
      vertex 6.489356881873896 -19.972186842198223 -0.4500000000000002
      vertex 7.730615606378246 -19.525306203653276 -0.4500000000000002
      vertex 7.730615606378246 -19.525306203653276 -10
    endloop
  endfacet
  facet normal -0.39714789063478095 0.917754625683981 0
    outer loop
      vertex 7.730615606378246 -19.525306203653276 -0.4500000000000002
      vertex 8.941365122866522 -19.00136810178641 -0.4500000000000002
      vertex 8.941365122866522 -19.00136810178641 -10
    endloop
  endfacet
  facet normal -0.45399049973954697 0.8910065241883679 0
    outer loop
      vertex 8.941365122866522 -19.00136810178641 -0.4500000000000002
      vertex 10.116827156136022 -18.402440280921134 -0.4500000000000002
      vertex 10.116827156136022 -18.402440280921134 -10
    endloop
  endfacet
  facet normal -0.5090414157503717 0.8607420270039434 0
    outer loop
      vertex 10.116827156136022 -18.402440280921134 -0.4500000000000002
      vertex 11.25236269455892 -17.73088643554232 -0.4500000000000002
      vertex 11.25236269455892 -17.73088643554232 -10
    endloop
  endfacet
  facet normal -0.5620833778521298 0.8270805742745624 0
    outer loop
      vertex 11.25236269455892 -17.73088643554232 -0.4500000000000002
      vertex 12.343490298141935 -16.989356881873896 -0.4500000000000002
      vertex 12.343490298141935 -16.989356881873896 -10
    endloop
  endfacet
  facet normal 0 0 -1
    outer loop
      vertex 6.489356881873896 -19.972186842198223 -0.4500000000000002
      vertex 6.442179671981871 -16.271088503044396 -0.4500000000000002
      vertex 7.730615606378246 -19.525306203653276 -0.4500000000000002
    endloop
  endfacet
  facet normal 0 0 -1
    outer loop
      vertex 7.730615606378246 -19.525306203653276 -0.4500000000000002
      vertex 6.442179671981871 -16.271088503044396 -0.4500000000000002
      vertex 7.451137602388767 -15.834473418155342 -0.4500000000000002
    endloop
  endfacet
  facet normal 0 0 -1
    outer loop
      vertex 7.730615606378246 -19.525306203653276 -0.4500000000000002
      vertex 7.451137602388767 -15.834473418155342 -0.4500000000000002
      vertex 8.941365122866522 -19.00136810178641 -0.4500000000000002
    endloop
  endfacet
  facet normal 0 0 -1
    outer loop
      vertex 8.941365122866522 -19.00136810178641 -0.4500000000000002
      vertex 8.430689296780018 -15.33536690076761 -0.4500000000000002
      vertex 10.116827156136022 -18.402440280921134 -0.4500000000000002
    endloop
  endfacet
  facet normal 0 0 -1
    outer loop
      vertex 7.451137602388767 -15.834473418155342 -0.4500000000000002
      vertex 8.430689296780018 -15.33536690076761 -0.4500000000000002
      vertex 8.941365122866522 -19.00136810178641 -0.4500000000000002
    endloop
  endfacet
  facet normal 0 0 -1
    outer loop
      vertex 10.116827156136022 -18.402440280921134 -0.4500000000000002
      vertex 8.430689296780018 -15.33536690076761 -0.4500000000000002
      vertex 9.376968912132433 -14.775738696285268 -0.4500000000000002
    endloop
  endfacet
  facet normal 0 0 -1
    outer loop
      vertex 10.116827156136022 -18.402440280921134 -0.4500000000000002
      vertex 9.376968912132433 -14.775738696285268 -0.4500000000000002
      vertex 11.25236269455892 -17.73088643554232 -0.4500000000000002
    endloop
  endfacet
  facet normal 0 0 -1
    outer loop
      vertex 11.25236269455892 -17.73088643554232 -0.4500000000000002
      vertex 11.154919820602075 -13.483981748576308 -0.4500000000000002
      vertex 12.343490298141935 -16.989356881873896 -0.4500000000000002
    endloop
  endfacet
  facet normal 0 0 -1
    outer loop
      vertex 9.376968912132433 -14.775738696285268 -0.4500000000000002
      vertex 10.28624191511828 -14.15779740156158 -0.4500000000000002
      vertex 11.25236269455892 -17.73088643554232 -0.4500000000000002
    endloop
  endfacet
  facet normal 0 0 -1
    outer loop
      vertex 10.28624191511828 -14.15779740156158 -0.4500000000000002
      vertex 11.154919820602075 -13.483981748576308 -0.4500000000000002
      vertex 11.25236269455892 -17.73088643554232 -0.4500000000000002
    endloop
  endfacet
  facet normal 0 0 -1
    outer loop
      vertex 12.343490298141935 -16.989356881873896 -0.4500000000000002
      vertex 11.154919820602075 -13.483981748576308 -0.4500000000000002
      vertex 11.97957435375205 -12.756950979874704 -0.4500000000000002
    endloop
  endfacet
  facet normal -0.6129070536529768 0.7901550123756902 0
    outer loop
      vertex 12.343490298141935 -16.989356881873896 -0.4500000000000002
      vertex 13.385903784722489 -16.18077809829157 -10
      vertex 12.343490298141935 -16.989356881873896 -10
    endloop
  endfacet
  facet normal -0.6613118653236515 0.7501110696304599 0
    outer loop
      vertex 13.385903784722489 -16.18077809829157 -0.4500000000000002
      vertex 14.37548922450246 -15.308341175849645 -10
      vertex 13.385903784722489 -16.18077809829157 -10
    endloop
  endfacet
  facet normal -0.7071067811865475 0.7071067811865475 0
    outer loop
      vertex 14.37548922450246 -15.308341175849645 -0.4500000000000002
      vertex 15.308341175849645 -14.37548922450246 -10
      vertex 14.37548922450246 -15.308341175849645 -10
    endloop
  endfacet
  facet normal -0.7501110696304599 0.6613118653236515 0
    outer loop
      vertex 15.308341175849645 -14.37548922450246 -0.4500000000000002
      vertex 16.18077809829157 -13.385903784722489 -10
      vertex 15.308341175849645 -14.37548922450246 -10
    endloop
  endfacet
  facet normal -0.7901550123756902 0.6129070536529768 0
    outer loop
      vertex 16.18077809829157 -13.385903784722489 -0.4500000000000002
      vertex 16.989356881873896 -12.343490298141935 -10
      vertex 16.18077809829157 -13.385903784722489 -10
    endloop
  endfacet
  facet normal -0.6129070536529768 0.7901550123756902 0
    outer loop
      vertex 12.343490298141935 -16.989356881873896 -0.4500000000000002
      vertex 13.385903784722489 -16.18077809829157 -0.4500000000000002
      vertex 13.385903784722489 -16.18077809829157 -10
    endloop
  endfacet
  facet normal -0.6613118653236515 0.7501110696304599 0
    outer loop
      vertex 13.385903784722489 -16.18077809829157 -0.4500000000000002
      vertex 14.37548922450246 -15.308341175849645 -0.4500000000000002
      vertex 14.37548922450246 -15.308341175849645 -10
    endloop
  endfacet
  facet normal -0.7071067811865475 0.7071067811865475 0
    outer loop
      vertex 14.37548922450246 -15.308341175849645 -0.4500000000000002
      vertex 15.308341175849645 -14.37548922450246 -0.4500000000000002
      vertex 15.308341175849645 -14.37548922450246 -10
    endloop
  endfacet
  facet normal -0.7501110696304599 0.6613118653236515 0
    outer loop
      vertex 15.308341175849645 -14.37548922450246 -0.4500000000000002
      vertex 16.18077809829157 -13.385903784722489 -0.4500000000000002
      vertex 16.18077809829157 -13.385903784722489 -10
    endloop
  endfacet
  facet normal -0.7901550123756902 0.6129070536529768 0
    outer loop
      vertex 16.18077809829157 -13.385903784722489 -0.4500000000000002
      vertex 16.989356881873896 -12.343490298141935 -0.4500000000000002
      vertex 16.989356881873896 -12.343490298141935 -10
    endloop
  endfacet
  facet normal 0 0 -1
    outer loop
      vertex 12.343490298141935 -16.989356881873896 -0.4500000000000002
      vertex 11.97957435375205 -12.756950979874704 -0.4500000000000002
      vertex 13.385903784722489 -16.18077809829157 -0.4500000000000002
    endloop
  endfacet
  facet normal 0 0 -1
    outer loop
      vertex 13.385903784722489 -16.18077809829157 -0.4500000000000002
      vertex 12.756950979874704 -11.97957435375205 -0.4500000000000002
      vertex 14.37548922450246 -15.308341175849645 -0.4500000000000002
    endloop
  endfacet
  facet normal 0 0 -1
    outer loop
      vertex 13.385903784722489 -16.18077809829157 -0.4500000000000002
      vertex 11.97957435375205 -12.756950979874704 -0.4500000000000002
      vertex 12.756950979874704 -11.97957435375205 -0.4500000000000002
    endloop
  endfacet
  facet normal 0 0 -1
    outer loop
      vertex 12.756950979874704 -11.97957435375205 -0.4500000000000002
      vertex 13.483981748576308 -11.154919820602075 -0.4500000000000002
      vertex 14.37548922450246 -15.308341175849645 -0.4500000000000002
    endloop
  endfacet
  facet normal 0 0 -1
    outer loop
      vertex 14.37548922450246 -15.308341175849645 -0.4500000000000002
      vertex 14.15779740156158 -10.28624191511828 -0.4500000000000002
      vertex 15.308341175849645 -14.37548922450246 -0.4500000000000002
    endloop
  endfacet
  facet normal -0.8270805742745624 0.5620833778521298 0
    outer loop
      vertex 16.989356881873896 -12.343490298141935 -0.4500000000000002
      vertex 17.73088643554232 -11.25236269455892 -10
      vertex 16.989356881873896 -12.343490298141935 -10
    endloop
  endfacet
  facet normal -0.8607420270039434 0.5090414157503717 0
    outer loop
      vertex 17.73088643554232 -11.25236269455892 -0.4500000000000002
      vertex 18.402440280921134 -10.116827156136022 -10
      vertex 17.73088643554232 -11.25236269455892 -10
    endloop
  endfacet
  facet normal -0.8910065241883679 0.45399049973954697 0
    outer loop
      vertex 18.402440280921134 -10.116827156136022 -0.4500000000000002
      vertex 19.00136810178641 -8.941365122866522 -10
      vertex 18.402440280921134 -10.116827156136022 -10
    endloop
  endfacet
  facet normal -0.917754625683981 0.39714789063478095 0
    outer loop
      vertex 19.00136810178641 -8.941365122866522 -0.4500000000000002
      vertex 19.525306203653276 -7.730615606378246 -10
      vertex 19.00136810178641 -8.941365122866522 -10
    endloop
  endfacet
  facet normal -0.940880768954226 0.3387379202452902 0
    outer loop
      vertex 19.525306203653276 -7.730615606378246 -0.4500000000000002
      vertex 19.972186842198223 -6.489356881873896 -10
      vertex 19.525306203653276 -7.730615606378246 -10
    endloop
  endfacet
  facet normal -0.9602936856769425 0.2789911060392311 0
    outer loop
      vertex 19.972186842198223 -6.489356881873896 -0.4500000000000002
      vertex 20.340246383701256 -5.222487630461943 -10
      vertex 19.972186842198223 -6.489356881873896 -10
    endloop
  endfacet
  facet normal -0.9759167619387475 0.2181432413965422 0
    outer loop
      vertex 20.340246383701256 -5.222487630461943 -0.4500000000000002
      vertex 20.628032265302462 -3.9350076063002213 -10
      vertex 20.340246383701256 -5.222487630461943 -10
    endloop
  endfacet
  facet normal -0.9876883405951377 0.156434465040231 0
    outer loop
      vertex 20.628032265302462 -3.9350076063002213 -0.4500000000000002
      vertex 20.834408727604036 -2.6319979048503854 -10
      vertex 20.628032265302462 -3.9350076063002213 -10
    endloop
  endfacet
  facet normal -0.9955619646030799 0.09410831331851514 0
    outer loop
      vertex 20.834408727604036 -2.6319979048503854 -0.4500000000000002
      vertex 20.958561296993704 -1.318600910115589 -10
      vertex 20.834408727604036 -2.6319979048503854 -10
    endloop
  endfacet
  facet normal -0.9995065603657315 0.0314107590781273 0
    outer loop
      vertex 20.958561296993704 -1.318600910115589 -0.4500000000000002
      vertex 21 0 -10
      vertex 20.958561296993704 -1.318600910115589 -10
    endloop
  endfacet
  facet normal -0.8270805742745624 0.5620833778521298 0
    outer loop
      vertex 16.989356881873896 -12.343490298141935 -0.4500000000000002
      vertex 17.73088643554232 -11.25236269455892 -0.4500000000000002
      vertex 17.73088643554232 -11.25236269455892 -10
    endloop
  endfacet
  facet normal -0.8607420270039434 0.5090414157503717 0
    outer loop
      vertex 17.73088643554232 -11.25236269455892 -0.4500000000000002
      vertex 18.402440280921134 -10.116827156136022 -0.4500000000000002
      vertex 18.402440280921134 -10.116827156136022 -10
    endloop
  endfacet
  facet normal 0 0 -1
    outer loop
      vertex 14.37548922450246 -15.308341175849645 -0.4500000000000002
      vertex 13.483981748576308 -11.154919820602075 -0.4500000000000002
      vertex 14.15779740156158 -10.28624191511828 -0.4500000000000002
    endloop
  endfacet
  facet normal 0 0 -1
    outer loop
      vertex 15.308341175849645 -14.37548922450246 -0.4500000000000002
      vertex 14.15779740156158 -10.28624191511828 -0.4500000000000002
      vertex 14.775738696285268 -9.376968912132433 -0.4500000000000002
    endloop
  endfacet
  facet normal 0 0 -1
    outer loop
      vertex 15.308341175849645 -14.37548922450246 -0.4500000000000002
      vertex 14.775738696285268 -9.376968912132433 -0.4500000000000002
      vertex 16.18077809829157 -13.385903784722489 -0.4500000000000002
    endloop
  endfacet
  facet normal 0 0 -1
    outer loop
      vertex 16.18077809829157 -13.385903784722489 -0.4500000000000002
      vertex 14.775738696285268 -9.376968912132433 -0.4500000000000002
      vertex 15.33536690076761 -8.430689296780018 -0.4500000000000002
    endloop
  endfacet
  facet normal 0 0 -1
    outer loop
      vertex 16.18077809829157 -13.385903784722489 -0.4500000000000002
      vertex 15.834473418155342 -7.451137602388767 -0.4500000000000002
      vertex 16.989356881873896 -12.343490298141935 -0.4500000000000002
    endloop
  endfacet
  facet normal 0 0 -1
    outer loop
      vertex 16.18077809829157 -13.385903784722489 -0.4500000000000002
      vertex 15.33536690076761 -8.430689296780018 -0.4500000000000002
      vertex 15.834473418155342 -7.451137602388767 -0.4500000000000002
    endloop
  endfacet
  facet normal 0 0 -1
    outer loop
      vertex 16.989356881873896 -12.343490298141935 -0.4500000000000002
      vertex 15.834473418155342 -7.451137602388767 -0.4500000000000002
      vertex 16.271088503044396 -6.442179671981871 -0.4500000000000002
    endloop
  endfacet
  facet normal 0 0 -1
    outer loop
      vertex 16.989356881873896 -12.343490298141935 -0.4500000000000002
      vertex 16.271088503044396 -6.442179671981871 -0.4500000000000002
      vertex 16.643489035165185 -5.407797401561579 -0.4500000000000002
    endloop
  endfacet
  facet normal 0 0 -1
    outer loop
      vertex 16.989356881873896 -12.343490298141935 -0.4500000000000002
      vertex 16.643489035165185 -5.407797401561579 -0.4500000000000002
      vertex 16.950205319751046 -4.352073025384953 -0.4500000000000002
    endloop
  endfacet
  facet normal 0 0 -1
    outer loop
      vertex 16.989356881873896 -12.343490298141935 -0.4500000000000002
      vertex 16.950205319751046 -4.352073025384953 -0.4500000000000002
      vertex 17.73088643554232 -11.25236269455892 -0.4500000000000002
    endloop
  endfacet
  facet normal 0 0 -1
    outer loop
      vertex 17.73088643554232 -11.25236269455892 -0.4500000000000002
      vertex 16.950205319751046 -4.352073025384953 -0.4500000000000002
      vertex 17.19002688775205 -3.2791730052501844 -0.4500000000000002
    endloop
  endfacet
  facet normal 0 0 -1
    outer loop
      vertex 17.73088643554232 -11.25236269455892 -0.4500000000000002
      vertex 17.19002688775205 -3.2791730052501844 -0.4500000000000002
      vertex 17.362007273003364 -2.193331587375321 -0.4500000000000002
    endloop
  endfacet
  facet normal 0 0 -1
    outer loop
      vertex 17.73088643554232 -11.25236269455892 -0.4500000000000002
      vertex 17.362007273003364 -2.193331587375321 -0.4500000000000002
      vertex 17.465467747494753 -1.0988340917629908 -0.4500000000000002
    endloop
  endfacet
  facet normal 0 0 -1
    outer loop
      vertex 17.73088643554232 -11.25236269455892 -0.4500000000000002
      vertex 17.465467747494753 -1.0988340917629908 -0.4500000000000002
      vertex 17.5 0 -0.4500000000000002
    endloop
  endfacet
  facet normal 0 0 -1
    outer loop
      vertex 17.73088643554232 -11.25236269455892 -0.4500000000000002
      vertex 17.730886435542317 11.25236269455893 -0.4500000000000002
      vertex 18.402440280921134 -10.116827156136022 -0.4500000000000002
    endloop
  endfacet
  facet normal 0 0 -1
    outer loop
      vertex 18.402440280921134 -10.116827156136022 -0.4500000000000002
      vertex 18.402440280921134 10.116827156136022 -0.4500000000000002
      vertex 19.00136810178641 -8.941365122866522 -0.4500000000000002
    endloop
  endfacet
  facet normal -0.8910065241883679 0.45399049973954697 0
    outer loop
      vertex 18.402440280921134 -10.116827156136022 -0.4500000000000002
      vertex 19.00136810178641 -8.941365122866522 -0.4500000000000002
      vertex 19.00136810178641 -8.941365122866522 -10
    endloop
  endfacet
  facet normal -0.917754625683981 0.39714789063478095 0
    outer loop
      vertex 19.00136810178641 -8.941365122866522 -0.4500000000000002
      vertex 19.525306203653276 -7.730615606378246 -0.4500000000000002
      vertex 19.525306203653276 -7.730615606378246 -10
    endloop
  endfacet
  facet normal -0.940880768954226 0.3387379202452902 0
    outer loop
      vertex 19.525306203653276 -7.730615606378246 -0.4500000000000002
      vertex 19.972186842198223 -6.489356881873896 -0.4500000000000002
      vertex 19.972186842198223 -6.489356881873896 -10
    endloop
  endfacet
  facet normal -0.9602936856769425 0.2789911060392311 0
    outer loop
      vertex 19.972186842198223 -6.489356881873896 -0.4500000000000002
      vertex 20.340246383701256 -5.222487630461943 -0.4500000000000002
      vertex 20.340246383701256 -5.222487630461943 -10
    endloop
  endfacet
  facet normal -0.9759167619387475 0.2181432413965422 0
    outer loop
      vertex 20.340246383701256 -5.222487630461943 -0.4500000000000002
      vertex 20.628032265302462 -3.9350076063002213 -0.4500000000000002
      vertex 20.628032265302462 -3.9350076063002213 -10
    endloop
  endfacet
  facet normal -0.9876883405951377 0.156434465040231 0
    outer loop
      vertex 20.628032265302462 -3.9350076063002213 -0.4500000000000002
      vertex 20.834408727604036 -2.6319979048503854 -0.4500000000000002
      vertex 20.834408727604036 -2.6319979048503854 -10
    endloop
  endfacet
  facet normal -0.9955619646030799 0.09410831331851514 0
    outer loop
      vertex 20.834408727604036 -2.6319979048503854 -0.4500000000000002
      vertex 20.958561296993704 -1.318600910115589 -0.4500000000000002
      vertex 20.958561296993704 -1.318600910115589 -10
    endloop
  endfacet
  facet normal -0.9995065603657315 0.0314107590781273 0
    outer loop
      vertex 20.958561296993704 -1.318600910115589 -0.4500000000000002
      vertex 21 0 -0.4500000000000002
      vertex 21 0 -10
    endloop
  endfacet
  facet normal 0 0 -1
    outer loop
      vertex 19.00136810178641 -8.941365122866522 -0.4500000000000002
      vertex 19.00136810178641 8.941365122866525 -0.4500000000000002
      vertex 19.525306203653276 -7.730615606378246 -0.4500000000000002
    endloop
  endfacet
  facet normal 0 0 -1
    outer loop
      vertex 19.525306203653276 -7.730615606378246 -0.4500000000000002
      vertex 19.52530620365328 7.730615606378238 -0.4500000000000002
      vertex 19.972186842198223 -6.489356881873896 -0.4500000000000002
    endloop
  endfacet
  facet normal 0 0 -1
    outer loop
      vertex 19.972186842198223 -6.489356881873896 -0.4500000000000002
      vertex 19.972186842198223 6.489356881873896 -0.4500000000000002
      vertex 20.340246383701256 -5.222487630461943 -0.4500000000000002
    endloop
  endfacet
  facet normal 0 0 -1
    outer loop
      vertex 20.340246383701256 -5.222487630461943 -0.4500000000000002
      vertex 20.340246383701253 5.22248763046195 -0.4500000000000002
      vertex 20.628032265302462 -3.9350076063002213 -0.4500000000000002
    endloop
  endfacet
  facet normal 0 0 -1
    outer loop
      vertex 20.628032265302462 -3.9350076063002213 -0.4500000000000002
      vertex 20.628032265302462 3.9350076063002173 -0.4500000000000002
      vertex 20.834408727604036 -2.6319979048503854 -0.4500000000000002
    endloop
  endfacet
  facet normal 0 0 -1
    outer loop
      vertex 20.834408727604036 -2.6319979048503854 -0.4500000000000002
      vertex 20.834408727604036 2.6319979048503894 -0.4500000000000002
      vertex 20.958561296993704 -1.318600910115589 -0.4500000000000002
    endloop
  endfacet
  facet normal 0 0 -1
    outer loop
      vertex 20.958561296993704 -1.318600910115589 -0.4500000000000002
      vertex 20.958561296993704 1.318600910115581 -0.4500000000000002
      vertex 21 0 -0.4500000000000002
    endloop
  endfacet
  facet normal -0.03141075907812755 -0.9995065603657315 0
    outer loop
      vertex 1.318600910115579 20.958561296993704 -0.4500000000000002
      vertex 0 21 -10
      vertex 1.318600910115579 20.958561296993704 -10
    endloop
  endfacet
  facet normal -0.0941083133185141 -0.9955619646030799 0
    outer loop
      vertex 2.63199790485039 20.834408727604036 -0.4500000000000002
      vertex 1.318600910115579 20.958561296993704 -10
      vertex 2.63199790485039 20.834408727604036 -10
    endloop
  endfacet
  facet normal -0.15643446504023217 -0.9876883405951374 0
    outer loop
      vertex 3.935007606300216 20.628032265302462 -0.4500000000000002
      vertex 2.63199790485039 20.834408727604036 -10
      vertex 3.935007606300216 20.628032265302462 -10
    endloop
  endfacet
  facet normal -0.27899110603923044 -0.9602936856769427 0
    outer loop
      vertex 6.489356881873896 19.972186842198223 -0.4500000000000002
      vertex 5.222487630461952 20.340246383701253 -10
      vertex 6.489356881873896 19.972186842198223 -10
    endloop
  endfacet
  facet normal -0.21814324139654248 -0.9759167619387474 0
    outer loop
      vertex 5.222487630461952 20.340246383701253 -0.4500000000000002
      vertex 3.935007606300216 20.628032265302462 -10
      vertex 5.222487630461952 20.340246383701253 -10
    endloop
  endfacet
  facet normal -0.45399049973954747 -0.8910065241883673 0
    outer loop
      vertex 10.116827156136019 18.402440280921134 -0.4500000000000002
      vertex 8.941365122866527 19.001368101786408 -10
      vertex 10.116827156136019 18.402440280921134 -10
    endloop
  endfacet
  facet normal -0.5090414157503695 -0.8607420270039448 0
    outer loop
      vertex 11.25236269455893 17.730886435542317 -0.4500000000000002
      vertex 10.116827156136019 18.402440280921134 -10
      vertex 11.25236269455893 17.730886435542317 -10
    endloop
  endfacet
  facet normal -0.5620833778521311 -0.8270805742745615 0
    outer loop
      vertex 12.343490298141935 16.989356881873896 -0.4500000000000002
      vertex 11.25236269455893 17.730886435542317 -10
      vertex 12.343490298141935 16.989356881873896 -10
    endloop
  endfacet
  facet normal -0.3387379202452903 -0.9408807689542258 0
    outer loop
      vertex 7.730615606378235 19.52530620365328 -0.4500000000000002
      vertex 6.489356881873896 19.972186842198223 -10
      vertex 7.730615606378235 19.52530620365328 -10
    endloop
  endfacet
  facet normal -0.39714789063478106 -0.9177546256839809 0
    outer loop
      vertex 8.941365122866527 19.001368101786408 -0.4500000000000002
      vertex 7.730615606378235 19.52530620365328 -10
      vertex 8.941365122866527 19.001368101786408 -10
    endloop
  endfacet
  facet normal 0 0 -1
    outer loop
      vertex 0 17.5 -0.4500000000000002
      vertex 0 21 -0.4500000000000002
      vertex 1.0988340917629824 17.465467747494753 -0.4500000000000002
    endloop
  endfacet
  facet normal 0 0 -1
    outer loop
      vertex 1.0988340917629824 17.465467747494753 -0.4500000000000002
      vertex 1.318600910115579 20.958561296993704 -0.4500000000000002
      vertex 2.193331587375325 17.362007273003364 -0.4500000000000002
    endloop
  endfacet
  facet normal 0 0 -1
    outer loop
      vertex 2.193331587375325 17.362007273003364 -0.4500000000000002
      vertex 2.63199790485039 20.834408727604036 -0.4500000000000002
      vertex 3.27917300525018 17.19002688775205 -0.4500000000000002
    endloop
  endfacet
  facet normal 0 0 -1
    outer loop
      vertex 3.27917300525018 17.19002688775205 -0.4500000000000002
      vertex 3.935007606300216 20.628032265302462 -0.4500000000000002
      vertex 4.35207302538496 16.950205319751042 -0.4500000000000002
    endloop
  endfacet
  facet normal 0 0 -1
    outer loop
      vertex 4.35207302538496 16.950205319751042 -0.4500000000000002
      vertex 5.222487630461952 20.340246383701253 -0.4500000000000002
      vertex 5.407797401561579 16.643489035165185 -0.4500000000000002
    endloop
  endfacet
  facet normal 0 0 -1
    outer loop
      vertex 5.407797401561579 16.643489035165185 -0.4500000000000002
      vertex 6.489356881873896 19.972186842198223 -0.4500000000000002
      vertex 6.4421796719818625 16.2710885030444 -0.4500000000000002
    endloop
  endfacet
  facet normal -0.03141075907812755 -0.9995065603657315 0
    outer loop
      vertex 0 21 -0.4500000000000002
      vertex 0 21 -10
      vertex 1.318600910115579 20.958561296993704 -0.4500000000000002
    endloop
  endfacet
  facet normal -0.0941083133185141 -0.9955619646030799 0
    outer loop
      vertex 1.318600910115579 20.958561296993704 -0.4500000000000002
      vertex 1.318600910115579 20.958561296993704 -10
      vertex 2.63199790485039 20.834408727604036 -0.4500000000000002
    endloop
  endfacet
  facet normal -0.15643446504023217 -0.9876883405951374 0
    outer loop
      vertex 2.63199790485039 20.834408727604036 -0.4500000000000002
      vertex 2.63199790485039 20.834408727604036 -10
      vertex 3.935007606300216 20.628032265302462 -0.4500000000000002
    endloop
  endfacet
  facet normal -0.21814324139654248 -0.9759167619387474 0
    outer loop
      vertex 3.935007606300216 20.628032265302462 -0.4500000000000002
      vertex 3.935007606300216 20.628032265302462 -10
      vertex 5.222487630461952 20.340246383701253 -0.4500000000000002
    endloop
  endfacet
  facet normal -0.27899110603923044 -0.9602936856769427 0
    outer loop
      vertex 5.222487630461952 20.340246383701253 -0.4500000000000002
      vertex 5.222487630461952 20.340246383701253 -10
      vertex 6.489356881873896 19.972186842198223 -0.4500000000000002
    endloop
  endfacet
  facet normal 0 0 -1
    outer loop
      vertex 1.0988340917629824 17.465467747494753 -0.4500000000000002
      vertex 0 21 -0.4500000000000002
      vertex 1.318600910115579 20.958561296993704 -0.4500000000000002
    endloop
  endfacet
  facet normal 0 0 -1
    outer loop
      vertex 2.193331587375325 17.362007273003364 -0.4500000000000002
      vertex 1.318600910115579 20.958561296993704 -0.4500000000000002
      vertex 2.63199790485039 20.834408727604036 -0.4500000000000002
    endloop
  endfacet
  facet normal 0 0 -1
    outer loop
      vertex 3.27917300525018 17.19002688775205 -0.4500000000000002
      vertex 2.63199790485039 20.834408727604036 -0.4500000000000002
      vertex 3.935007606300216 20.628032265302462 -0.4500000000000002
    endloop
  endfacet
  facet normal 0 0 -1
    outer loop
      vertex 4.35207302538496 16.950205319751042 -0.4500000000000002
      vertex 3.935007606300216 20.628032265302462 -0.4500000000000002
      vertex 5.222487630461952 20.340246383701253 -0.4500000000000002
    endloop
  endfacet
  facet normal 0 0 -1
    outer loop
      vertex 5.222487630461952 20.340246383701253 -0.4500000000000002
      vertex 6.489356881873896 19.972186842198223 -0.4500000000000002
      vertex 5.407797401561579 16.643489035165185 -0.4500000000000002
    endloop
  endfacet
  facet normal -0.5090414157503695 -0.8607420270039448 0
    outer loop
      vertex 10.116827156136019 18.402440280921134 -0.4500000000000002
      vertex 10.116827156136019 18.402440280921134 -10
      vertex 11.25236269455893 17.730886435542317 -0.4500000000000002
    endloop
  endfacet
  facet normal -0.5620833778521311 -0.8270805742745615 0
    outer loop
      vertex 11.25236269455893 17.730886435542317 -0.4500000000000002
      vertex 11.25236269455893 17.730886435542317 -10
      vertex 12.343490298141935 16.989356881873896 -0.4500000000000002
    endloop
  endfacet
  facet normal 0 0 -1
    outer loop
      vertex 6.4421796719818625 16.2710885030444 -0.4500000000000002
      vertex 6.489356881873896 19.972186842198223 -0.4500000000000002
      vertex 7.451137602388773 15.83447341815534 -0.4500000000000002
    endloop
  endfacet
  facet normal 0 0 -1
    outer loop
      vertex 7.451137602388773 15.83447341815534 -0.4500000000000002
      vertex 6.489356881873896 19.972186842198223 -0.4500000000000002
      vertex 7.730615606378235 19.52530620365328 -0.4500000000000002
    endloop
  endfacet
  facet normal 0 0 -1
    outer loop
      vertex 8.430689296780017 15.335366900767612 -0.4500000000000002
      vertex 7.451137602388773 15.83447341815534 -0.4500000000000002
      vertex 7.730615606378235 19.52530620365328 -0.4500000000000002
    endloop
  endfacet
  facet normal 0 0 -1
    outer loop
      vertex 8.430689296780017 15.335366900767612 -0.4500000000000002
      vertex 8.941365122866527 19.001368101786408 -0.4500000000000002
      vertex 9.376968912132442 14.775738696285265 -0.4500000000000002
    endloop
  endfacet
  facet normal 0 0 -1
    outer loop
      vertex 8.430689296780017 15.335366900767612 -0.4500000000000002
      vertex 7.730615606378235 19.52530620365328 -0.4500000000000002
      vertex 8.941365122866527 19.001368101786408 -0.4500000000000002
    endloop
  endfacet
  facet normal 0 0 -1
    outer loop
      vertex 10.28624191511828 14.15779740156158 -0.4500000000000002
      vertex 11.25236269455893 17.730886435542317 -0.4500000000000002
      vertex 11.154919820602071 13.48398174857631 -0.4500000000000002
    endloop
  endfacet
  facet normal 0 0 -1
    outer loop
      vertex 11.979574353752053 12.756950979874702 -0.4500000000000002
      vertex 12.343490298141935 16.989356881873896 -0.4500000000000002
      vertex 12.756950979874702 11.979574353752053 -0.4500000000000002
    endloop
  endfacet
  facet normal 0 0 -1
    outer loop
      vertex 11.979574353752053 12.756950979874702 -0.4500000000000002
      vertex 11.154919820602071 13.48398174857631 -0.4500000000000002
      vertex 11.25236269455893 17.730886435542317 -0.4500000000000002
    endloop
  endfacet
  facet normal 0 0 -1
    outer loop
      vertex 10.28624191511828 14.15779740156158 -0.4500000000000002
      vertex 9.376968912132442 14.775738696285265 -0.4500000000000002
      vertex 10.116827156136019 18.402440280921134 -0.4500000000000002
    endloop
  endfacet
  facet normal 0 0 -1
    outer loop
      vertex 10.28624191511828 14.15779740156158 -0.4500000000000002
      vertex 10.116827156136019 18.402440280921134 -0.4500000000000002
      vertex 11.25236269455893 17.730886435542317 -0.4500000000000002
    endloop
  endfacet
  facet normal 0 0 -1
    outer loop
      vertex 9.376968912132442 14.775738696285265 -0.4500000000000002
      vertex 8.941365122866527 19.001368101786408 -0.4500000000000002
      vertex 10.116827156136019 18.402440280921134 -0.4500000000000002
    endloop
  endfacet
  facet normal 0 0 -1
    outer loop
      vertex 11.979574353752053 12.756950979874702 -0.4500000000000002
      vertex 11.25236269455893 17.730886435542317 -0.4500000000000002
      vertex 12.343490298141935 16.989356881873896 -0.4500000000000002
    endloop
  endfacet
  facet normal -0.3387379202452903 -0.9408807689542258 0
    outer loop
      vertex 6.489356881873896 19.972186842198223 -0.4500000000000002
      vertex 6.489356881873896 19.972186842198223 -10
      vertex 7.730615606378235 19.52530620365328 -0.4500000000000002
    endloop
  endfacet
  facet normal -0.39714789063478106 -0.9177546256839809 0
    outer loop
      vertex 7.730615606378235 19.52530620365328 -0.4500000000000002
      vertex 7.730615606378235 19.52530620365328 -10
      vertex 8.941365122866527 19.001368101786408 -0.4500000000000002
    endloop
  endfacet
  facet normal -0.45399049973954747 -0.8910065241883673 0
    outer loop
      vertex 8.941365122866527 19.001368101786408 -0.4500000000000002
      vertex 8.941365122866527 19.001368101786408 -10
      vertex 10.116827156136019 18.402440280921134 -0.4500000000000002
    endloop
  endfacet
  facet normal -0.860742027003944 -0.5090414157503708 0
    outer loop
      vertex 18.402440280921134 10.116827156136022 -0.4500000000000002
      vertex 17.730886435542317 11.25236269455893 -10
      vertex 18.402440280921134 10.116827156136022 -10
    endloop
  endfacet
  facet normal -0.8270805742745615 -0.5620833778521311 0
    outer loop
      vertex 17.730886435542317 11.25236269455893 -0.4500000000000002
      vertex 16.989356881873896 12.343490298141935 -10
      vertex 17.730886435542317 11.25236269455893 -10
    endloop
  endfacet
  facet normal -0.9995065603657315 -0.031410759078127494 0
    outer loop
      vertex 21 0 -0.4500000000000002
      vertex 20.958561296993704 1.318600910115581 -10
      vertex 21 0 -10
    endloop
  endfacet
  facet normal -0.9955619646030799 -0.09410831331851427 0
    outer loop
      vertex 20.958561296993704 1.318600910115581 -0.4500000000000002
      vertex 20.834408727604036 2.6319979048503894 -10
      vertex 20.958561296993704 1.318600910115581 -10
    endloop
  endfacet
  facet normal -0.9876883405951375 -0.15643446504023195 0
    outer loop
      vertex 20.834408727604036 2.6319979048503894 -0.4500000000000002
      vertex 20.628032265302462 3.9350076063002173 -10
      vertex 20.834408727604036 2.6319979048503894 -10
    endloop
  endfacet
  facet normal -0.9602936856769427 -0.2789911060392301 0
    outer loop
      vertex 20.340246383701253 5.22248763046195 -0.4500000000000002
      vertex 19.972186842198223 6.489356881873896 -10
      vertex 20.340246383701253 5.22248763046195 -10
    endloop
  endfacet
  facet normal -0.9759167619387473 -0.218143241396543 0
    outer loop
      vertex 20.628032265302462 3.9350076063002173 -0.4500000000000002
      vertex 20.340246383701253 5.22248763046195 -10
      vertex 20.628032265302462 3.9350076063002173 -10
    endloop
  endfacet
  facet normal -0.9408807689542261 -0.33873792024528976 0
    outer loop
      vertex 19.972186842198223 6.489356881873896 -0.4500000000000002
      vertex 19.52530620365328 7.730615606378238 -10
      vertex 19.972186842198223 6.489356881873896 -10
    endloop
  endfacet
  facet normal -0.9177546256839815 -0.39714789063478 0
    outer loop
      vertex 19.52530620365328 7.730615606378238 -0.4500000000000002
      vertex 19.00136810178641 8.941365122866525 -10
      vertex 19.52530620365328 7.730615606378238 -10
    endloop
  endfacet
  facet normal -0.8910065241883672 -0.45399049973954797 0
    outer loop
      vertex 19.00136810178641 8.941365122866525 -0.4500000000000002
      vertex 18.402440280921134 10.116827156136022 -10
      vertex 19.00136810178641 8.941365122866525 -10
    endloop
  endfacet
  facet normal 0 0 -1
    outer loop
      vertex 17.73088643554232 -11.25236269455892 -0.4500000000000002
      vertex 17.5 0 -0.4500000000000002
      vertex 17.730886435542317 11.25236269455893 -0.4500000000000002
    endloop
  endfacet
  facet normal 0 0 -1
    outer loop
      vertex 17.362007273003364 2.1933315873753245 -0.4500000000000002
      vertex 17.19002688775205 3.279173005250181 -0.4500000000000002
      vertex 16.989356881873896 12.343490298141935 -0.4500000000000002
    endloop
  endfacet
  facet normal 0 0 -1
    outer loop
      vertex 17.5 0 -0.4500000000000002
      vertex 17.465467747494753 1.098834091762984 -0.4500000000000002
      vertex 17.730886435542317 11.25236269455893 -0.4500000000000002
    endloop
  endfacet
  facet normal 0 0 -1
    outer loop
      vertex 18.402440280921134 -10.116827156136022 -0.4500000000000002
      vertex 17.730886435542317 11.25236269455893 -0.4500000000000002
      vertex 18.402440280921134 10.116827156136022 -0.4500000000000002
    endloop
  endfacet
  facet normal 0 0 -1
    outer loop
      vertex 17.465467747494753 1.098834091762984 -0.4500000000000002
      vertex 17.362007273003364 2.1933315873753245 -0.4500000000000002
      vertex 17.730886435542317 11.25236269455893 -0.4500000000000002
    endloop
  endfacet
  facet normal -0.860742027003944 -0.5090414157503708 0
    outer loop
      vertex 18.402440280921134 10.116827156136022 -0.4500000000000002
      vertex 17.730886435542317 11.25236269455893 -0.4500000000000002
      vertex 17.730886435542317 11.25236269455893 -10
    endloop
  endfacet
  facet normal -0.8910065241883672 -0.45399049973954797 0
    outer loop
      vertex 19.00136810178641 8.941365122866525 -0.4500000000000002
      vertex 18.402440280921134 10.116827156136022 -0.4500000000000002
      vertex 18.402440280921134 10.116827156136022 -10
    endloop
  endfacet
  facet normal -0.8270805742745615 -0.5620833778521311 0
    outer loop
      vertex 16.989356881873896 12.343490298141935 -0.4500000000000002
      vertex 16.989356881873896 12.343490298141935 -10
      vertex 17.730886435542317 11.25236269455893 -0.4500000000000002
    endloop
  endfacet
  facet normal 0 0 -1
    outer loop
      vertex 15.335366900767612 8.430689296780018 -0.4500000000000002
      vertex 15.308341175849643 14.375489224502463 -0.4500000000000002
      vertex 15.834473418155342 7.451137602388772 -0.4500000000000002
    endloop
  endfacet
  facet normal 0 0 -1
    outer loop
      vertex 15.335366900767612 8.430689296780018 -0.4500000000000002
      vertex 14.775738696285265 9.376968912132442 -0.4500000000000002
      vertex 15.308341175849643 14.375489224502463 -0.4500000000000002
    endloop
  endfacet
  facet normal 0 0 -1
    outer loop
      vertex 14.15779740156158 10.28624191511828 -0.4500000000000002
      vertex 14.375489224502463 15.308341175849643 -0.4500000000000002
      vertex 14.775738696285265 9.376968912132442 -0.4500000000000002
    endloop
  endfacet
  facet normal 0 0 -1
    outer loop
      vertex 16.950205319751042 4.352073025384959 -0.4500000000000002
      vertex 16.989356881873896 12.343490298141935 -0.4500000000000002
      vertex 17.19002688775205 3.279173005250181 -0.4500000000000002
    endloop
  endfacet
  facet normal 0 0 -1
    outer loop
      vertex 16.950205319751042 4.352073025384959 -0.4500000000000002
      vertex 16.643489035165185 5.407797401561579 -0.4500000000000002
      vertex 16.989356881873896 12.343490298141935 -0.4500000000000002
    endloop
  endfacet
  facet normal 0 0 -1
    outer loop
      vertex 16.2710885030444 6.442179671981864 -0.4500000000000002
      vertex 16.180778098291572 13.385903784722485 -0.4500000000000002
      vertex 16.643489035165185 5.407797401561579 -0.4500000000000002
    endloop
  endfacet
  facet normal 0 0 -1
    outer loop
      vertex 16.2710885030444 6.442179671981864 -0.4500000000000002
      vertex 15.834473418155342 7.451137602388772 -0.4500000000000002
      vertex 16.180778098291572 13.385903784722485 -0.4500000000000002
    endloop
  endfacet
  facet normal 0 0 -1
    outer loop
      vertex 17.362007273003364 2.1933315873753245 -0.4500000000000002
      vertex 16.989356881873896 12.343490298141935 -0.4500000000000002
      vertex 17.730886435542317 11.25236269455893 -0.4500000000000002
    endloop
  endfacet
  facet normal 0 0 -1
    outer loop
      vertex 16.643489035165185 5.407797401561579 -0.4500000000000002
      vertex 16.180778098291572 13.385903784722485 -0.4500000000000002
      vertex 16.989356881873896 12.343490298141935 -0.4500000000000002
    endloop
  endfacet
  facet normal 0 0 -1
    outer loop
      vertex 15.834473418155342 7.451137602388772 -0.4500000000000002
      vertex 15.308341175849643 14.375489224502463 -0.4500000000000002
      vertex 16.180778098291572 13.385903784722485 -0.4500000000000002
    endloop
  endfacet
  facet normal -0.9995065603657315 -0.031410759078127494 0
    outer loop
      vertex 21 0 -0.4500000000000002
      vertex 20.958561296993704 1.318600910115581 -0.4500000000000002
      vertex 20.958561296993704 1.318600910115581 -10
    endloop
  endfacet
  facet normal -0.9955619646030799 -0.09410831331851427 0
    outer loop
      vertex 20.958561296993704 1.318600910115581 -0.4500000000000002
      vertex 20.834408727604036 2.6319979048503894 -0.4500000000000002
      vertex 20.834408727604036 2.6319979048503894 -10
    endloop
  endfacet
  facet normal -0.9602936856769427 -0.2789911060392301 0
    outer loop
      vertex 20.340246383701253 5.22248763046195 -0.4500000000000002
      vertex 19.972186842198223 6.489356881873896 -0.4500000000000002
      vertex 19.972186842198223 6.489356881873896 -10
    endloop
  endfacet
  facet normal -0.9876883405951375 -0.15643446504023195 0
    outer loop
      vertex 20.834408727604036 2.6319979048503894 -0.4500000000000002
      vertex 20.628032265302462 3.9350076063002173 -0.4500000000000002
      vertex 20.628032265302462 3.9350076063002173 -10
    endloop
  endfacet
  facet normal -0.9759167619387473 -0.218143241396543 0
    outer loop
      vertex 20.628032265302462 3.9350076063002173 -0.4500000000000002
      vertex 20.340246383701253 5.22248763046195 -0.4500000000000002
      vertex 20.340246383701253 5.22248763046195 -10
    endloop
  endfacet
  facet normal 0 0 -1
    outer loop
      vertex 19.525306203653276 -7.730615606378246 -0.4500000000000002
      vertex 19.00136810178641 8.941365122866525 -0.4500000000000002
      vertex 19.52530620365328 7.730615606378238 -0.4500000000000002
    endloop
  endfacet
  facet normal 0 0 -1
    outer loop
      vertex 20.340246383701256 -5.222487630461943 -0.4500000000000002
      vertex 19.972186842198223 6.489356881873896 -0.4500000000000002
      vertex 20.340246383701253 5.22248763046195 -0.4500000000000002
    endloop
  endfacet
  facet normal 0 0 -1
    outer loop
      vertex 19.972186842198223 -6.489356881873896 -0.4500000000000002
      vertex 19.52530620365328 7.730615606378238 -0.4500000000000002
      vertex 19.972186842198223 6.489356881873896 -0.4500000000000002
    endloop
  endfacet
  facet normal 0 0 -1
    outer loop
      vertex 20.958561296993704 -1.318600910115589 -0.4500000000000002
      vertex 20.834408727604036 2.6319979048503894 -0.4500000000000002
      vertex 20.958561296993704 1.318600910115581 -0.4500000000000002
    endloop
  endfacet
  facet normal 0 0 -1
    outer loop
      vertex 20.834408727604036 -2.6319979048503854 -0.4500000000000002
      vertex 20.628032265302462 3.9350076063002173 -0.4500000000000002
      vertex 20.834408727604036 2.6319979048503894 -0.4500000000000002
    endloop
  endfacet
  facet normal 0 0 -1
    outer loop
      vertex 20.628032265302462 -3.9350076063002213 -0.4500000000000002
      vertex 20.340246383701253 5.22248763046195 -0.4500000000000002
      vertex 20.628032265302462 3.9350076063002173 -0.4500000000000002
    endloop
  endfacet
  facet normal 0 0 -1
    outer loop
      vertex 19.00136810178641 -8.941365122866522 -0.4500000000000002
      vertex 18.402440280921134 10.116827156136022 -0.4500000000000002
      vertex 19.00136810178641 8.941365122866525 -0.4500000000000002
    endloop
  endfacet
  facet normal -0.9408807689542261 -0.33873792024528976 0
    outer loop
      vertex 19.52530620365328 7.730615606378238 -0.4500000000000002
      vertex 19.52530620365328 7.730615606378238 -10
      vertex 19.972186842198223 6.489356881873896 -0.4500000000000002
    endloop
  endfacet
  facet normal -0.9177546256839815 -0.39714789063478 0
    outer loop
      vertex 19.52530620365328 7.730615606378238 -0.4500000000000002
      vertex 19.00136810178641 8.941365122866525 -0.4500000000000002
      vertex 19.00136810178641 8.941365122866525 -10
    endloop
  endfacet
  facet normal -0.661311865323651 -0.7501110696304601 0
    outer loop
      vertex 14.375489224502463 15.308341175849643 -0.4500000000000002
      vertex 13.385903784722485 16.180778098291572 -10
      vertex 14.375489224502463 15.308341175849643 -10
    endloop
  endfacet
  facet normal -0.7071067811865476 -0.7071067811865476 0
    outer loop
      vertex 15.308341175849643 14.375489224502463 -0.4500000000000002
      vertex 14.375489224502463 15.308341175849643 -10
      vertex 15.308341175849643 14.375489224502463 -10
    endloop
  endfacet
  facet normal -0.6129070536529764 -0.7901550123756904 0
    outer loop
      vertex 13.385903784722485 16.180778098291572 -0.4500000000000002
      vertex 12.343490298141935 16.989356881873896 -10
      vertex 13.385903784722485 16.180778098291572 -10
    endloop
  endfacet
  facet normal -0.7501110696304601 -0.661311865323651 0
    outer loop
      vertex 16.180778098291572 13.385903784722485 -0.4500000000000002
      vertex 15.308341175849643 14.375489224502463 -10
      vertex 16.180778098291572 13.385903784722485 -10
    endloop
  endfacet
  facet normal -0.7901550123756904 -0.6129070536529764 0
    outer loop
      vertex 16.989356881873896 12.343490298141935 -0.4500000000000002
      vertex 16.180778098291572 13.385903784722485 -10
      vertex 16.989356881873896 12.343490298141935 -10
    endloop
  endfacet
  facet normal -0.7501110696304601 -0.661311865323651 0
    outer loop
      vertex 15.308341175849643 14.375489224502463 -0.4500000000000002
      vertex 15.308341175849643 14.375489224502463 -10
      vertex 16.180778098291572 13.385903784722485 -0.4500000000000002
    endloop
  endfacet
  facet normal -0.7071067811865476 -0.7071067811865476 0
    outer loop
      vertex 14.375489224502463 15.308341175849643 -0.4500000000000002
      vertex 14.375489224502463 15.308341175849643 -10
      vertex 15.308341175849643 14.375489224502463 -0.4500000000000002
    endloop
  endfacet
  facet normal -0.6129070536529764 -0.7901550123756904 0
    outer loop
      vertex 12.343490298141935 16.989356881873896 -0.4500000000000002
      vertex 12.343490298141935 16.989356881873896 -10
      vertex 13.385903784722485 16.180778098291572 -0.4500000000000002
    endloop
  endfacet
  facet normal -0.661311865323651 -0.7501110696304601 0
    outer loop
      vertex 14.375489224502463 15.308341175849643 -0.4500000000000002
      vertex 13.385903784722485 16.180778098291572 -0.4500000000000002
      vertex 13.385903784722485 16.180778098291572 -10
    endloop
  endfacet
  facet normal -0.7901550123756904 -0.6129070536529764 0
    outer loop
      vertex 16.989356881873896 12.343490298141935 -0.4500000000000002
      vertex 16.180778098291572 13.385903784722485 -0.4500000000000002
      vertex 16.180778098291572 13.385903784722485 -10
    endloop
  endfacet
  facet normal 0 0 -1
    outer loop
      vertex 12.756950979874702 11.979574353752053 -0.4500000000000002
      vertex 13.385903784722485 16.180778098291572 -0.4500000000000002
      vertex 13.48398174857631 11.154919820602071 -0.4500000000000002
    endloop
  endfacet
  facet normal 0 0 -1
    outer loop
      vertex 14.15779740156158 10.28624191511828 -0.4500000000000002
      vertex 13.48398174857631 11.154919820602071 -0.4500000000000002
      vertex 13.385903784722485 16.180778098291572 -0.4500000000000002
    endloop
  endfacet
  facet normal 0 0 -1
    outer loop
      vertex 14.15779740156158 10.28624191511828 -0.4500000000000002
      vertex 13.385903784722485 16.180778098291572 -0.4500000000000002
      vertex 14.375489224502463 15.308341175849643 -0.4500000000000002
    endloop
  endfacet
  facet normal 0 0 -1
    outer loop
      vertex 12.756950979874702 11.979574353752053 -0.4500000000000002
      vertex 12.343490298141935 16.989356881873896 -0.4500000000000002
      vertex 13.385903784722485 16.180778098291572 -0.4500000000000002
    endloop
  endfacet
  facet normal 0 0 -1
    outer loop
      vertex 14.775738696285265 9.376968912132442 -0.4500000000000002
      vertex 14.375489224502463 15.308341175849643 -0.4500000000000002
      vertex 15.308341175849643 14.375489224502463 -0.4500000000000002
    endloop
  endfacet
endsolid OpenSCAD_Model
